layer,group,row,column,source_value,artist_x,artist_y,source_red,source_green,source_blue,artist_red,artist_green,artist_blue,svg_id,artist_value,source_p_adjusted,class,point_area_pt2
matrix,Fetal,Capsular,CXCL1,0.2044176134128155,0.0,0.0,0.252194,0.269783,0.531579,0.252194,0.269783,0.531579,easyviz-matrix-cell-f1795a6c1dd5375f,,,,
matrix,Fetal,Capsular,IL1RAP,0.1494794776329208,1.0,0.0,0.273006,0.20452,0.501721,0.273006,0.20452,0.501721,easyviz-matrix-cell-f505d97c8e98224a,,,,
matrix,Fetal,Capsular,CXCL6,0.2511681338819224,2.0,0.0,0.229739,0.322361,0.545706,0.229739,0.322361,0.545706,easyviz-matrix-cell-f12d9a2be3171af7,,,,
matrix,Fetal,Capsular,IL1B,0.316794063268975,3.0,0.0,0.197636,0.391528,0.554969,0.197636,0.391528,0.554969,easyviz-matrix-cell-747cbc228c33ed08,,,,
matrix,Fetal,Capsular,TNFSF12,0.4199271236267832,4.0,0.0,0.15627,0.489624,0.557936,0.15627,0.489624,0.557936,easyviz-matrix-cell-d5068ca1e875ca44,,,,
matrix,Fetal,Capsular,IL1RN,0.1052161120525008,5.0,0.0,0.28229,0.145912,0.46151,0.28229,0.145912,0.46151,easyviz-matrix-cell-003b6af5208902b9,,,,
matrix,Fetal,Capsular,TNFSF9,0.1581949878181542,6.0,0.0,0.270595,0.214069,0.507052,0.270595,0.214069,0.507052,easyviz-matrix-cell-af22c370ac03c75b,,,,
matrix,Fetal,Capsular,TNFSF11,0.1734465828975481,7.0,0.0,0.265145,0.232956,0.516599,0.265145,0.232956,0.516599,easyviz-matrix-cell-166245ad5039f204,,,,
matrix,Fetal,Capsular,CXCL10,0.1000375540173221,8.0,0.0,0.282623,0.140926,0.457517,0.282623,0.140926,0.457517,easyviz-matrix-cell-0191e7b3b734ef98,,,,
matrix,Fetal,Capsular,IL7R,0.07843474396289933,9.0,0.0,0.283197,0.11568,0.436115,0.283197,0.11568,0.436115,easyviz-matrix-cell-dfa3231c8abad669,,,,
matrix,Fetal,Capsular,CD70,0.2726701609962076,10.0,0.0,0.220057,0.343307,0.549413,0.220057,0.343307,0.549413,easyviz-matrix-cell-5fcbe2877faba2f2,,,,
matrix,Fetal,Capsular,FLT3LG,0.03420380908767089,11.0,0.0,0.277018,0.050344,0.375715,0.277018,0.050344,0.375715,easyviz-matrix-cell-b1092d56d0279f59,,,,
matrix,Fetal,Capsular,IL23A,0.09748815501511793,12.0,0.0,0.282884,0.13592,0.453427,0.282884,0.13592,0.453427,easyviz-matrix-cell-9525ca96f0bb962c,,,,
matrix,Fetal,Capsular,CCL20,0.08047196084967397,13.0,0.0,0.283197,0.11568,0.436115,0.283197,0.11568,0.436115,easyviz-matrix-cell-e92d19949ac4fb41,,,,
matrix,Fetal,Capsular,CCL1,0.1452207063390922,14.0,0.0,0.274128,0.199721,0.498911,0.274128,0.199721,0.498911,easyviz-matrix-cell-3f7a6b84cbe9bf53,,,,
matrix,Fetal,Capsular,IL6ST,0.4301353114924757,15.0,0.0,0.151918,0.500685,0.557587,0.151918,0.500685,0.557587,easyviz-matrix-cell-5c607bfe4ce0805a,,,,
matrix,Fetal,Capsular,EBI3,0.1120737595197723,16.0,0.0,0.281412,0.155834,0.469201,0.281412,0.155834,0.469201,easyviz-matrix-cell-8429ab3d665a5fa0,,,,
matrix,Fetal,Capsular,CXCL11,0.1910063246091365,17.0,0.0,0.258965,0.251537,0.524736,0.258965,0.251537,0.524736,easyviz-matrix-cell-013f844f07db0516,,,,
matrix,Fetal,Capsular,CCL21,0.2071632414326352,18.0,0.0,0.250425,0.27429,0.533103,0.250425,0.27429,0.533103,easyviz-matrix-cell-7426d6aa8bc1d05f,,,,
matrix,Fetal,Capsular,IL15,0.1011665900728391,19.0,0.0,0.282623,0.140926,0.457517,0.282623,0.140926,0.457517,easyviz-matrix-cell-af1c5b6fe9d63c60,,,,
matrix,Fetal,Capsular,TNF,0.216979971831169,20.0,0.0,0.246811,0.283237,0.535941,0.246811,0.283237,0.535941,easyviz-matrix-cell-a148d01c2a9561d1,,,,
matrix,Fetal,Capsular,CXCL16,0.3705235424589157,21.0,0.0,0.175841,0.44129,0.557685,0.175841,0.44129,0.557685,easyviz-matrix-cell-40530286d12bc003,,,,
matrix,Fetal,Capsular,LTA,0.07120821405857719,22.0,0.0,0.28291,0.105393,0.426902,0.28291,0.105393,0.426902,easyviz-matrix-cell-10929307425d6bcc,,,,
matrix,Fetal,Capsular,TNFSF13B,0.2191758066189353,23.0,0.0,0.244972,0.287675,0.53726,0.244972,0.287675,0.53726,easyviz-matrix-cell-d1e547d17912834c,,,,
matrix,Fetal,Capsular,CCL19,0.1827295928585719,24.0,0.0,0.262138,0.242286,0.520837,0.262138,0.242286,0.520837,easyviz-matrix-cell-5675650c2b22a4b0,,,,
matrix,Fetal,Capsular,IL4R,0.251950735462882,25.0,0.0,0.229739,0.322361,0.545706,0.229739,0.322361,0.545706,easyviz-matrix-cell-70fcddaa6453fea6,,,,
matrix,Fetal,Capsular,CD40LG,0.07536796810792389,26.0,0.0,0.283091,0.110553,0.431554,0.283091,0.110553,0.431554,easyviz-matrix-cell-19657169b3ac7769,,,,
matrix,Fetal,Capsular,CXCL9,0.1102273580080672,27.0,0.0,0.281412,0.155834,0.469201,0.281412,0.155834,0.469201,easyviz-matrix-cell-5cb34f2a0f4f2c80,,,,
matrix,Fetal,Capsular,CCL22,0.1255442568576213,28.0,0.0,0.278826,0.17549,0.483397,0.278826,0.17549,0.483397,easyviz-matrix-cell-c2ca883db46f47a9,,,,
matrix,Fetal,Capsular,CCL13,0.6619764099193832,29.0,0.0,0.202219,0.715272,0.476084,0.202219,0.715272,0.476084,easyviz-matrix-cell-e72627768ade0a57,,,,
matrix,Fetal,Capsular,CCL3,0.4204155046440732,30.0,0.0,0.15627,0.489624,0.557936,0.15627,0.489624,0.557936,easyviz-matrix-cell-9e2d9d5622a068f1,,,,
matrix,Fetal,Capsular,CCL28,0.6348458908262602,31.0,0.0,0.166383,0.690856,0.496502,0.166383,0.690856,0.496502,easyviz-matrix-cell-d39962f8f3639f25,,,,
matrix,Fetal,Capsular,CX3CL1,0.760783382078227,32.0,0.0,0.386433,0.794644,0.372886,0.386433,0.794644,0.372886,easyviz-matrix-cell-f8f424f382b347ed,,,,
matrix,Fetal,Capsular,CSF1,0.918288310014705,33.0,0.0,0.79376,0.880678,0.120005,0.79376,0.880678,0.120005,easyviz-matrix-cell-6c3d9356ae751007,,,,
matrix,Fetal,Capsular,CCL4,0.3886177123861881,34.0,0.0,0.168126,0.459988,0.558082,0.168126,0.459988,0.558082,easyviz-matrix-cell-5276099988ca1216,,,,
matrix,Fetal,Capsular,CXCL13,0.001563506945784219,35.0,0.0,0.267004,0.004874,0.329415,0.267004,0.004874,0.329415,easyviz-matrix-cell-01f1946d2e8ebb57,,,,
matrix,Fetal,Capsular,IL12B,0.03435159442482567,36.0,0.0,0.277018,0.050344,0.375715,0.277018,0.050344,0.375715,easyviz-matrix-cell-75886f667d2baf9a,,,,
matrix,Fetal,Capsular,CXCL14,0.3218359924007306,37.0,0.0,0.19586,0.395433,0.555276,0.19586,0.395433,0.555276,easyviz-matrix-cell-37f8ff697cbe89c7,,,,
matrix,Fetal,Capsular,TNFSF13,0.2596077237174687,38.0,0.0,0.225863,0.330805,0.547314,0.225863,0.330805,0.547314,easyviz-matrix-cell-10ee86ba268f6019,,,,
matrix,Fetal,Capsular,IL6R,0.4483740534982769,39.0,0.0,0.14618,0.515413,0.556823,0.14618,0.515413,0.556823,easyviz-matrix-cell-6001437b7c2e7756,,,,
matrix,Fetal,Capsular,XCL1,0.1447840060597154,40.0,0.0,0.274128,0.199721,0.498911,0.274128,0.199721,0.498911,easyviz-matrix-cell-94b37a6d7b59379f,,,,
matrix,Fetal,Capsular,IL18,0.04829676879477189,41.0,0.0,0.280267,0.073417,0.397163,0.280267,0.073417,0.397163,easyviz-matrix-cell-05a678343bf75776,,,,
matrix,Fetal,Capsular,XCL2,0.1385116438975086,42.0,0.0,0.276194,0.190074,0.493001,0.276194,0.190074,0.493001,easyviz-matrix-cell-1753bdca21ac8f6d,,,,
matrix,Fetal,Capsular,TNFSF14,0.2083084392337108,43.0,0.0,0.250425,0.27429,0.533103,0.250425,0.27429,0.533103,easyviz-matrix-cell-8b76970f7918715c,,,,
matrix,Fetal,Capsular,CCL17,0.1073324866097594,44.0,0.0,0.281887,0.150881,0.465405,0.281887,0.150881,0.465405,easyviz-matrix-cell-4472092e271314d3,,,,
matrix,Fetal,Capsular,CCL5,0.2303679752011429,45.0,0.0,0.241237,0.296485,0.539709,0.241237,0.296485,0.539709,easyviz-matrix-cell-ba6815e02c0ec5b3,,,,
matrix,Fetal,Capsular,CCL18,0.06979568181762562,46.0,0.0,0.282656,0.100196,0.42216,0.282656,0.100196,0.42216,easyviz-matrix-cell-777369c58f64eb63,,,,
matrix,Fetal,Capsular,TNFSF10,0.2213086475627118,47.0,0.0,0.244972,0.287675,0.53726,0.244972,0.287675,0.53726,easyviz-matrix-cell-3edcfaa20774561e,,,,
matrix,Fetal,Capsular,IL15RA,0.4409104842970353,48.0,0.0,0.149039,0.508051,0.55725,0.149039,0.508051,0.55725,easyviz-matrix-cell-3dfeb57339c67a07,,,,
matrix,Fetal,Capsular,IL17RE,0.3746818777109736,49.0,0.0,0.174274,0.445044,0.557792,0.174274,0.445044,0.557792,easyviz-matrix-cell-e64ce9834e1e9d50,,,,
matrix,Fetal,Capsular,CXCL8,0.6086309240821851,50.0,0.0,0.14021,0.665859,0.513427,0.14021,0.665859,0.513427,easyviz-matrix-cell-093822f517637816,,,,
matrix,Fetal,Capsular,CXCL3,0.5219873406899355,51.0,0.0,0.122606,0.585371,0.546557,0.122606,0.585371,0.546557,easyviz-matrix-cell-4250393ec460a3b3,,,,
matrix,Fetal,Capsular,BMP8A,0.784451487224053,52.0,0.0,0.440137,0.811138,0.340967,0.440137,0.811138,0.340967,easyviz-matrix-cell-c599d254d3c16833,,,,
matrix,Fetal,Capsular,CXCL12,0.9021437619414748,53.0,0.0,0.741388,0.873449,0.149561,0.741388,0.873449,0.149561,easyviz-matrix-cell-3cc1e220c2a493ae,,,,
matrix,Fetal,Capsular,CCL25,0.797309653056966,54.0,0.0,0.477504,0.821444,0.318195,0.477504,0.821444,0.318195,easyviz-matrix-cell-99925c246bac8802,,,,
matrix,Fetal,Capsular,IL34,0.8735937865551898,55.0,0.0,0.668054,0.861999,0.196293,0.668054,0.861999,0.196293,easyviz-matrix-cell-8146d846c37521ff,,,,
matrix,Fetal,Capsular,IL33,1.0,56.0,0.0,0.993248,0.906157,0.143936,0.993248,0.906157,0.143936,easyviz-matrix-cell-b7f151f1809185c3,,,,
matrix,Fetal,Capsular,CCL2,1.0,57.0,0.0,0.993248,0.906157,0.143936,0.993248,0.906157,0.143936,easyviz-matrix-cell-1296d8fd9e39eed9,,,,
matrix,Fetal,Capsular,IL1R1,1.0,58.0,0.0,0.993248,0.906157,0.143936,0.993248,0.906157,0.143936,easyviz-matrix-cell-a69362eaefdc8962,,,,
matrix,Fetal,Capsular,BMP7,1.0,59.0,0.0,0.993248,0.906157,0.143936,0.993248,0.906157,0.143936,easyviz-matrix-cell-aa21d927098240a2,,,,
matrix,Fetal,Capsular,SPP1,1.0,60.0,0.0,0.993248,0.906157,0.143936,0.993248,0.906157,0.143936,easyviz-matrix-cell-fbf7c64b6ad9594f,,,,
matrix,Fetal,Capsular,CCL14,1.0,61.0,0.0,0.993248,0.906157,0.143936,0.993248,0.906157,0.143936,easyviz-matrix-cell-01faa634c9500c43,,,,
matrix,Fetal,Capsular,GDF11,0.2177401757073751,62.0,0.0,0.246811,0.283237,0.535941,0.246811,0.283237,0.535941,easyviz-matrix-cell-b3d06bebd53093b3,,,,
matrix,Fetal,Capsular,IL1R2,1.0,63.0,0.0,0.993248,0.906157,0.143936,0.993248,0.906157,0.143936,easyviz-matrix-cell-264eecdeb3e53a74,,,,
matrix,Fetal,Capsular,TGFB3,1.0,64.0,0.0,0.993248,0.906157,0.143936,0.993248,0.906157,0.143936,easyviz-matrix-cell-cfea7041f2b3a5e6,,,,
matrix,Fetal,Sub-Capsular,CXCL1,0.1124051422446728,0.0,1.0,0.281412,0.155834,0.469201,0.281412,0.155834,0.469201,easyviz-matrix-cell-8a010ebe528e5f8b,,,,
matrix,Fetal,Sub-Capsular,IL1RAP,0.7569729921692486,1.0,1.0,0.377779,0.791781,0.377939,0.377779,0.791781,0.377939,easyviz-matrix-cell-cacdcd47f8fd6f64,,,,
matrix,Fetal,Sub-Capsular,CXCL6,0.510710086689301,2.0,1.0,0.125394,0.574318,0.549086,0.125394,0.574318,0.549086,easyviz-matrix-cell-9c2fd31a4cb02a42,,,,
matrix,Fetal,Sub-Capsular,IL1B,0.400434126311485,3.0,1.0,0.163625,0.471133,0.558148,0.163625,0.471133,0.558148,easyviz-matrix-cell-7c92af0fb3b93f74,,,,
matrix,Fetal,Sub-Capsular,TNFSF12,0.0850573864260497,4.0,1.0,0.283229,0.120777,0.440584,0.283229,0.120777,0.440584,easyviz-matrix-cell-dedf8e6fb624b8d0,,,,
matrix,Fetal,Sub-Capsular,IL1RN,0.05916863165208606,5.0,1.0,0.281924,0.089666,0.412415,0.281924,0.089666,0.412415,easyviz-matrix-cell-63e7259e3fac847f,,,,
matrix,Fetal,Sub-Capsular,TNFSF9,0.06895370647951905,6.0,1.0,0.282656,0.100196,0.42216,0.282656,0.100196,0.42216,easyviz-matrix-cell-fefde3bdc79af9c2,,,,
matrix,Fetal,Sub-Capsular,TNFSF11,0.2447747673628602,7.0,1.0,0.233603,0.313828,0.543914,0.233603,0.313828,0.543914,easyviz-matrix-cell-9fb23bdb209cb7b4,,,,
matrix,Fetal,Sub-Capsular,CXCL10,0.0,8.0,1.0,0.267004,0.004874,0.329415,0.267004,0.004874,0.329415,easyviz-matrix-cell-40d836de508dbc78,,,,
matrix,Fetal,Sub-Capsular,IL7R,0.0,9.0,1.0,0.267004,0.004874,0.329415,0.267004,0.004874,0.329415,easyviz-matrix-cell-8fea88c6df6de6e6,,,,
matrix,Fetal,Sub-Capsular,CD70,0.1344450108294796,10.0,1.0,0.277134,0.185228,0.489898,0.277134,0.185228,0.489898,easyviz-matrix-cell-de79c57268631be7,,,,
matrix,Fetal,Sub-Capsular,FLT3LG,0.006884644837842159,11.0,1.0,0.26851,0.009605,0.335427,0.26851,0.009605,0.335427,easyviz-matrix-cell-66c0d9f21ce75821,,,,
matrix,Fetal,Sub-Capsular,IL23A,0.003516066654675541,12.0,1.0,0.267004,0.004874,0.329415,0.267004,0.004874,0.329415,easyviz-matrix-cell-0dfb8009f54a872b,,,,
matrix,Fetal,Sub-Capsular,CCL20,0.0,13.0,1.0,0.267004,0.004874,0.329415,0.267004,0.004874,0.329415,easyviz-matrix-cell-e5ff941fd5402edc,,,,
matrix,Fetal,Sub-Capsular,CCL1,0.1387668487928333,14.0,1.0,0.276194,0.190074,0.493001,0.276194,0.190074,0.493001,easyviz-matrix-cell-d148199ae698cff0,,,,
matrix,Fetal,Sub-Capsular,IL6ST,0.0,15.0,1.0,0.267004,0.004874,0.329415,0.267004,0.004874,0.329415,easyviz-matrix-cell-8f5b2766a8cf8e91,,,,
matrix,Fetal,Sub-Capsular,EBI3,0.0,16.0,1.0,0.267004,0.004874,0.329415,0.267004,0.004874,0.329415,easyviz-matrix-cell-28da9cf0dbd3ea87,,,,
matrix,Fetal,Sub-Capsular,CXCL11,0.0,17.0,1.0,0.267004,0.004874,0.329415,0.267004,0.004874,0.329415,easyviz-matrix-cell-f9e5cadd0bf3cda5,,,,
matrix,Fetal,Sub-Capsular,CCL21,0.01625563593783265,18.0,1.0,0.272594,0.025563,0.353093,0.272594,0.025563,0.353093,easyviz-matrix-cell-5a3941e2d262c4a9,,,,
matrix,Fetal,Sub-Capsular,IL15,0.0,19.0,1.0,0.267004,0.004874,0.329415,0.267004,0.004874,0.329415,easyviz-matrix-cell-616c8c9049ce7bea,,,,
matrix,Fetal,Sub-Capsular,TNF,0.0,20.0,1.0,0.267004,0.004874,0.329415,0.267004,0.004874,0.329415,easyviz-matrix-cell-846e8f098c31526f,,,,
matrix,Fetal,Sub-Capsular,CXCL16,0.0,21.0,1.0,0.267004,0.004874,0.329415,0.267004,0.004874,0.329415,easyviz-matrix-cell-3f16d4afcbe67ef3,,,,
matrix,Fetal,Sub-Capsular,LTA,0.0,22.0,1.0,0.267004,0.004874,0.329415,0.267004,0.004874,0.329415,easyviz-matrix-cell-39ee0c238d3ee880,,,,
matrix,Fetal,Sub-Capsular,TNFSF13B,0.0,23.0,1.0,0.267004,0.004874,0.329415,0.267004,0.004874,0.329415,easyviz-matrix-cell-7d8d1ef5a5eeff96,,,,
matrix,Fetal,Sub-Capsular,CCL19,0.0,24.0,1.0,0.267004,0.004874,0.329415,0.267004,0.004874,0.329415,easyviz-matrix-cell-e633a8661557453f,,,,
matrix,Fetal,Sub-Capsular,IL4R,0.0,25.0,1.0,0.267004,0.004874,0.329415,0.267004,0.004874,0.329415,easyviz-matrix-cell-98e4890b22599706,,,,
matrix,Fetal,Sub-Capsular,CD40LG,0.0,26.0,1.0,0.267004,0.004874,0.329415,0.267004,0.004874,0.329415,easyviz-matrix-cell-0f6b5dbe2aa0f65d,,,,
matrix,Fetal,Sub-Capsular,CXCL9,0.0,27.0,1.0,0.267004,0.004874,0.329415,0.267004,0.004874,0.329415,easyviz-matrix-cell-f5f67f02fb51dc26,,,,
matrix,Fetal,Sub-Capsular,CCL22,0.004516864998160816,28.0,1.0,0.26851,0.009605,0.335427,0.26851,0.009605,0.335427,easyviz-matrix-cell-b60483d35b365277,,,,
matrix,Fetal,Sub-Capsular,CCL13,0.0,29.0,1.0,0.267004,0.004874,0.329415,0.267004,0.004874,0.329415,easyviz-matrix-cell-32ff92ad0f813440,,,,
matrix,Fetal,Sub-Capsular,CCL3,0.1643204992165983,30.0,1.0,0.267968,0.223549,0.512008,0.267968,0.223549,0.512008,easyviz-matrix-cell-2d42f179ee57a892,,,,
matrix,Fetal,Sub-Capsular,CCL28,0.0,31.0,1.0,0.267004,0.004874,0.329415,0.267004,0.004874,0.329415,easyviz-matrix-cell-e4894d71d5d97066,,,,
matrix,Fetal,Sub-Capsular,CX3CL1,0.0,32.0,1.0,0.267004,0.004874,0.329415,0.267004,0.004874,0.329415,easyviz-matrix-cell-cd11cef196f4a968,,,,
matrix,Fetal,Sub-Capsular,CSF1,0.4767781747812648,33.0,1.0,0.135066,0.544853,0.554029,0.135066,0.544853,0.554029,easyviz-matrix-cell-124b8f34998b9ada,,,,
matrix,Fetal,Sub-Capsular,CCL4,0.3353098147640445,34.0,1.0,0.190631,0.407061,0.556089,0.190631,0.407061,0.556089,easyviz-matrix-cell-0026c1787e7b5814,,,,
matrix,Fetal,Sub-Capsular,CXCL13,0.3237680563293882,35.0,1.0,0.19586,0.395433,0.555276,0.19586,0.395433,0.555276,easyviz-matrix-cell-3486b6fb53268328,,,,
matrix,Fetal,Sub-Capsular,IL12B,0.1213718608444765,36.0,1.0,0.279574,0.170599,0.479997,0.279574,0.170599,0.479997,easyviz-matrix-cell-c499d9eb29c04bcd,,,,
matrix,Fetal,Sub-Capsular,CXCL14,0.09011900717524864,37.0,1.0,0.283072,0.130895,0.449241,0.283072,0.130895,0.449241,easyviz-matrix-cell-afe4b337b0d418fe,,,,
matrix,Fetal,Sub-Capsular,TNFSF13,0.2651821719172881,38.0,1.0,0.223925,0.334994,0.548053,0.223925,0.334994,0.548053,easyviz-matrix-cell-0649bc9d1d007459,,,,
matrix,Fetal,Sub-Capsular,IL6R,0.0,39.0,1.0,0.267004,0.004874,0.329415,0.267004,0.004874,0.329415,easyviz-matrix-cell-b3f0db9675c8df29,,,,
matrix,Fetal,Sub-Capsular,XCL1,0.0,40.0,1.0,0.267004,0.004874,0.329415,0.267004,0.004874,0.329415,easyviz-matrix-cell-4c087719dd5e4a64,,,,
matrix,Fetal,Sub-Capsular,IL18,0.0,41.0,1.0,0.267004,0.004874,0.329415,0.267004,0.004874,0.329415,easyviz-matrix-cell-c76b4fd8f546047f,,,,
matrix,Fetal,Sub-Capsular,XCL2,0.01198443079608557,42.0,1.0,0.271305,0.019942,0.347269,0.271305,0.019942,0.347269,easyviz-matrix-cell-b26564ccc7e907d7,,,,
matrix,Fetal,Sub-Capsular,TNFSF14,0.0,43.0,1.0,0.267004,0.004874,0.329415,0.267004,0.004874,0.329415,easyviz-matrix-cell-439f60f10f20d36a,,,,
matrix,Fetal,Sub-Capsular,CCL17,0.0,44.0,1.0,0.267004,0.004874,0.329415,0.267004,0.004874,0.329415,easyviz-matrix-cell-68285b12cf0b3717,,,,
matrix,Fetal,Sub-Capsular,CCL5,0.0,45.0,1.0,0.267004,0.004874,0.329415,0.267004,0.004874,0.329415,easyviz-matrix-cell-d6498d5b78edc10b,,,,
matrix,Fetal,Sub-Capsular,CCL18,0.0,46.0,1.0,0.267004,0.004874,0.329415,0.267004,0.004874,0.329415,easyviz-matrix-cell-2f8de5a1a0b8dc38,,,,
matrix,Fetal,Sub-Capsular,TNFSF10,0.0,47.0,1.0,0.267004,0.004874,0.329415,0.267004,0.004874,0.329415,easyviz-matrix-cell-d38b0a288cfeeeb0,,,,
matrix,Fetal,Sub-Capsular,IL15RA,0.0,48.0,1.0,0.267004,0.004874,0.329415,0.267004,0.004874,0.329415,easyviz-matrix-cell-f26fe4fed6574405,,,,
matrix,Fetal,Sub-Capsular,IL17RE,1.0,49.0,1.0,0.993248,0.906157,0.143936,0.993248,0.906157,0.143936,easyviz-matrix-cell-e9331203421c4a24,,,,
matrix,Fetal,Sub-Capsular,CXCL8,0.8298870016062649,50.0,1.0,0.555484,0.840254,0.269281,0.555484,0.840254,0.269281,easyviz-matrix-cell-6d4f07d5ab400ff0,,,,
matrix,Fetal,Sub-Capsular,CXCL3,1.0,51.0,1.0,0.993248,0.906157,0.143936,0.993248,0.906157,0.143936,easyviz-matrix-cell-f2989e021f97d3fe,,,,
matrix,Fetal,Sub-Capsular,BMP8A,0.7189995450449422,52.0,1.0,0.304148,0.764704,0.419943,0.304148,0.764704,0.419943,easyviz-matrix-cell-20bb746219839e02,,,,
matrix,Fetal,Sub-Capsular,CXCL12,1.0,53.0,1.0,0.993248,0.906157,0.143936,0.993248,0.906157,0.143936,easyviz-matrix-cell-a588d3e5af983e6f,,,,
matrix,Fetal,Sub-Capsular,CCL25,1.0,54.0,1.0,0.993248,0.906157,0.143936,0.993248,0.906157,0.143936,easyviz-matrix-cell-016490a0db3b86f5,,,,
matrix,Fetal,Sub-Capsular,IL34,1.0,55.0,1.0,0.993248,0.906157,0.143936,0.993248,0.906157,0.143936,easyviz-matrix-cell-02de07d7cd03ced3,,,,
matrix,Fetal,Sub-Capsular,IL33,0.7725624370247726,56.0,1.0,0.412913,0.803041,0.357269,0.412913,0.803041,0.357269,easyviz-matrix-cell-fadb76b4e5e7f053,,,,
matrix,Fetal,Sub-Capsular,CCL2,0.5286974877246445,57.0,1.0,0.121148,0.592739,0.544641,0.121148,0.592739,0.544641,easyviz-matrix-cell-1173e76d6d105659,,,,
matrix,Fetal,Sub-Capsular,IL1R1,0.0911266801465116,58.0,1.0,0.283072,0.130895,0.449241,0.283072,0.130895,0.449241,easyviz-matrix-cell-df709d6b8ff25f8c,,,,
matrix,Fetal,Sub-Capsular,BMP7,0.6201684678661804,59.0,1.0,0.150148,0.676631,0.506589,0.150148,0.676631,0.506589,easyviz-matrix-cell-8b19e01fb3958406,,,,
matrix,Fetal,Sub-Capsular,SPP1,0.5442556076608716,60.0,1.0,0.119512,0.607464,0.540218,0.119512,0.607464,0.540218,easyviz-matrix-cell-eb3b8b3d9ba755b8,,,,
matrix,Fetal,Sub-Capsular,CCL14,0.4062020619395293,61.0,1.0,0.162142,0.474838,0.55814,0.162142,0.474838,0.55814,easyviz-matrix-cell-36f26bef0bb1f697,,,,
matrix,Fetal,Sub-Capsular,GDF11,0.3822735951825834,62.0,1.0,0.171176,0.45253,0.557965,0.171176,0.45253,0.557965,easyviz-matrix-cell-20652c1cdbd168a1,,,,
matrix,Fetal,Sub-Capsular,IL1R2,0.491467406773936,63.0,1.0,0.131172,0.555899,0.552459,0.131172,0.555899,0.552459,easyviz-matrix-cell-f6dbba78222bcb24,,,,
matrix,Fetal,Sub-Capsular,TGFB3,0.6264159998270588,64.0,1.0,0.157851,0.683765,0.501686,0.157851,0.683765,0.501686,easyviz-matrix-cell-1c90cc8025220d93,,,,
matrix,Fetal,Cortical level 1,CXCL1,0.158727115104435,0.0,2.0,0.270595,0.214069,0.507052,0.270595,0.214069,0.507052,easyviz-matrix-cell-2599786118548f14,,,,
matrix,Fetal,Cortical level 1,IL1RAP,0.0,1.0,2.0,0.267004,0.004874,0.329415,0.267004,0.004874,0.329415,easyviz-matrix-cell-be0a9c6ce098e337,,,,
matrix,Fetal,Cortical level 1,CXCL6,0.1179560100942439,2.0,2.0,0.280255,0.165693,0.476498,0.280255,0.165693,0.476498,easyviz-matrix-cell-300eedc96d7825f9,,,,
matrix,Fetal,Cortical level 1,IL1B,0.0,3.0,2.0,0.267004,0.004874,0.329415,0.267004,0.004874,0.329415,easyviz-matrix-cell-8c461fc444137dc7,,,,
matrix,Fetal,Cortical level 1,TNFSF12,0.0,4.0,2.0,0.267004,0.004874,0.329415,0.267004,0.004874,0.329415,easyviz-matrix-cell-5ce105b6b6be7532,,,,
matrix,Fetal,Cortical level 1,IL1RN,0.120151064043698,5.0,2.0,0.280255,0.165693,0.476498,0.280255,0.165693,0.476498,easyviz-matrix-cell-02f98849ebbceeea,,,,
matrix,Fetal,Cortical level 1,TNFSF9,0.0,6.0,2.0,0.267004,0.004874,0.329415,0.267004,0.004874,0.329415,easyviz-matrix-cell-cbb5516c405cf765,,,,
matrix,Fetal,Cortical level 1,TNFSF11,0.03250455754269797,7.0,2.0,0.277018,0.050344,0.375715,0.277018,0.050344,0.375715,easyviz-matrix-cell-f3fac95b237dbce9,,,,
matrix,Fetal,Cortical level 1,CXCL10,0.01575843533711718,8.0,2.0,0.272594,0.025563,0.353093,0.272594,0.025563,0.353093,easyviz-matrix-cell-15ce128db92ef2a4,,,,
matrix,Fetal,Cortical level 1,IL7R,0.1022682323526043,9.0,2.0,0.28229,0.145912,0.46151,0.28229,0.145912,0.46151,easyviz-matrix-cell-86cbd7ab5ce31e6c,,,,
matrix,Fetal,Cortical level 1,CD70,0.0,10.0,2.0,0.267004,0.004874,0.329415,0.267004,0.004874,0.329415,easyviz-matrix-cell-bd35a086dc96ef98,,,,
matrix,Fetal,Cortical level 1,FLT3LG,0.0,11.0,2.0,0.267004,0.004874,0.329415,0.267004,0.004874,0.329415,easyviz-matrix-cell-bdbf4f42e51ac760,,,,
matrix,Fetal,Cortical level 1,IL23A,0.0,12.0,2.0,0.267004,0.004874,0.329415,0.267004,0.004874,0.329415,easyviz-matrix-cell-c1262997d0694e46,,,,
matrix,Fetal,Cortical level 1,CCL20,0.06273000370186689,13.0,2.0,0.282327,0.094955,0.417331,0.282327,0.094955,0.417331,easyviz-matrix-cell-464f2c140442d3ff,,,,
matrix,Fetal,Cortical level 1,CCL1,0.07413792069662446,14.0,2.0,0.28291,0.105393,0.426902,0.28291,0.105393,0.426902,easyviz-matrix-cell-7644f2db61e78bb9,,,,
matrix,Fetal,Cortical level 1,IL6ST,0.177246007403278,15.0,2.0,0.263663,0.237631,0.518762,0.263663,0.237631,0.518762,easyviz-matrix-cell-af2a923bc2598de0,,,,
matrix,Fetal,Cortical level 1,EBI3,0.09017754068303756,16.0,2.0,0.283072,0.130895,0.449241,0.283072,0.130895,0.449241,easyviz-matrix-cell-db0acaedcc7f9b6d,,,,
matrix,Fetal,Cortical level 1,CXCL11,0.08919340566932094,17.0,2.0,0.283187,0.125848,0.44496,0.283187,0.125848,0.44496,easyviz-matrix-cell-b9d83e0b40bd4600,,,,
matrix,Fetal,Cortical level 1,CCL21,0.0,18.0,2.0,0.267004,0.004874,0.329415,0.267004,0.004874,0.329415,easyviz-matrix-cell-6b979236ed5c241d,,,,
matrix,Fetal,Cortical level 1,IL15,0.164221904343704,19.0,2.0,0.267968,0.223549,0.512008,0.267968,0.223549,0.512008,easyviz-matrix-cell-c75fda5ad57dfa13,,,,
matrix,Fetal,Cortical level 1,TNF,0.2755970837350067,20.0,2.0,0.21813,0.347432,0.550038,0.21813,0.347432,0.550038,easyviz-matrix-cell-909cd758f1913d59,,,,
matrix,Fetal,Cortical level 1,CXCL16,0.07858314386534562,21.0,2.0,0.283197,0.11568,0.436115,0.283197,0.11568,0.436115,easyviz-matrix-cell-5b698eed6d61ed85,,,,
matrix,Fetal,Cortical level 1,LTA,0.007502787833996171,22.0,2.0,0.26851,0.009605,0.335427,0.26851,0.009605,0.335427,easyviz-matrix-cell-3cb5098ff2ba84e2,,,,
matrix,Fetal,Cortical level 1,TNFSF13B,0.03518625426299989,23.0,2.0,0.277941,0.056324,0.381191,0.277941,0.056324,0.381191,easyviz-matrix-cell-95ab6363f350901c,,,,
matrix,Fetal,Cortical level 1,CCL19,0.0478372018139138,24.0,2.0,0.280267,0.073417,0.397163,0.280267,0.073417,0.397163,easyviz-matrix-cell-860696ac33539e61,,,,
matrix,Fetal,Cortical level 1,IL4R,0.08388700780841768,25.0,2.0,0.283229,0.120777,0.440584,0.283229,0.120777,0.440584,easyviz-matrix-cell-62394f799303ccd7,,,,
matrix,Fetal,Cortical level 1,CD40LG,0.03619195615526375,26.0,2.0,0.277941,0.056324,0.381191,0.277941,0.056324,0.381191,easyviz-matrix-cell-18bcbae623929234,,,,
matrix,Fetal,Cortical level 1,CXCL9,0.02801070918864105,27.0,2.0,0.276022,0.044167,0.370164,0.276022,0.044167,0.370164,easyviz-matrix-cell-bb4ad015f56464a6,,,,
matrix,Fetal,Cortical level 1,CCL22,0.06708506868243405,28.0,2.0,0.282656,0.100196,0.42216,0.282656,0.100196,0.42216,easyviz-matrix-cell-365e062595ab445a,,,,
matrix,Fetal,Cortical level 1,CCL13,0.2231215076111327,29.0,2.0,0.243113,0.292092,0.538516,0.243113,0.292092,0.538516,easyviz-matrix-cell-c362f2e3164186a8,,,,
matrix,Fetal,Cortical level 1,CCL3,0.6856979930064554,30.0,2.0,0.239374,0.735588,0.455688,0.239374,0.735588,0.455688,easyviz-matrix-cell-24554688d570178f,,,,
matrix,Fetal,Cortical level 1,CCL28,0.7268800045403103,31.0,2.0,0.319809,0.770914,0.411152,0.319809,0.770914,0.411152,easyviz-matrix-cell-080fd0dad5a7eea1,,,,
matrix,Fetal,Cortical level 1,CX3CL1,0.2639633159863715,32.0,2.0,0.223925,0.334994,0.548053,0.223925,0.334994,0.548053,easyviz-matrix-cell-6c1e7ff6aae19026,,,,
matrix,Fetal,Cortical level 1,CSF1,0.2944477319373313,33.0,2.0,0.208623,0.367752,0.552675,0.208623,0.367752,0.552675,easyviz-matrix-cell-644d3e534ad7cafc,,,,
matrix,Fetal,Cortical level 1,CCL4,0.034345844300823,34.0,2.0,0.277018,0.050344,0.375715,0.277018,0.050344,0.375715,easyviz-matrix-cell-6cf925a6b12225dc,,,,
matrix,Fetal,Cortical level 1,CXCL13,0.03700693934128518,35.0,2.0,0.277941,0.056324,0.381191,0.277941,0.056324,0.381191,easyviz-matrix-cell-bc4a0a1d8a89b736,,,,
matrix,Fetal,Cortical level 1,IL12B,0.001346715509861398,36.0,2.0,0.267004,0.004874,0.329415,0.267004,0.004874,0.329415,easyviz-matrix-cell-b5143da4e85e2bf0,,,,
matrix,Fetal,Cortical level 1,CXCL14,0.008100544068768587,37.0,2.0,0.269944,0.014625,0.341379,0.269944,0.014625,0.341379,easyviz-matrix-cell-74b63fbea55192db,,,,
matrix,Fetal,Cortical level 1,TNFSF13,0.03423697739305132,38.0,2.0,0.277018,0.050344,0.375715,0.277018,0.050344,0.375715,easyviz-matrix-cell-65e04d05ba1277e4,,,,
matrix,Fetal,Cortical level 1,IL6R,0.1469254604147422,39.0,2.0,0.274128,0.199721,0.498911,0.274128,0.199721,0.498911,easyviz-matrix-cell-35058971ee565f3c,,,,
matrix,Fetal,Cortical level 1,XCL1,0.1902338117094608,40.0,2.0,0.258965,0.251537,0.524736,0.258965,0.251537,0.524736,easyviz-matrix-cell-5a927b5e6cb7d27e,,,,
matrix,Fetal,Cortical level 1,IL18,0.04260412116416178,41.0,2.0,0.278791,0.062145,0.386592,0.278791,0.062145,0.386592,easyviz-matrix-cell-1ca27561b684e642,,,,
matrix,Fetal,Cortical level 1,XCL2,0.0,42.0,2.0,0.267004,0.004874,0.329415,0.267004,0.004874,0.329415,easyviz-matrix-cell-b7f195b70e3c338d,,,,
matrix,Fetal,Cortical level 1,TNFSF14,0.1314247437686855,43.0,2.0,0.278012,0.180367,0.486697,0.278012,0.180367,0.486697,easyviz-matrix-cell-f5bb59dec9e17a20,,,,
matrix,Fetal,Cortical level 1,CCL17,0.06458705342863912,44.0,2.0,0.282327,0.094955,0.417331,0.282327,0.094955,0.417331,easyviz-matrix-cell-6dee32d33e630b2c,,,,
matrix,Fetal,Cortical level 1,CCL5,0.115786400267404,45.0,2.0,0.280868,0.160771,0.472899,0.280868,0.160771,0.472899,easyviz-matrix-cell-a00bc3510866cb5d,,,,
matrix,Fetal,Cortical level 1,CCL18,0.0971657115691368,46.0,2.0,0.282884,0.13592,0.453427,0.282884,0.13592,0.453427,easyviz-matrix-cell-c3b4b47b6ebf438a,,,,
matrix,Fetal,Cortical level 1,TNFSF10,0.1126075728546645,47.0,2.0,0.281412,0.155834,0.469201,0.281412,0.155834,0.469201,easyviz-matrix-cell-7ee51d38afb43ea1,,,,
matrix,Fetal,Cortical level 1,IL15RA,0.3296694969311593,48.0,2.0,0.192357,0.403199,0.555836,0.192357,0.403199,0.555836,easyviz-matrix-cell-d6206bbadfa09e58,,,,
matrix,Fetal,Cortical level 1,IL17RE,0.7984273866101814,49.0,2.0,0.477504,0.821444,0.318195,0.477504,0.821444,0.318195,easyviz-matrix-cell-c75cb74d8f5857e9,,,,
matrix,Fetal,Cortical level 1,CXCL8,1.0,50.0,2.0,0.993248,0.906157,0.143936,0.993248,0.906157,0.143936,easyviz-matrix-cell-7e9b5f1a3dfb6df7,,,,
matrix,Fetal,Cortical level 1,CXCL3,0.9035545912474316,51.0,2.0,0.751884,0.874951,0.143228,0.751884,0.874951,0.143228,easyviz-matrix-cell-9c2042f18bc5b215,,,,
matrix,Fetal,Cortical level 1,BMP8A,0.9618720575098826,52.0,2.0,0.906311,0.894855,0.098125,0.906311,0.894855,0.098125,easyviz-matrix-cell-c2086bf1b412f3c3,,,,
matrix,Fetal,Cortical level 1,CXCL12,0.9090886949515878,53.0,2.0,0.762373,0.876424,0.137064,0.762373,0.876424,0.137064,easyviz-matrix-cell-29c6ac7d3b80193b,,,,
matrix,Fetal,Cortical level 1,CCL25,0.886210015525503,54.0,2.0,0.699415,0.867117,0.175971,0.699415,0.867117,0.175971,easyviz-matrix-cell-c9c4d0b910fbb56e,,,,
matrix,Fetal,Cortical level 1,IL34,0.4170364079986034,55.0,2.0,0.157729,0.485932,0.558013,0.157729,0.485932,0.558013,easyviz-matrix-cell-db27199962f3ed4a,,,,
matrix,Fetal,Cortical level 1,IL33,0.447803407026994,56.0,2.0,0.14618,0.515413,0.556823,0.14618,0.515413,0.556823,easyviz-matrix-cell-aee0c61fb94b834d,,,,
matrix,Fetal,Cortical level 1,CCL2,0.2880660353890019,57.0,2.0,0.212395,0.359683,0.55171,0.212395,0.359683,0.55171,easyviz-matrix-cell-8d77c8e69d1f71a8,,,,
matrix,Fetal,Cortical level 1,IL1R1,0.4758023787777541,58.0,2.0,0.136408,0.541173,0.554483,0.136408,0.541173,0.554483,easyviz-matrix-cell-fb4790b602fd395a,,,,
matrix,Fetal,Cortical level 1,BMP7,0.6022747796055049,59.0,2.0,0.137339,0.662252,0.515571,0.137339,0.662252,0.515571,easyviz-matrix-cell-0b2accd6c98829a9,,,,
matrix,Fetal,Cortical level 1,SPP1,0.570938523632301,60.0,2.0,0.122312,0.633153,0.530398,0.122312,0.633153,0.530398,easyviz-matrix-cell-ad92e28d297a5a62,,,,
matrix,Fetal,Cortical level 1,CCL14,0.4936782501559662,61.0,2.0,0.129933,0.559582,0.551864,0.129933,0.559582,0.551864,easyviz-matrix-cell-9a03e9f3ab308ac1,,,,
matrix,Fetal,Cortical level 1,GDF11,0.1947802732596559,62.0,2.0,0.257322,0.25613,0.526563,0.257322,0.25613,0.526563,easyviz-matrix-cell-543941ce8a0039a8,,,,
matrix,Fetal,Cortical level 1,IL1R2,0.5003445617536776,63.0,2.0,0.127568,0.566949,0.550556,0.127568,0.566949,0.550556,easyviz-matrix-cell-6fd3e9975eaf51ba,,,,
matrix,Fetal,Cortical level 1,TGFB3,0.1742787238580576,64.0,2.0,0.265145,0.232956,0.516599,0.265145,0.232956,0.516599,easyviz-matrix-cell-54f4e2d09cb7bd9f,,,,
matrix,Fetal,Cortical level 2,CXCL1,0.0,0.0,3.0,0.267004,0.004874,0.329415,0.267004,0.004874,0.329415,easyviz-matrix-cell-e682b3959dfbf7ee,,,,
matrix,Fetal,Cortical level 2,IL1RAP,0.06876834604571097,1.0,3.0,0.282656,0.100196,0.42216,0.282656,0.100196,0.42216,easyviz-matrix-cell-022b65415c4ef5ee,,,,
matrix,Fetal,Cortical level 2,CXCL6,0.3492137112427136,2.0,3.0,0.183898,0.422383,0.556944,0.183898,0.422383,0.556944,easyviz-matrix-cell-8459caf2ca4b0f23,,,,
matrix,Fetal,Cortical level 2,IL1B,0.2031266562187769,3.0,3.0,0.252194,0.269783,0.531579,0.252194,0.269783,0.531579,easyviz-matrix-cell-7b99660503e598b5,,,,
matrix,Fetal,Cortical level 2,TNFSF12,0.02990034373093938,4.0,3.0,0.276022,0.044167,0.370164,0.276022,0.044167,0.370164,easyviz-matrix-cell-7936bb5c82048e0c,,,,
matrix,Fetal,Cortical level 2,IL1RN,0.0,5.0,3.0,0.267004,0.004874,0.329415,0.267004,0.004874,0.329415,easyviz-matrix-cell-257addad8569e75f,,,,
matrix,Fetal,Cortical level 2,TNFSF9,0.02210454573195316,6.0,3.0,0.273809,0.031497,0.358853,0.273809,0.031497,0.358853,easyviz-matrix-cell-ed1ccad780281b13,,,,
matrix,Fetal,Cortical level 2,TNFSF11,0.0,7.0,3.0,0.267004,0.004874,0.329415,0.267004,0.004874,0.329415,easyviz-matrix-cell-9738ee6ceb8861cc,,,,
matrix,Fetal,Cortical level 2,CXCL10,0.04232303221812991,8.0,3.0,0.278791,0.062145,0.386592,0.278791,0.062145,0.386592,easyviz-matrix-cell-3b15af8d0ab09b98,,,,
matrix,Fetal,Cortical level 2,IL7R,0.1917272144561239,9.0,3.0,0.257322,0.25613,0.526563,0.257322,0.25613,0.526563,easyviz-matrix-cell-21411cf9d470ed41,,,,
matrix,Fetal,Cortical level 2,CD70,0.06826000072567431,10.0,3.0,0.282656,0.100196,0.42216,0.282656,0.100196,0.42216,easyviz-matrix-cell-15ed18d9215490af,,,,
matrix,Fetal,Cortical level 2,FLT3LG,0.05716936644934524,11.0,3.0,0.281446,0.08432,0.407414,0.281446,0.08432,0.407414,easyviz-matrix-cell-834c4c55ea6f6616,,,,
matrix,Fetal,Cortical level 2,IL23A,0.2170856903899171,12.0,3.0,0.246811,0.283237,0.535941,0.246811,0.283237,0.535941,easyviz-matrix-cell-ba4747aa93a521ac,,,,
matrix,Fetal,Cortical level 2,CCL20,0.06654685040570922,13.0,3.0,0.282656,0.100196,0.42216,0.282656,0.100196,0.42216,easyviz-matrix-cell-4f2afb8d0ca62613,,,,
matrix,Fetal,Cortical level 2,CCL1,0.0,14.0,3.0,0.267004,0.004874,0.329415,0.267004,0.004874,0.329415,easyviz-matrix-cell-15d85119bc9ad03a,,,,
matrix,Fetal,Cortical level 2,IL6ST,0.1507230356598362,15.0,3.0,0.273006,0.20452,0.501721,0.273006,0.20452,0.501721,easyviz-matrix-cell-45ff80a0cb71c805,,,,
matrix,Fetal,Cortical level 2,EBI3,0.05576691192914318,16.0,3.0,0.281446,0.08432,0.407414,0.281446,0.08432,0.407414,easyviz-matrix-cell-f631df7a15ff5726,,,,
matrix,Fetal,Cortical level 2,CXCL11,0.04619276729581537,17.0,3.0,0.279566,0.067836,0.391917,0.279566,0.067836,0.391917,easyviz-matrix-cell-ece2d1d112e86daf,,,,
matrix,Fetal,Cortical level 2,CCL21,0.107888942872536,18.0,3.0,0.281887,0.150881,0.465405,0.281887,0.150881,0.465405,easyviz-matrix-cell-98e45c57bc147f60,,,,
matrix,Fetal,Cortical level 2,IL15,0.1392911128957936,19.0,3.0,0.276194,0.190074,0.493001,0.276194,0.190074,0.493001,easyviz-matrix-cell-43790f5bcca36341,,,,
matrix,Fetal,Cortical level 2,TNF,0.2670752333281227,20.0,3.0,0.221989,0.339161,0.548752,0.221989,0.339161,0.548752,easyviz-matrix-cell-f638732b49ef2cd9,,,,
matrix,Fetal,Cortical level 2,CXCL16,0.1574069020855409,21.0,3.0,0.270595,0.214069,0.507052,0.270595,0.214069,0.507052,easyviz-matrix-cell-cfca46b5299bc7f7,,,,
matrix,Fetal,Cortical level 2,LTA,0.09962631677068699,22.0,3.0,0.282623,0.140926,0.457517,0.282623,0.140926,0.457517,easyviz-matrix-cell-06cac21b04bb6a6e,,,,
matrix,Fetal,Cortical level 2,TNFSF13B,0.1356285422681059,23.0,3.0,0.277134,0.185228,0.489898,0.277134,0.185228,0.489898,easyviz-matrix-cell-79729e6adea858e0,,,,
matrix,Fetal,Cortical level 2,CCL19,0.1414826617065596,24.0,3.0,0.275191,0.194905,0.496005,0.275191,0.194905,0.496005,easyviz-matrix-cell-1f7ca5eb2adf8e74,,,,
matrix,Fetal,Cortical level 2,IL4R,0.1348341931132948,25.0,3.0,0.277134,0.185228,0.489898,0.277134,0.185228,0.489898,easyviz-matrix-cell-7c0918139ed52716,,,,
matrix,Fetal,Cortical level 2,CD40LG,0.0489510117271905,26.0,3.0,0.280267,0.073417,0.397163,0.280267,0.073417,0.397163,easyviz-matrix-cell-5a020e69c1af8398,,,,
matrix,Fetal,Cortical level 2,CXCL9,0.06618318709366966,27.0,3.0,0.282327,0.094955,0.417331,0.282327,0.094955,0.417331,easyviz-matrix-cell-63655184849ddc61,,,,
matrix,Fetal,Cortical level 2,CCL22,0.0,28.0,3.0,0.267004,0.004874,0.329415,0.267004,0.004874,0.329415,easyviz-matrix-cell-1bfda2c3e2ca46d3,,,,
matrix,Fetal,Cortical level 2,CCL13,0.4270952511571666,29.0,3.0,0.153364,0.497,0.557724,0.153364,0.497,0.557724,easyviz-matrix-cell-13c41a653ba0916a,,,,
matrix,Fetal,Cortical level 2,CCL3,0.4526783476091491,30.0,3.0,0.144759,0.519093,0.556572,0.144759,0.519093,0.556572,easyviz-matrix-cell-5c74b95cce65847c,,,,
matrix,Fetal,Cortical level 2,CCL28,0.6652932943367774,31.0,3.0,0.20803,0.718701,0.472873,0.20803,0.718701,0.472873,easyviz-matrix-cell-6a4279420ed4fc57,,,,
matrix,Fetal,Cortical level 2,CX3CL1,0.3574862978993926,32.0,3.0,0.180629,0.429975,0.557282,0.180629,0.429975,0.557282,easyviz-matrix-cell-408cfb84f8b45729,,,,
matrix,Fetal,Cortical level 2,CSF1,0.2459215118265004,33.0,3.0,0.233603,0.313828,0.543914,0.233603,0.313828,0.543914,easyviz-matrix-cell-bed0aaa3f4463039,,,,
matrix,Fetal,Cortical level 2,CCL4,0.03833729090116973,34.0,3.0,0.277941,0.056324,0.381191,0.277941,0.056324,0.381191,easyviz-matrix-cell-e5f5d1606dc16655,,,,
matrix,Fetal,Cortical level 2,CXCL13,0.0,35.0,3.0,0.267004,0.004874,0.329415,0.267004,0.004874,0.329415,easyviz-matrix-cell-9e4d957d0ba3d700,,,,
matrix,Fetal,Cortical level 2,IL12B,0.0,36.0,3.0,0.267004,0.004874,0.329415,0.267004,0.004874,0.329415,easyviz-matrix-cell-d156eabac4ba2003,,,,
matrix,Fetal,Cortical level 2,CXCL14,0.0,37.0,3.0,0.267004,0.004874,0.329415,0.267004,0.004874,0.329415,easyviz-matrix-cell-885ab36d3c92539b,,,,
matrix,Fetal,Cortical level 2,TNFSF13,0.0,38.0,3.0,0.267004,0.004874,0.329415,0.267004,0.004874,0.329415,easyviz-matrix-cell-fca9b8295f154e39,,,,
matrix,Fetal,Cortical level 2,IL6R,0.1973515538449689,39.0,3.0,0.255645,0.260703,0.528312,0.255645,0.260703,0.528312,easyviz-matrix-cell-16c69be9431be622,,,,
matrix,Fetal,Cortical level 2,XCL1,0.1919803931808808,40.0,3.0,0.257322,0.25613,0.526563,0.257322,0.25613,0.526563,easyviz-matrix-cell-11e5ac27ca10308b,,,,
matrix,Fetal,Cortical level 2,IL18,0.1424743199094068,41.0,3.0,0.275191,0.194905,0.496005,0.275191,0.194905,0.496005,easyviz-matrix-cell-c1a214c6ffad5c56,,,,
matrix,Fetal,Cortical level 2,XCL2,0.06865528816595237,42.0,3.0,0.282656,0.100196,0.42216,0.282656,0.100196,0.42216,easyviz-matrix-cell-6412a68a2e849b94,,,,
matrix,Fetal,Cortical level 2,TNFSF14,0.1068971622392237,43.0,3.0,0.281887,0.150881,0.465405,0.281887,0.150881,0.465405,easyviz-matrix-cell-8f49e81ca717228a,,,,
matrix,Fetal,Cortical level 2,CCL17,0.1353587011430252,44.0,3.0,0.277134,0.185228,0.489898,0.277134,0.185228,0.489898,easyviz-matrix-cell-e8dbc37cc20f7b35,,,,
matrix,Fetal,Cortical level 2,CCL5,0.2185202251015707,45.0,3.0,0.246811,0.283237,0.535941,0.246811,0.283237,0.535941,easyviz-matrix-cell-79687be32b3cf805,,,,
matrix,Fetal,Cortical level 2,CCL18,0.2487533195840687,46.0,3.0,0.231674,0.318106,0.544834,0.231674,0.318106,0.544834,easyviz-matrix-cell-00510de004eef29d,,,,
matrix,Fetal,Cortical level 2,TNFSF10,0.1526738110762557,47.0,3.0,0.271828,0.209303,0.504434,0.271828,0.209303,0.504434,easyviz-matrix-cell-89050844eb1bb67f,,,,
matrix,Fetal,Cortical level 2,IL15RA,0.4749269934702952,48.0,3.0,0.136408,0.541173,0.554483,0.136408,0.541173,0.554483,easyviz-matrix-cell-2748f30ddc3309c1,,,,
matrix,Fetal,Cortical level 2,IL17RE,0.9033347265802365,49.0,3.0,0.751884,0.874951,0.143228,0.751884,0.874951,0.143228,easyviz-matrix-cell-239555c67bca6486,,,,
matrix,Fetal,Cortical level 2,CXCL8,0.6096412795398911,50.0,3.0,0.143303,0.669459,0.511215,0.143303,0.669459,0.511215,easyviz-matrix-cell-47d908c3aa0b2573,,,,
matrix,Fetal,Cortical level 2,CXCL3,0.7357000772505701,51.0,3.0,0.335885,0.777018,0.402049,0.335885,0.777018,0.402049,easyviz-matrix-cell-18d6f418fb4f0d00,,,,
matrix,Fetal,Cortical level 2,BMP8A,0.9447753300495199,52.0,3.0,0.85581,0.888601,0.097452,0.85581,0.888601,0.097452,easyviz-matrix-cell-524d2f7cf2db7c83,,,,
matrix,Fetal,Cortical level 2,CXCL12,0.8817493510896427,53.0,3.0,0.688944,0.865448,0.182725,0.688944,0.865448,0.182725,easyviz-matrix-cell-8557b563cd44e948,,,,
matrix,Fetal,Cortical level 2,CCL25,0.8523455392988077,54.0,3.0,0.616293,0.852709,0.230052,0.616293,0.852709,0.230052,easyviz-matrix-cell-81234c5f38b895f6,,,,
matrix,Fetal,Cortical level 2,IL34,0.0,55.0,3.0,0.267004,0.004874,0.329415,0.267004,0.004874,0.329415,easyviz-matrix-cell-ba9ea6115f3c264c,,,,
matrix,Fetal,Cortical level 2,IL33,0.2927222529487436,56.0,3.0,0.210503,0.363727,0.552206,0.210503,0.363727,0.552206,easyviz-matrix-cell-bf95f5556a1dc009,,,,
matrix,Fetal,Cortical level 2,CCL2,0.0,57.0,3.0,0.267004,0.004874,0.329415,0.267004,0.004874,0.329415,easyviz-matrix-cell-0d7ea91bde5049b9,,,,
matrix,Fetal,Cortical level 2,IL1R1,0.3636767153590605,58.0,3.0,0.177423,0.437527,0.557565,0.177423,0.437527,0.557565,easyviz-matrix-cell-6b953e17d1d06e56,,,,
matrix,Fetal,Cortical level 2,BMP7,0.2466533417392708,59.0,3.0,0.231674,0.318106,0.544834,0.231674,0.318106,0.544834,easyviz-matrix-cell-9673bca8c4fb71ec,,,,
matrix,Fetal,Cortical level 2,SPP1,0.4748290956790926,60.0,3.0,0.136408,0.541173,0.554483,0.136408,0.541173,0.554483,easyviz-matrix-cell-00290ce5dd068765,,,,
matrix,Fetal,Cortical level 2,CCL14,0.2938808663817705,61.0,3.0,0.208623,0.367752,0.552675,0.208623,0.367752,0.552675,easyviz-matrix-cell-4c063f729cf6aba9,,,,
matrix,Fetal,Cortical level 2,GDF11,0.674935439092183,62.0,3.0,0.220124,0.725509,0.466226,0.220124,0.725509,0.466226,easyviz-matrix-cell-089495b48dd84229,,,,
matrix,Fetal,Cortical level 2,IL1R2,0.1978902163234228,63.0,3.0,0.255645,0.260703,0.528312,0.255645,0.260703,0.528312,easyviz-matrix-cell-b4c8b8896dcbf86d,,,,
matrix,Fetal,Cortical level 2,TGFB3,0.0,64.0,3.0,0.267004,0.004874,0.329415,0.267004,0.004874,0.329415,easyviz-matrix-cell-8e364e11d90d48b8,,,,
matrix,Fetal,Cortical level 3,CXCL1,0.1767347328555591,0.0,4.0,0.263663,0.237631,0.518762,0.263663,0.237631,0.518762,easyviz-matrix-cell-99858d402167e6d9,,,,
matrix,Fetal,Cortical level 3,IL1RAP,0.127918677440054,1.0,4.0,0.278826,0.17549,0.483397,0.278826,0.17549,0.483397,easyviz-matrix-cell-76a6cca710550c9e,,,,
matrix,Fetal,Cortical level 3,CXCL6,0.0,2.0,4.0,0.267004,0.004874,0.329415,0.267004,0.004874,0.329415,easyviz-matrix-cell-065812075d00eeb3,,,,
matrix,Fetal,Cortical level 3,IL1B,0.03949293671888173,3.0,4.0,0.278791,0.062145,0.386592,0.278791,0.062145,0.386592,easyviz-matrix-cell-4a45831be2730d1a,,,,
matrix,Fetal,Cortical level 3,TNFSF12,0.1252485268402857,4.0,4.0,0.278826,0.17549,0.483397,0.278826,0.17549,0.483397,easyviz-matrix-cell-d292f69a77ed5c08,,,,
matrix,Fetal,Cortical level 3,IL1RN,0.3399873526606017,5.0,4.0,0.187231,0.414746,0.556547,0.187231,0.414746,0.556547,easyviz-matrix-cell-fca001a3f4a2cd4b,,,,
matrix,Fetal,Cortical level 3,TNFSF9,0.2905524253747386,6.0,4.0,0.210503,0.363727,0.552206,0.210503,0.363727,0.552206,easyviz-matrix-cell-682d2c775beb2c8e,,,,
matrix,Fetal,Cortical level 3,TNFSF11,0.1124108823847967,7.0,4.0,0.281412,0.155834,0.469201,0.281412,0.155834,0.469201,easyviz-matrix-cell-baa71c4c7b384393,,,,
matrix,Fetal,Cortical level 3,CXCL10,0.1427720382683837,8.0,4.0,0.275191,0.194905,0.496005,0.275191,0.194905,0.496005,easyviz-matrix-cell-5b7b199cc10eefa9,,,,
matrix,Fetal,Cortical level 3,IL7R,0.241686647550327,9.0,4.0,0.235526,0.309527,0.542944,0.235526,0.309527,0.542944,easyviz-matrix-cell-2bb6468f81cdb72a,,,,
matrix,Fetal,Cortical level 3,CD70,0.1194502345103345,10.0,4.0,0.280255,0.165693,0.476498,0.280255,0.165693,0.476498,easyviz-matrix-cell-4238fd3e917f4d37,,,,
matrix,Fetal,Cortical level 3,FLT3LG,0.1088035012508642,11.0,4.0,0.281887,0.150881,0.465405,0.281887,0.150881,0.465405,easyviz-matrix-cell-c886b23ad0681692,,,,
matrix,Fetal,Cortical level 3,IL23A,0.265836851645171,12.0,4.0,0.221989,0.339161,0.548752,0.221989,0.339161,0.548752,easyviz-matrix-cell-323c5f9816ce6982,,,,
matrix,Fetal,Cortical level 3,CCL20,0.1209382743375892,13.0,4.0,0.280255,0.165693,0.476498,0.280255,0.165693,0.476498,easyviz-matrix-cell-97e62416a0786d88,,,,
matrix,Fetal,Cortical level 3,CCL1,0.05598664378839605,14.0,4.0,0.281446,0.08432,0.407414,0.281446,0.08432,0.407414,easyviz-matrix-cell-313568a43f814d5e,,,,
matrix,Fetal,Cortical level 3,IL6ST,0.1878853111458487,15.0,4.0,0.258965,0.251537,0.524736,0.258965,0.251537,0.524736,easyviz-matrix-cell-3afc2cf6ac2b4e80,,,,
matrix,Fetal,Cortical level 3,EBI3,0.1404321609401629,16.0,4.0,0.276194,0.190074,0.493001,0.276194,0.190074,0.493001,easyviz-matrix-cell-e78090e3b72e40cb,,,,
matrix,Fetal,Cortical level 3,CXCL11,0.05135798680908893,17.0,4.0,0.280894,0.078907,0.402329,0.280894,0.078907,0.402329,easyviz-matrix-cell-fc0bd2f7fa067bbe,,,,
matrix,Fetal,Cortical level 3,CCL21,0.1536002812163767,18.0,4.0,0.271828,0.209303,0.504434,0.271828,0.209303,0.504434,easyviz-matrix-cell-616c908f574f7204,,,,
matrix,Fetal,Cortical level 3,IL15,0.2484768830194611,19.0,4.0,0.231674,0.318106,0.544834,0.231674,0.318106,0.544834,easyviz-matrix-cell-aeadb57a983a1d70,,,,
matrix,Fetal,Cortical level 3,TNF,0.3152631419292448,20.0,4.0,0.19943,0.387607,0.554642,0.19943,0.387607,0.554642,easyviz-matrix-cell-4522540664dfe6fa,,,,
matrix,Fetal,Cortical level 3,CXCL16,0.3079822460864333,21.0,4.0,0.203063,0.379716,0.553925,0.203063,0.379716,0.553925,easyviz-matrix-cell-91bb206e9ccc8d43,,,,
matrix,Fetal,Cortical level 3,LTA,0.27317956287406,22.0,4.0,0.220057,0.343307,0.549413,0.220057,0.343307,0.549413,easyviz-matrix-cell-b914b183a54ee947,,,,
matrix,Fetal,Cortical level 3,TNFSF13B,0.3198782257634297,23.0,4.0,0.197636,0.391528,0.554969,0.197636,0.391528,0.554969,easyviz-matrix-cell-2c181c1c93722b43,,,,
matrix,Fetal,Cortical level 3,CCL19,0.2448490269918905,24.0,4.0,0.233603,0.313828,0.543914,0.233603,0.313828,0.543914,easyviz-matrix-cell-2c275a504152a6be,,,,
matrix,Fetal,Cortical level 3,IL4R,0.2607756247759476,25.0,4.0,0.225863,0.330805,0.547314,0.225863,0.330805,0.547314,easyviz-matrix-cell-e2c64152c186e5ec,,,,
matrix,Fetal,Cortical level 3,CD40LG,0.1800628752733981,26.0,4.0,0.262138,0.242286,0.520837,0.262138,0.242286,0.520837,easyviz-matrix-cell-1a630630613e8b90,,,,
matrix,Fetal,Cortical level 3,CXCL9,0.1803839248354977,27.0,4.0,0.262138,0.242286,0.520837,0.262138,0.242286,0.520837,easyviz-matrix-cell-b91b5571a8709b49,,,,
matrix,Fetal,Cortical level 3,CCL22,0.174445910274127,28.0,4.0,0.265145,0.232956,0.516599,0.265145,0.232956,0.516599,easyviz-matrix-cell-5adde24fa231ac03,,,,
matrix,Fetal,Cortical level 3,CCL13,0.8124698531778954,29.0,4.0,0.506271,0.828786,0.300362,0.506271,0.828786,0.300362,easyviz-matrix-cell-2251ff3a3cb7281d,,,,
matrix,Fetal,Cortical level 3,CCL3,0.5250173178594625,30.0,4.0,0.121831,0.589055,0.545623,0.121831,0.589055,0.545623,easyviz-matrix-cell-77910b6e34eede3e,,,,
matrix,Fetal,Cortical level 3,CCL28,0.61182508155186,31.0,4.0,0.143303,0.669459,0.511215,0.143303,0.669459,0.511215,easyviz-matrix-cell-ac48a39fc22b1f2f,,,,
matrix,Fetal,Cortical level 3,CX3CL1,0.6076097684522267,32.0,4.0,0.14021,0.665859,0.513427,0.14021,0.665859,0.513427,easyviz-matrix-cell-dac1cbb54115e450,,,,
matrix,Fetal,Cortical level 3,CSF1,0.0,33.0,4.0,0.267004,0.004874,0.329415,0.267004,0.004874,0.329415,easyviz-matrix-cell-0b1e0003305c473e,,,,
matrix,Fetal,Cortical level 3,CCL4,0.0,34.0,4.0,0.267004,0.004874,0.329415,0.267004,0.004874,0.329415,easyviz-matrix-cell-127d7eff34815fd4,,,,
matrix,Fetal,Cortical level 3,CXCL13,0.1188750583121488,35.0,4.0,0.280255,0.165693,0.476498,0.280255,0.165693,0.476498,easyviz-matrix-cell-a428126e1153af65,,,,
matrix,Fetal,Cortical level 3,IL12B,0.2632058223033158,36.0,4.0,0.223925,0.334994,0.548053,0.223925,0.334994,0.548053,easyviz-matrix-cell-8fd6b331c4462af8,,,,
matrix,Fetal,Cortical level 3,CXCL14,0.06382092598066749,37.0,4.0,0.282327,0.094955,0.417331,0.282327,0.094955,0.417331,easyviz-matrix-cell-436dc65f11e70ef6,,,,
matrix,Fetal,Cortical level 3,TNFSF13,0.08925905940552349,38.0,4.0,0.283187,0.125848,0.44496,0.283187,0.125848,0.44496,easyviz-matrix-cell-b4c2751eb6091652,,,,
matrix,Fetal,Cortical level 3,IL6R,0.3361814957818756,39.0,4.0,0.188923,0.41091,0.556326,0.188923,0.41091,0.556326,easyviz-matrix-cell-6a0efe81b787c292,,,,
matrix,Fetal,Cortical level 3,XCL1,0.3926094103744097,40.0,4.0,0.166617,0.463708,0.558119,0.166617,0.463708,0.558119,easyviz-matrix-cell-f23bcf6b2368de52,,,,
matrix,Fetal,Cortical level 3,IL18,0.3310393501857697,41.0,4.0,0.192357,0.403199,0.555836,0.192357,0.403199,0.555836,easyviz-matrix-cell-e3c630d6fca6350e,,,,
matrix,Fetal,Cortical level 3,XCL2,0.2771305347559368,42.0,4.0,0.21813,0.347432,0.550038,0.21813,0.347432,0.550038,easyviz-matrix-cell-db8261aa8daa4754,,,,
matrix,Fetal,Cortical level 3,TNFSF14,0.2485156336755188,43.0,4.0,0.231674,0.318106,0.544834,0.231674,0.318106,0.544834,easyviz-matrix-cell-4fe97b275358cf65,,,,
matrix,Fetal,Cortical level 3,CCL17,0.2490160707516594,44.0,4.0,0.231674,0.318106,0.544834,0.231674,0.318106,0.544834,easyviz-matrix-cell-341bd74d9c93f7f8,,,,
matrix,Fetal,Cortical level 3,CCL5,0.4012917238019932,45.0,4.0,0.163625,0.471133,0.558148,0.163625,0.471133,0.558148,easyviz-matrix-cell-1feddd3d47ee934b,,,,
matrix,Fetal,Cortical level 3,CCL18,0.5760479444417312,46.0,4.0,0.123444,0.636809,0.528763,0.123444,0.636809,0.528763,easyviz-matrix-cell-49fb66eea92a510c,,,,
matrix,Fetal,Cortical level 3,TNFSF10,0.1537064267492427,47.0,4.0,0.271828,0.209303,0.504434,0.271828,0.209303,0.504434,easyviz-matrix-cell-e644084d67ca1909,,,,
matrix,Fetal,Cortical level 3,IL15RA,0.5427955685616748,48.0,4.0,0.119738,0.603785,0.5414,0.119738,0.603785,0.5414,easyviz-matrix-cell-e9218bf71639359e,,,,
matrix,Fetal,Cortical level 3,IL17RE,0.9989049312414177,49.0,4.0,0.993248,0.906157,0.143936,0.993248,0.906157,0.143936,easyviz-matrix-cell-933e72eb541aeb2f,,,,
matrix,Fetal,Cortical level 3,CXCL8,0.8572906138795005,50.0,4.0,0.626579,0.854645,0.223353,0.626579,0.854645,0.223353,easyviz-matrix-cell-8ec97db72757a477,,,,
matrix,Fetal,Cortical level 3,CXCL3,0.7875892446873233,51.0,4.0,0.449368,0.813768,0.335384,0.449368,0.813768,0.335384,easyviz-matrix-cell-e07ab4c02882acc4,,,,
matrix,Fetal,Cortical level 3,BMP8A,1.0,52.0,4.0,0.993248,0.906157,0.143936,0.993248,0.906157,0.143936,easyviz-matrix-cell-b4af8ce1b28d9f7e,,,,
matrix,Fetal,Cortical level 3,CXCL12,0.7726577046389046,53.0,4.0,0.412913,0.803041,0.357269,0.412913,0.803041,0.357269,easyviz-matrix-cell-5e2aa6eb62b59d61,,,,
matrix,Fetal,Cortical level 3,CCL25,0.790881736118174,54.0,4.0,0.458674,0.816363,0.329727,0.458674,0.816363,0.329727,easyviz-matrix-cell-dd76de26793cea5b,,,,
matrix,Fetal,Cortical level 3,IL34,0.1591278006585335,55.0,4.0,0.270595,0.214069,0.507052,0.270595,0.214069,0.507052,easyviz-matrix-cell-11a14de1af3afd8c,,,,
matrix,Fetal,Cortical level 3,IL33,0.0,56.0,4.0,0.267004,0.004874,0.329415,0.267004,0.004874,0.329415,easyviz-matrix-cell-45723ad7d9c3dd83,,,,
matrix,Fetal,Cortical level 3,CCL2,0.1464515573381559,57.0,4.0,0.274128,0.199721,0.498911,0.274128,0.199721,0.498911,easyviz-matrix-cell-a5b8618c656c853b,,,,
matrix,Fetal,Cortical level 3,IL1R1,0.1510114498520849,58.0,4.0,0.273006,0.20452,0.501721,0.273006,0.20452,0.501721,easyviz-matrix-cell-1f90e224eb298fef,,,,
matrix,Fetal,Cortical level 3,BMP7,0.4962060909037842,59.0,4.0,0.128729,0.563265,0.551229,0.128729,0.563265,0.551229,easyviz-matrix-cell-3141b29982d09bf3,,,,
matrix,Fetal,Cortical level 3,SPP1,0.332357693618425,60.0,4.0,0.190631,0.407061,0.556089,0.190631,0.407061,0.556089,easyviz-matrix-cell-2408d04c5044a239,,,,
matrix,Fetal,Cortical level 3,CCL14,0.221904416607362,61.0,4.0,0.244972,0.287675,0.53726,0.244972,0.287675,0.53726,easyviz-matrix-cell-901d9164eb72c4fd,,,,
matrix,Fetal,Cortical level 3,GDF11,0.4166818746518024,62.0,4.0,0.157729,0.485932,0.558013,0.157729,0.485932,0.558013,easyviz-matrix-cell-c524a265952af578,,,,
matrix,Fetal,Cortical level 3,IL1R2,0.0,63.0,4.0,0.267004,0.004874,0.329415,0.267004,0.004874,0.329415,easyviz-matrix-cell-8cb6788f3d428e1d,,,,
matrix,Fetal,Cortical level 3,TGFB3,0.1804708004257489,64.0,4.0,0.262138,0.242286,0.520837,0.262138,0.242286,0.520837,easyviz-matrix-cell-f0f247da69cb8dcd,,,,
matrix,Fetal,Cortical CMJ,CXCL1,0.02890055661033276,0.0,5.0,0.276022,0.044167,0.370164,0.276022,0.044167,0.370164,easyviz-matrix-cell-017ad43dd88aaff3,,,,
matrix,Fetal,Cortical CMJ,IL1RAP,0.01727630239960698,1.0,5.0,0.272594,0.025563,0.353093,0.272594,0.025563,0.353093,easyviz-matrix-cell-97c707ecfeea34bb,,,,
matrix,Fetal,Cortical CMJ,CXCL6,0.08312083292834381,2.0,5.0,0.283229,0.120777,0.440584,0.283229,0.120777,0.440584,easyviz-matrix-cell-d9ba18848f9c83b6,,,,
matrix,Fetal,Cortical CMJ,IL1B,0.2601473674907089,3.0,5.0,0.225863,0.330805,0.547314,0.225863,0.330805,0.547314,easyviz-matrix-cell-10be1295f7e7efe1,,,,
matrix,Fetal,Cortical CMJ,TNFSF12,0.1540983053163213,4.0,5.0,0.271828,0.209303,0.504434,0.271828,0.209303,0.504434,easyviz-matrix-cell-f92705101e64b97b,,,,
matrix,Fetal,Cortical CMJ,IL1RN,0.1888994741455889,5.0,5.0,0.258965,0.251537,0.524736,0.258965,0.251537,0.524736,easyviz-matrix-cell-541e9ff74e3ce99b,,,,
matrix,Fetal,Cortical CMJ,TNFSF9,0.05345859126448587,6.0,5.0,0.280894,0.078907,0.402329,0.280894,0.078907,0.402329,easyviz-matrix-cell-0b3e457704d232f1,,,,
matrix,Fetal,Cortical CMJ,TNFSF11,0.4228966084689645,7.0,5.0,0.154815,0.493313,0.55784,0.154815,0.493313,0.55784,easyviz-matrix-cell-191357fb911b7509,,,,
matrix,Fetal,Cortical CMJ,CXCL10,0.2866135305332674,8.0,5.0,0.212395,0.359683,0.55171,0.212395,0.359683,0.55171,easyviz-matrix-cell-9ee07b450f266f0b,,,,
matrix,Fetal,Cortical CMJ,IL7R,0.3504764065797991,9.0,5.0,0.183898,0.422383,0.556944,0.183898,0.422383,0.556944,easyviz-matrix-cell-de861f9835a18180,,,,
matrix,Fetal,Cortical CMJ,CD70,0.2655055211722906,10.0,5.0,0.223925,0.334994,0.548053,0.223925,0.334994,0.548053,easyviz-matrix-cell-1b57399f1e5b279c,,,,
matrix,Fetal,Cortical CMJ,FLT3LG,0.247897194476258,11.0,5.0,0.231674,0.318106,0.544834,0.231674,0.318106,0.544834,easyviz-matrix-cell-3d52831b92561e40,,,,
matrix,Fetal,Cortical CMJ,IL23A,0.2796741009709036,12.0,5.0,0.21621,0.351535,0.550627,0.21621,0.351535,0.550627,easyviz-matrix-cell-61d686c9519df4ad,,,,
matrix,Fetal,Cortical CMJ,CCL20,0.1913332828999698,13.0,5.0,0.258965,0.251537,0.524736,0.258965,0.251537,0.524736,easyviz-matrix-cell-de8ce17ae85731f3,,,,
matrix,Fetal,Cortical CMJ,CCL1,0.277384083325283,14.0,5.0,0.21621,0.351535,0.550627,0.21621,0.351535,0.550627,easyviz-matrix-cell-0c3b9305cd08b23a,,,,
matrix,Fetal,Cortical CMJ,IL6ST,0.4161048350494333,15.0,5.0,0.157729,0.485932,0.558013,0.157729,0.485932,0.558013,easyviz-matrix-cell-14d2519649b18bed,,,,
matrix,Fetal,Cortical CMJ,EBI3,0.2806099611323111,16.0,5.0,0.21621,0.351535,0.550627,0.21621,0.351535,0.550627,easyviz-matrix-cell-334e3286fc9cef36,,,,
matrix,Fetal,Cortical CMJ,CXCL11,0.1263059013733706,17.0,5.0,0.278826,0.17549,0.483397,0.278826,0.17549,0.483397,easyviz-matrix-cell-35e3b4934c107790,,,,
matrix,Fetal,Cortical CMJ,CCL21,0.260611708968961,18.0,5.0,0.225863,0.330805,0.547314,0.225863,0.330805,0.547314,easyviz-matrix-cell-a5b93eafeefbd46c,,,,
matrix,Fetal,Cortical CMJ,IL15,0.4661872111723537,19.0,5.0,0.139147,0.533812,0.555298,0.139147,0.533812,0.555298,easyviz-matrix-cell-cbcd67880a4f7270,,,,
matrix,Fetal,Cortical CMJ,TNF,0.5288315342174038,20.0,5.0,0.121148,0.592739,0.544641,0.121148,0.592739,0.544641,easyviz-matrix-cell-4995acfb95ff3de4,,,,
matrix,Fetal,Cortical CMJ,CXCL16,0.4003139430851412,21.0,5.0,0.163625,0.471133,0.558148,0.163625,0.471133,0.558148,easyviz-matrix-cell-fc3aef4e559b2f87,,,,
matrix,Fetal,Cortical CMJ,LTA,0.3463188768910788,22.0,5.0,0.185556,0.41857,0.556753,0.185556,0.41857,0.556753,easyviz-matrix-cell-a0e780f81d197221,,,,
matrix,Fetal,Cortical CMJ,TNFSF13B,0.4724464478870712,23.0,5.0,0.13777,0.537492,0.554906,0.13777,0.537492,0.554906,easyviz-matrix-cell-4274f27b203d251d,,,,
matrix,Fetal,Cortical CMJ,CCL19,0.4439588576815883,24.0,5.0,0.147607,0.511733,0.557049,0.147607,0.511733,0.557049,easyviz-matrix-cell-f8415a93360dc4dd,,,,
matrix,Fetal,Cortical CMJ,IL4R,0.4075708196713898,25.0,5.0,0.160665,0.47854,0.558115,0.160665,0.47854,0.558115,easyviz-matrix-cell-d4fac2d3a526010e,,,,
matrix,Fetal,Cortical CMJ,CD40LG,0.5775123271402889,26.0,5.0,0.123444,0.636809,0.528763,0.123444,0.636809,0.528763,easyviz-matrix-cell-2b94c02e2d155c69,,,,
matrix,Fetal,Cortical CMJ,CXCL9,0.407796856879401,27.0,5.0,0.160665,0.47854,0.558115,0.160665,0.47854,0.558115,easyviz-matrix-cell-7f834990046d4bbb,,,,
matrix,Fetal,Cortical CMJ,CCL22,0.4018900136812987,28.0,5.0,0.163625,0.471133,0.558148,0.163625,0.471133,0.558148,easyviz-matrix-cell-6dee62f0e973fde4,,,,
matrix,Fetal,Cortical CMJ,CCL13,1.0,29.0,5.0,0.993248,0.906157,0.143936,0.993248,0.906157,0.143936,easyviz-matrix-cell-d491fe9bf5cbb547,,,,
matrix,Fetal,Cortical CMJ,CCL3,0.6007338466646679,30.0,5.0,0.134692,0.658636,0.517649,0.134692,0.658636,0.517649,easyviz-matrix-cell-1da36938b5d3ee0d,,,,
matrix,Fetal,Cortical CMJ,CCL28,0.3853484297556725,31.0,5.0,0.169646,0.456262,0.55803,0.169646,0.456262,0.55803,easyviz-matrix-cell-5a05b0f4e90781bd,,,,
matrix,Fetal,Cortical CMJ,CX3CL1,0.5144447146443599,32.0,5.0,0.124395,0.578002,0.548287,0.124395,0.578002,0.548287,easyviz-matrix-cell-781ec5c438017459,,,,
matrix,Fetal,Cortical CMJ,CSF1,0.593094076129582,33.0,5.0,0.130067,0.651384,0.521608,0.130067,0.651384,0.521608,easyviz-matrix-cell-718821cf15c3fce4,,,,
matrix,Fetal,Cortical CMJ,CCL4,0.5395400567547772,34.0,5.0,0.119738,0.603785,0.5414,0.119738,0.603785,0.5414,easyviz-matrix-cell-cf8fe801a880c225,,,,
matrix,Fetal,Cortical CMJ,CXCL13,0.09723203704879992,35.0,5.0,0.282884,0.13592,0.453427,0.282884,0.13592,0.453427,easyviz-matrix-cell-d62128218f7bf96a,,,,
matrix,Fetal,Cortical CMJ,IL12B,0.4222399582348457,36.0,5.0,0.154815,0.493313,0.55784,0.154815,0.493313,0.55784,easyviz-matrix-cell-fe915af1022a974e,,,,
matrix,Fetal,Cortical CMJ,CXCL14,0.476019284686706,37.0,5.0,0.136408,0.541173,0.554483,0.136408,0.541173,0.554483,easyviz-matrix-cell-96432a258cf7e13d,,,,
matrix,Fetal,Cortical CMJ,TNFSF13,0.4408613331945324,38.0,5.0,0.149039,0.508051,0.55725,0.149039,0.508051,0.55725,easyviz-matrix-cell-76f2296aacd9afd9,,,,
matrix,Fetal,Cortical CMJ,IL6R,0.7411302382784793,39.0,5.0,0.344074,0.780029,0.397381,0.344074,0.780029,0.397381,easyviz-matrix-cell-71f0f9bd65701cff,,,,
matrix,Fetal,Cortical CMJ,XCL1,0.6031153431976982,40.0,5.0,0.137339,0.662252,0.515571,0.137339,0.662252,0.515571,easyviz-matrix-cell-909131b20e7c025c,,,,
matrix,Fetal,Cortical CMJ,IL18,0.6478403240793068,41.0,5.0,0.180653,0.701402,0.488189,0.180653,0.701402,0.488189,easyviz-matrix-cell-359a6d19850abac4,,,,
matrix,Fetal,Cortical CMJ,XCL2,0.5175620072608248,42.0,5.0,0.123463,0.581687,0.547445,0.123463,0.581687,0.547445,easyviz-matrix-cell-c91c28ed6651ad02,,,,
matrix,Fetal,Cortical CMJ,TNFSF14,0.531413535189048,43.0,5.0,0.120565,0.596422,0.543611,0.120565,0.596422,0.543611,easyviz-matrix-cell-ae2fa2d90221aa7a,,,,
matrix,Fetal,Cortical CMJ,CCL17,0.4824516041070601,44.0,5.0,0.133743,0.548535,0.553541,0.133743,0.548535,0.553541,easyviz-matrix-cell-e6dc86c0482bd54f,,,,
matrix,Fetal,Cortical CMJ,CCL5,0.6062593535304006,45.0,5.0,0.14021,0.665859,0.513427,0.14021,0.665859,0.513427,easyviz-matrix-cell-36bd3d16cba1e3e6,,,,
matrix,Fetal,Cortical CMJ,CCL18,0.8109121930200626,46.0,5.0,0.506271,0.828786,0.300362,0.506271,0.828786,0.300362,easyviz-matrix-cell-259f964abb88a252,,,,
matrix,Fetal,Cortical CMJ,TNFSF10,0.4525400778860044,47.0,5.0,0.144759,0.519093,0.556572,0.144759,0.519093,0.556572,easyviz-matrix-cell-6f7ea79a3a17a821,,,,
matrix,Fetal,Cortical CMJ,IL15RA,0.5178035688520987,48.0,5.0,0.123463,0.581687,0.547445,0.123463,0.581687,0.547445,easyviz-matrix-cell-e5483d579d3082cf,,,,
matrix,Fetal,Cortical CMJ,IL17RE,0.8987025725264217,49.0,5.0,0.741388,0.873449,0.149561,0.741388,0.873449,0.149561,easyviz-matrix-cell-442fb3b3ac23879e,,,,
matrix,Fetal,Cortical CMJ,CXCL8,0.5227326433818392,50.0,5.0,0.122606,0.585371,0.546557,0.122606,0.585371,0.546557,easyviz-matrix-cell-d6310d1792e94751,,,,
matrix,Fetal,Cortical CMJ,CXCL3,0.3946183625491956,51.0,5.0,0.165117,0.467423,0.558141,0.165117,0.467423,0.558141,easyviz-matrix-cell-46dfc3bf962d4027,,,,
matrix,Fetal,Cortical CMJ,BMP8A,0.9396957735354,52.0,5.0,0.845561,0.887322,0.099702,0.845561,0.887322,0.099702,easyviz-matrix-cell-543a198fb90b7f44,,,,
matrix,Fetal,Cortical CMJ,CXCL12,0.60952791439067,53.0,5.0,0.143303,0.669459,0.511215,0.143303,0.669459,0.511215,easyviz-matrix-cell-5c70c188f104f4dd,,,,
matrix,Fetal,Cortical CMJ,CCL25,0.7224723073169379,54.0,5.0,0.304148,0.764704,0.419943,0.304148,0.764704,0.419943,easyviz-matrix-cell-31e75475ac3365e9,,,,
matrix,Fetal,Cortical CMJ,IL34,0.2681110321573751,55.0,5.0,0.221989,0.339161,0.548752,0.221989,0.339161,0.548752,easyviz-matrix-cell-93bc03de1ee7f451,,,,
matrix,Fetal,Cortical CMJ,IL33,0.4008159270898151,56.0,5.0,0.163625,0.471133,0.558148,0.163625,0.471133,0.558148,easyviz-matrix-cell-4d1227e9174a0c57,,,,
matrix,Fetal,Cortical CMJ,CCL2,0.2319642843580545,57.0,5.0,0.239346,0.300855,0.540844,0.239346,0.300855,0.540844,easyviz-matrix-cell-795b8bb3fbed1251,,,,
matrix,Fetal,Cortical CMJ,IL1R1,0.3156683435070012,58.0,5.0,0.19943,0.387607,0.554642,0.19943,0.387607,0.554642,easyviz-matrix-cell-9603c96e618ee8ff,,,,
matrix,Fetal,Cortical CMJ,BMP7,0.1069806168176297,59.0,5.0,0.281887,0.150881,0.465405,0.281887,0.150881,0.465405,easyviz-matrix-cell-bf9b93ffa9ea71eb,,,,
matrix,Fetal,Cortical CMJ,SPP1,0.3193992602994841,60.0,5.0,0.197636,0.391528,0.554969,0.197636,0.391528,0.554969,easyviz-matrix-cell-7d61217b5b63020e,,,,
matrix,Fetal,Cortical CMJ,CCL14,0.3265664599511127,61.0,5.0,0.1941,0.399323,0.555565,0.1941,0.399323,0.555565,easyviz-matrix-cell-bca3e2638afd79e2,,,,
matrix,Fetal,Cortical CMJ,GDF11,0.0,62.0,5.0,0.267004,0.004874,0.329415,0.267004,0.004874,0.329415,easyviz-matrix-cell-df4a131905297ed6,,,,
matrix,Fetal,Cortical CMJ,IL1R2,0.05452066280028971,63.0,5.0,0.280894,0.078907,0.402329,0.280894,0.078907,0.402329,easyviz-matrix-cell-4ad0bc4604c7095b,,,,
matrix,Fetal,Cortical CMJ,TGFB3,0.2452897922633012,64.0,5.0,0.233603,0.313828,0.543914,0.233603,0.313828,0.543914,easyviz-matrix-cell-8861a828238ec8b6,,,,
matrix,Fetal,Medullar CMJ,CXCL1,0.1904537820320931,0.0,6.0,0.258965,0.251537,0.524736,0.258965,0.251537,0.524736,easyviz-matrix-cell-3055d65e564e15e3,,,,
matrix,Fetal,Medullar CMJ,IL1RAP,0.526427635222008,1.0,6.0,0.121831,0.589055,0.545623,0.121831,0.589055,0.545623,easyviz-matrix-cell-633e9acd22cbad1e,,,,
matrix,Fetal,Medullar CMJ,CXCL6,0.1063977745565626,2.0,6.0,0.281887,0.150881,0.465405,0.281887,0.150881,0.465405,easyviz-matrix-cell-fc1f280f75fac073,,,,
matrix,Fetal,Medullar CMJ,IL1B,0.5359939497592398,3.0,6.0,0.120092,0.600104,0.54253,0.120092,0.600104,0.54253,easyviz-matrix-cell-f065753ebce64088,,,,
matrix,Fetal,Medullar CMJ,TNFSF12,0.4298735300634393,4.0,6.0,0.151918,0.500685,0.557587,0.151918,0.500685,0.557587,easyviz-matrix-cell-2db8396814b392e8,,,,
matrix,Fetal,Medullar CMJ,IL1RN,0.5793406807038433,5.0,6.0,0.12478,0.640461,0.527068,0.12478,0.640461,0.527068,easyviz-matrix-cell-6c06f256e6c69510,,,,
matrix,Fetal,Medullar CMJ,TNFSF9,0.4813130121434219,6.0,6.0,0.133743,0.548535,0.553541,0.133743,0.548535,0.553541,easyviz-matrix-cell-1ba57305106050fd,,,,
matrix,Fetal,Medullar CMJ,TNFSF11,0.8189503143845425,7.0,6.0,0.525776,0.833491,0.288127,0.525776,0.833491,0.288127,easyviz-matrix-cell-1650c801e1677c26,,,,
matrix,Fetal,Medullar CMJ,CXCL10,0.5803179054443678,8.0,6.0,0.12478,0.640461,0.527068,0.12478,0.640461,0.527068,easyviz-matrix-cell-8d9e7cf64b5742f2,,,,
matrix,Fetal,Medullar CMJ,IL7R,0.5651162249976539,9.0,6.0,0.120638,0.625828,0.533488,0.120638,0.625828,0.533488,easyviz-matrix-cell-f1e12fd11a492566,,,,
matrix,Fetal,Medullar CMJ,CD70,0.6425790954923879,10.0,6.0,0.175707,0.6979,0.491033,0.175707,0.6979,0.491033,easyviz-matrix-cell-48f94ad4c11ef4ff,,,,
matrix,Fetal,Medullar CMJ,FLT3LG,0.5018045320601326,11.0,6.0,0.127568,0.566949,0.550556,0.127568,0.566949,0.550556,easyviz-matrix-cell-16ae7eb618ed98e2,,,,
matrix,Fetal,Medullar CMJ,IL23A,0.4970036515119552,12.0,6.0,0.128729,0.563265,0.551229,0.128729,0.563265,0.551229,easyviz-matrix-cell-4e07037906b05464,,,,
matrix,Fetal,Medullar CMJ,CCL20,0.3278571078693021,13.0,6.0,0.1941,0.399323,0.555565,0.1941,0.399323,0.555565,easyviz-matrix-cell-e49397cb19cd8f9a,,,,
matrix,Fetal,Medullar CMJ,CCL1,0.4660304498674016,14.0,6.0,0.139147,0.533812,0.555298,0.139147,0.533812,0.555298,easyviz-matrix-cell-38c1617f1ee4edd8,,,,
matrix,Fetal,Medullar CMJ,IL6ST,0.6240483239073029,15.0,6.0,0.153894,0.680203,0.504172,0.153894,0.680203,0.504172,easyviz-matrix-cell-4b398beeb5ea5702,,,,
matrix,Fetal,Medullar CMJ,EBI3,0.6711791235180269,16.0,6.0,0.214,0.722114,0.469588,0.214,0.722114,0.469588,easyviz-matrix-cell-ce211d48a5b0e8aa,,,,
matrix,Fetal,Medullar CMJ,CXCL11,0.6723397305327201,17.0,6.0,0.220124,0.725509,0.466226,0.220124,0.725509,0.466226,easyviz-matrix-cell-66266325f05fb9e8,,,,
matrix,Fetal,Medullar CMJ,CCL21,0.6335028212392293,18.0,6.0,0.166383,0.690856,0.496502,0.166383,0.690856,0.496502,easyviz-matrix-cell-e3705a23a221692b,,,,
matrix,Fetal,Medullar CMJ,IL15,0.7653950464078296,19.0,6.0,0.395174,0.797475,0.367757,0.395174,0.797475,0.367757,easyviz-matrix-cell-0108f2ca7c434cf4,,,,
matrix,Fetal,Medullar CMJ,TNF,0.7496309164013016,20.0,6.0,0.360741,0.785964,0.387814,0.360741,0.785964,0.387814,easyviz-matrix-cell-b54f7568ca32413a,,,,
matrix,Fetal,Medullar CMJ,CXCL16,0.8697259745647868,21.0,6.0,0.657642,0.860219,0.203082,0.657642,0.860219,0.203082,easyviz-matrix-cell-ae608fd2c3c10288,,,,
matrix,Fetal,Medullar CMJ,LTA,0.7499590080881167,22.0,6.0,0.360741,0.785964,0.387814,0.360741,0.785964,0.387814,easyviz-matrix-cell-67334339a6e803f4,,,,
matrix,Fetal,Medullar CMJ,TNFSF13B,0.8063435073768237,23.0,6.0,0.496615,0.826376,0.306377,0.496615,0.826376,0.306377,easyviz-matrix-cell-6a1f5c2e4f49fd74,,,,
matrix,Fetal,Medullar CMJ,CCL19,0.7299934092751517,24.0,6.0,0.319809,0.770914,0.411152,0.319809,0.770914,0.411152,easyviz-matrix-cell-7d2b2e2b4733c53d,,,,
matrix,Fetal,Medullar CMJ,IL4R,0.707636511519493,25.0,6.0,0.281477,0.755203,0.432552,0.281477,0.755203,0.432552,easyviz-matrix-cell-9a0d473d512260c6,,,,
matrix,Fetal,Medullar CMJ,CD40LG,0.7499887138515687,26.0,6.0,0.360741,0.785964,0.387814,0.360741,0.785964,0.387814,easyviz-matrix-cell-e655dfe84da3c0ea,,,,
matrix,Fetal,Medullar CMJ,CXCL9,0.7819226254642795,27.0,6.0,0.440137,0.811138,0.340967,0.440137,0.811138,0.340967,easyviz-matrix-cell-c839ad6e69ea8569,,,,
matrix,Fetal,Medullar CMJ,CCL22,0.7808536605052684,28.0,6.0,0.430983,0.808473,0.346476,0.430983,0.808473,0.346476,easyviz-matrix-cell-d6719f1aba789418,,,,
matrix,Fetal,Medullar CMJ,CCL13,0.8323847207621466,29.0,6.0,0.565498,0.84243,0.262877,0.565498,0.84243,0.262877,easyviz-matrix-cell-0be512860c5825bc,,,,
matrix,Fetal,Medullar CMJ,CCL3,0.9976262922703222,30.0,6.0,0.993248,0.906157,0.143936,0.993248,0.906157,0.143936,easyviz-matrix-cell-686342ef6e0dff88,,,,
matrix,Fetal,Medullar CMJ,CCL28,0.9452545016891765,31.0,6.0,0.85581,0.888601,0.097452,0.85581,0.888601,0.097452,easyviz-matrix-cell-cdfb1f42a135fc9a,,,,
matrix,Fetal,Medullar CMJ,CX3CL1,0.5477678926680583,32.0,6.0,0.119423,0.611141,0.538982,0.119423,0.611141,0.538982,easyviz-matrix-cell-8b7ba417a2b93843,,,,
matrix,Fetal,Medullar CMJ,CSF1,1.0,33.0,6.0,0.993248,0.906157,0.143936,0.993248,0.906157,0.143936,easyviz-matrix-cell-ef82486f3cb1af2d,,,,
matrix,Fetal,Medullar CMJ,CCL4,0.8121559695330285,34.0,6.0,0.506271,0.828786,0.300362,0.506271,0.828786,0.300362,easyviz-matrix-cell-24d46c51190a3328,,,,
matrix,Fetal,Medullar CMJ,CXCL13,0.6849615754820726,35.0,6.0,0.239374,0.735588,0.455688,0.239374,0.735588,0.455688,easyviz-matrix-cell-f7127c917987f432,,,,
matrix,Fetal,Medullar CMJ,IL12B,1.0,36.0,6.0,0.993248,0.906157,0.143936,0.993248,0.906157,0.143936,easyviz-matrix-cell-2ef6fae819be9997,,,,
matrix,Fetal,Medullar CMJ,CXCL14,0.8113723191246472,37.0,6.0,0.506271,0.828786,0.300362,0.506271,0.828786,0.300362,easyviz-matrix-cell-7ce054057bbabac4,,,,
matrix,Fetal,Medullar CMJ,TNFSF13,1.0,38.0,6.0,0.993248,0.906157,0.143936,0.993248,0.906157,0.143936,easyviz-matrix-cell-658c211ec4df0dc8,,,,
matrix,Fetal,Medullar CMJ,IL6R,0.8634223251693122,39.0,6.0,0.647257,0.8584,0.209861,0.647257,0.8584,0.209861,easyviz-matrix-cell-099d472ddf292cfb,,,,
matrix,Fetal,Medullar CMJ,XCL1,0.9623059321390989,40.0,6.0,0.906311,0.894855,0.098125,0.906311,0.894855,0.098125,easyviz-matrix-cell-56743c99d6e5994b,,,,
matrix,Fetal,Medullar CMJ,IL18,0.9359691260730618,41.0,6.0,0.83527,0.886029,0.102646,0.83527,0.886029,0.102646,easyviz-matrix-cell-f907baacf4606f07,,,,
matrix,Fetal,Medullar CMJ,XCL2,0.891634138802473,42.0,6.0,0.720391,0.87035,0.162603,0.720391,0.87035,0.162603,easyviz-matrix-cell-1afe515710a08e6b,,,,
matrix,Fetal,Medullar CMJ,TNFSF14,0.8372147154691586,43.0,6.0,0.575563,0.844566,0.256415,0.575563,0.844566,0.256415,easyviz-matrix-cell-7fdc9a7f7d11281f,,,,
matrix,Fetal,Medullar CMJ,CCL17,0.7522555111888769,44.0,6.0,0.369214,0.788888,0.382914,0.369214,0.788888,0.382914,easyviz-matrix-cell-e8a0c9460baffa2c,,,,
matrix,Fetal,Medullar CMJ,CCL5,0.8319667210473819,45.0,6.0,0.555484,0.840254,0.269281,0.555484,0.840254,0.269281,easyviz-matrix-cell-ef9023c7dcee18b4,,,,
matrix,Fetal,Medullar CMJ,CCL18,1.0,46.0,6.0,0.993248,0.906157,0.143936,0.993248,0.906157,0.143936,easyviz-matrix-cell-ad0f33c27cc7ab86,,,,
matrix,Fetal,Medullar CMJ,TNFSF10,0.8804634621785085,47.0,6.0,0.688944,0.865448,0.182725,0.688944,0.865448,0.182725,easyviz-matrix-cell-e9b77e4e85c98396,,,,
matrix,Fetal,Medullar CMJ,IL15RA,0.8520313249266439,48.0,6.0,0.616293,0.852709,0.230052,0.616293,0.852709,0.230052,easyviz-matrix-cell-431462c327f9357f,,,,
matrix,Fetal,Medullar CMJ,IL17RE,0.3224793634951398,49.0,6.0,0.19586,0.395433,0.555276,0.19586,0.395433,0.555276,easyviz-matrix-cell-bcf94386ffe26dec,,,,
matrix,Fetal,Medullar CMJ,CXCL8,0.3826614567485164,50.0,6.0,0.171176,0.45253,0.557965,0.171176,0.45253,0.557965,easyviz-matrix-cell-bc00fde875bfad9d,,,,
matrix,Fetal,Medullar CMJ,CXCL3,0.3506653311148684,51.0,6.0,0.183898,0.422383,0.556944,0.183898,0.422383,0.556944,easyviz-matrix-cell-dde3078bb8620538,,,,
matrix,Fetal,Medullar CMJ,BMP8A,0.4289872575335436,52.0,6.0,0.153364,0.497,0.557724,0.153364,0.497,0.557724,easyviz-matrix-cell-fa4cd897844be87a,,,,
matrix,Fetal,Medullar CMJ,CXCL12,0.4045084756975879,53.0,6.0,0.162142,0.474838,0.55814,0.162142,0.474838,0.55814,easyviz-matrix-cell-1ad597bd7d567f49,,,,
matrix,Fetal,Medullar CMJ,CCL25,0.4417599376930069,54.0,6.0,0.147607,0.511733,0.557049,0.147607,0.511733,0.557049,easyviz-matrix-cell-d16995bd922a7239,,,,
matrix,Fetal,Medullar CMJ,IL34,0.5950248456628905,55.0,6.0,0.132268,0.655014,0.519661,0.132268,0.655014,0.519661,easyviz-matrix-cell-6d8cbdf5214bd2b4,,,,
matrix,Fetal,Medullar CMJ,IL33,0.6408363228847611,56.0,6.0,0.175707,0.6979,0.491033,0.175707,0.6979,0.491033,easyviz-matrix-cell-108587f58b9a54d1,,,,
matrix,Fetal,Medullar CMJ,CCL2,0.2813147367649458,57.0,6.0,0.214298,0.355619,0.551184,0.214298,0.355619,0.551184,easyviz-matrix-cell-01f8d764be62c4fd,,,,
matrix,Fetal,Medullar CMJ,IL1R1,0.03849653562531437,58.0,6.0,0.277941,0.056324,0.381191,0.277941,0.056324,0.381191,easyviz-matrix-cell-e0a95d7c5ba527ac,,,,
matrix,Fetal,Medullar CMJ,BMP7,0.3283006139307945,59.0,6.0,0.192357,0.403199,0.555836,0.192357,0.403199,0.555836,easyviz-matrix-cell-35958d290db034cb,,,,
matrix,Fetal,Medullar CMJ,SPP1,0.2855815645863271,60.0,6.0,0.212395,0.359683,0.55171,0.212395,0.359683,0.55171,easyviz-matrix-cell-ee1068058b3cbea5,,,,
matrix,Fetal,Medullar CMJ,CCL14,0.2477701762562596,61.0,6.0,0.231674,0.318106,0.544834,0.231674,0.318106,0.544834,easyviz-matrix-cell-7f6c05b4b1e561ec,,,,
matrix,Fetal,Medullar CMJ,GDF11,0.3905890122891789,62.0,6.0,0.168126,0.459988,0.558082,0.168126,0.459988,0.558082,easyviz-matrix-cell-4911505ea694609a,,,,
matrix,Fetal,Medullar CMJ,IL1R2,0.2286990620575204,63.0,6.0,0.241237,0.296485,0.539709,0.241237,0.296485,0.539709,easyviz-matrix-cell-792400d427d4b655,,,,
matrix,Fetal,Medullar CMJ,TGFB3,0.1406059235572682,64.0,6.0,0.276194,0.190074,0.493001,0.276194,0.190074,0.493001,easyviz-matrix-cell-f6219fb8e0a0ee85,,,,
matrix,Fetal,Medullar level 1,CXCL1,0.2851683436874924,0.0,7.0,0.212395,0.359683,0.55171,0.212395,0.359683,0.55171,easyviz-matrix-cell-ea6884024259fc8f,,,,
matrix,Fetal,Medullar level 1,IL1RAP,0.7331547116947315,1.0,7.0,0.327796,0.77398,0.40664,0.327796,0.77398,0.40664,easyviz-matrix-cell-3973f9d9eb3484e3,,,,
matrix,Fetal,Medullar level 1,CXCL6,0.3590310416656206,2.0,7.0,0.180629,0.429975,0.557282,0.180629,0.429975,0.557282,easyviz-matrix-cell-c6070b616818c428,,,,
matrix,Fetal,Medullar level 1,IL1B,0.7287040707489261,3.0,7.0,0.319809,0.770914,0.411152,0.319809,0.770914,0.411152,easyviz-matrix-cell-37a42cf0354bf495,,,,
matrix,Fetal,Medullar level 1,TNFSF12,0.6861783666609481,4.0,7.0,0.239374,0.735588,0.455688,0.239374,0.735588,0.455688,easyviz-matrix-cell-4b730601a50fcb5f,,,,
matrix,Fetal,Medullar level 1,IL1RN,0.8017162528032401,5.0,7.0,0.487026,0.823929,0.312321,0.487026,0.823929,0.312321,easyviz-matrix-cell-ae9892935a27631f,,,,
matrix,Fetal,Medullar level 1,TNFSF9,0.5803456847606384,6.0,7.0,0.12478,0.640461,0.527068,0.12478,0.640461,0.527068,easyviz-matrix-cell-2c6d77ae99d77921,,,,
matrix,Fetal,Medullar level 1,TNFSF11,0.9174873149311196,7.0,7.0,0.783315,0.879285,0.125405,0.783315,0.879285,0.125405,easyviz-matrix-cell-8609873fccce8135,,,,
matrix,Fetal,Medullar level 1,CXCL10,0.7811999326933471,8.0,7.0,0.430983,0.808473,0.346476,0.430983,0.808473,0.346476,easyviz-matrix-cell-81345a893d6e842b,,,,
matrix,Fetal,Medullar level 1,IL7R,0.8039102474936785,9.0,7.0,0.487026,0.823929,0.312321,0.487026,0.823929,0.312321,easyviz-matrix-cell-8aeb6e90fe16b807,,,,
matrix,Fetal,Medullar level 1,CD70,0.8156355301930975,10.0,7.0,0.515992,0.831158,0.294279,0.515992,0.831158,0.294279,easyviz-matrix-cell-56fd6cbf32780f01,,,,
matrix,Fetal,Medullar level 1,FLT3LG,0.7885544755651807,11.0,7.0,0.449368,0.813768,0.335384,0.449368,0.813768,0.335384,easyviz-matrix-cell-51adb76a590d0984,,,,
matrix,Fetal,Medullar level 1,IL23A,0.8733639199761404,12.0,7.0,0.668054,0.861999,0.196293,0.668054,0.861999,0.196293,easyviz-matrix-cell-d39453cd1880ceef,,,,
matrix,Fetal,Medullar level 1,CCL20,0.5952148966155528,13.0,7.0,0.132268,0.655014,0.519661,0.132268,0.655014,0.519661,easyviz-matrix-cell-cad72af5a5cff9ea,,,,
matrix,Fetal,Medullar level 1,CCL1,0.7419724476065913,14.0,7.0,0.344074,0.780029,0.397381,0.344074,0.780029,0.397381,easyviz-matrix-cell-93351ac155b88b78,,,,
matrix,Fetal,Medullar level 1,IL6ST,1.0,15.0,7.0,0.993248,0.906157,0.143936,0.993248,0.906157,0.143936,easyviz-matrix-cell-0d8e2ba7af54c455,,,,
matrix,Fetal,Medullar level 1,EBI3,1.0,16.0,7.0,0.993248,0.906157,0.143936,0.993248,0.906157,0.143936,easyviz-matrix-cell-9535fc5ed236e14c,,,,
matrix,Fetal,Medullar level 1,CXCL11,0.9724530470509045,17.0,7.0,0.926106,0.89733,0.104071,0.926106,0.89733,0.104071,easyviz-matrix-cell-25bbab4f9f033a68,,,,
matrix,Fetal,Medullar level 1,CCL21,1.0,18.0,7.0,0.993248,0.906157,0.143936,0.993248,0.906157,0.143936,easyviz-matrix-cell-50a7ca4f0b407ae9,,,,
matrix,Fetal,Medullar level 1,IL15,0.7541396457958339,19.0,7.0,0.377779,0.791781,0.377939,0.377779,0.791781,0.377939,easyviz-matrix-cell-51d6a411c58a59ab,,,,
matrix,Fetal,Medullar level 1,TNF,0.9238831178452429,20.0,7.0,0.804182,0.882046,0.114965,0.804182,0.882046,0.114965,easyviz-matrix-cell-01244e704add1e66,,,,
matrix,Fetal,Medullar level 1,CXCL16,1.0,21.0,7.0,0.993248,0.906157,0.143936,0.993248,0.906157,0.143936,easyviz-matrix-cell-263d3a06f3219d08,,,,
matrix,Fetal,Medullar level 1,LTA,0.9816171216335223,22.0,7.0,0.9553,0.901065,0.118128,0.9553,0.901065,0.118128,easyviz-matrix-cell-be743c4c7007f904,,,,
matrix,Fetal,Medullar level 1,TNFSF13B,0.9038501373658374,23.0,7.0,0.751884,0.874951,0.143228,0.751884,0.874951,0.143228,easyviz-matrix-cell-ba81b2dea11a7d23,,,,
matrix,Fetal,Medullar level 1,CCL19,0.9763391364482893,24.0,7.0,0.935904,0.89857,0.108131,0.935904,0.89857,0.108131,easyviz-matrix-cell-a1bf46400494c5b3,,,,
matrix,Fetal,Medullar level 1,IL4R,0.9070339124061413,25.0,7.0,0.762373,0.876424,0.137064,0.762373,0.876424,0.137064,easyviz-matrix-cell-128be29be95ece27,,,,
matrix,Fetal,Medullar level 1,CD40LG,0.9443898050924836,26.0,7.0,0.85581,0.888601,0.097452,0.85581,0.888601,0.097452,easyviz-matrix-cell-8fbe7e0a61c88ad1,,,,
matrix,Fetal,Medullar level 1,CXCL9,0.9834131746207943,27.0,7.0,0.9553,0.901065,0.118128,0.9553,0.901065,0.118128,easyviz-matrix-cell-1a4652fd0fbebb82,,,,
matrix,Fetal,Medullar level 1,CCL22,1.0,28.0,7.0,0.993248,0.906157,0.143936,0.993248,0.906157,0.143936,easyviz-matrix-cell-d82d5f25db7405f5,,,,
matrix,Fetal,Medullar level 1,CCL13,0.6064370149300242,29.0,7.0,0.14021,0.665859,0.513427,0.14021,0.665859,0.513427,easyviz-matrix-cell-638fad5024363bcb,,,,
matrix,Fetal,Medullar level 1,CCL3,0.8029473296339947,30.0,7.0,0.487026,0.823929,0.312321,0.487026,0.823929,0.312321,easyviz-matrix-cell-424b6d2f0e2f4302,,,,
matrix,Fetal,Medullar level 1,CCL28,0.9556793934383936,31.0,7.0,0.886271,0.892374,0.095374,0.886271,0.892374,0.095374,easyviz-matrix-cell-549275327d6d6204,,,,
matrix,Fetal,Medullar level 1,CX3CL1,0.6564523863556717,32.0,7.0,0.196571,0.711827,0.479221,0.196571,0.711827,0.479221,easyviz-matrix-cell-a19312b49b228cab,,,,
matrix,Fetal,Medullar level 1,CSF1,0.962246640336717,33.0,7.0,0.906311,0.894855,0.098125,0.906311,0.894855,0.098125,easyviz-matrix-cell-08d8d28438e50856,,,,
matrix,Fetal,Medullar level 1,CCL4,0.7511561511864586,34.0,7.0,0.369214,0.788888,0.382914,0.369214,0.788888,0.382914,easyviz-matrix-cell-58e806c8361a1365,,,,
matrix,Fetal,Medullar level 1,CXCL13,1.0,35.0,7.0,0.993248,0.906157,0.143936,0.993248,0.906157,0.143936,easyviz-matrix-cell-2db141ce31deaf1b,,,,
matrix,Fetal,Medullar level 1,IL12B,0.9164829642114412,36.0,7.0,0.783315,0.879285,0.125405,0.783315,0.879285,0.125405,easyviz-matrix-cell-ea3adc62b2145f33,,,,
matrix,Fetal,Medullar level 1,CXCL14,1.0,37.0,7.0,0.993248,0.906157,0.143936,0.993248,0.906157,0.143936,easyviz-matrix-cell-eef468513ac0e9f6,,,,
matrix,Fetal,Medullar level 1,TNFSF13,0.8639824559665685,38.0,7.0,0.647257,0.8584,0.209861,0.647257,0.8584,0.209861,easyviz-matrix-cell-d483452e61c2b9cd,,,,
matrix,Fetal,Medullar level 1,IL6R,1.0,39.0,7.0,0.993248,0.906157,0.143936,0.993248,0.906157,0.143936,easyviz-matrix-cell-e8d5ce8aafde2cd0,,,,
matrix,Fetal,Medullar level 1,XCL1,1.0,40.0,7.0,0.993248,0.906157,0.143936,0.993248,0.906157,0.143936,easyviz-matrix-cell-5c4528faf3756110,,,,
matrix,Fetal,Medullar level 1,IL18,1.0,41.0,7.0,0.993248,0.906157,0.143936,0.993248,0.906157,0.143936,easyviz-matrix-cell-5e53e1bd95143b27,,,,
matrix,Fetal,Medullar level 1,XCL2,1.0,42.0,7.0,0.993248,0.906157,0.143936,0.993248,0.906157,0.143936,easyviz-matrix-cell-7b8264a53b9a8e1c,,,,
matrix,Fetal,Medullar level 1,TNFSF14,1.0,43.0,7.0,0.993248,0.906157,0.143936,0.993248,0.906157,0.143936,easyviz-matrix-cell-b6fc489ed9ce7554,,,,
matrix,Fetal,Medullar level 1,CCL17,1.0,44.0,7.0,0.993248,0.906157,0.143936,0.993248,0.906157,0.143936,easyviz-matrix-cell-f20d80610f02ba5e,,,,
matrix,Fetal,Medullar level 1,CCL5,1.0,45.0,7.0,0.993248,0.906157,0.143936,0.993248,0.906157,0.143936,easyviz-matrix-cell-50cbfc270d5f7915,,,,
matrix,Fetal,Medullar level 1,CCL18,0.9130962331159214,46.0,7.0,0.772852,0.877868,0.131109,0.772852,0.877868,0.131109,easyviz-matrix-cell-5ef14ce27a534933,,,,
matrix,Fetal,Medullar level 1,TNFSF10,0.9359264502558379,47.0,7.0,0.83527,0.886029,0.102646,0.83527,0.886029,0.102646,easyviz-matrix-cell-320ef90b5cf99ffe,,,,
matrix,Fetal,Medullar level 1,IL15RA,1.0,48.0,7.0,0.993248,0.906157,0.143936,0.993248,0.906157,0.143936,easyviz-matrix-cell-524abd58cab4d37d,,,,
matrix,Fetal,Medullar level 1,IL17RE,0.2183174878722473,49.0,7.0,0.246811,0.283237,0.535941,0.246811,0.283237,0.535941,easyviz-matrix-cell-d24a0f35a060fdf2,,,,
matrix,Fetal,Medullar level 1,CXCL8,0.3107648559875275,50.0,7.0,0.201239,0.38367,0.554294,0.201239,0.38367,0.554294,easyviz-matrix-cell-f7fbb9862f48c7fd,,,,
matrix,Fetal,Medullar level 1,CXCL3,0.02993578625409536,51.0,7.0,0.276022,0.044167,0.370164,0.276022,0.044167,0.370164,easyviz-matrix-cell-04c1bc98ea6f64b2,,,,
matrix,Fetal,Medullar level 1,BMP8A,0.02934672657091291,52.0,7.0,0.276022,0.044167,0.370164,0.276022,0.044167,0.370164,easyviz-matrix-cell-6d487c983e20729a,,,,
matrix,Fetal,Medullar level 1,CXCL12,0.0968668087907559,53.0,7.0,0.282884,0.13592,0.453427,0.282884,0.13592,0.453427,easyviz-matrix-cell-5eaa9ee83ef0e01f,,,,
matrix,Fetal,Medullar level 1,CCL25,0.07733872248677143,54.0,7.0,0.283091,0.110553,0.431554,0.283091,0.110553,0.431554,easyviz-matrix-cell-1fe9073cf52807df,,,,
matrix,Fetal,Medullar level 1,IL34,0.3724483357672609,55.0,7.0,0.174274,0.445044,0.557792,0.174274,0.445044,0.557792,easyviz-matrix-cell-8bf9d8faf5f1155c,,,,
matrix,Fetal,Medullar level 1,IL33,0.07348880064227721,56.0,7.0,0.28291,0.105393,0.426902,0.28291,0.105393,0.426902,easyviz-matrix-cell-0d1876ccf5ba5e40,,,,
matrix,Fetal,Medullar level 1,CCL2,0.2973386096572224,57.0,7.0,0.206756,0.371758,0.553117,0.206756,0.371758,0.553117,easyviz-matrix-cell-2fc232ae61b81e48,,,,
matrix,Fetal,Medullar level 1,IL1R1,0.3141758509422568,58.0,7.0,0.19943,0.387607,0.554642,0.19943,0.387607,0.554642,easyviz-matrix-cell-f6cc1857c98a45cc,,,,
matrix,Fetal,Medullar level 1,BMP7,0.1732187570891146,59.0,7.0,0.265145,0.232956,0.516599,0.265145,0.232956,0.516599,easyviz-matrix-cell-0236a2426d7865cf,,,,
matrix,Fetal,Medullar level 1,SPP1,0.1136273763709702,60.0,7.0,0.280868,0.160771,0.472899,0.280868,0.160771,0.472899,easyviz-matrix-cell-b13ff2be4a062f4a,,,,
matrix,Fetal,Medullar level 1,CCL14,0.02777783491179757,61.0,7.0,0.276022,0.044167,0.370164,0.276022,0.044167,0.370164,easyviz-matrix-cell-1c882f28d2fa0b1d,,,,
matrix,Fetal,Medullar level 1,GDF11,1.0,62.0,7.0,0.993248,0.906157,0.143936,0.993248,0.906157,0.143936,easyviz-matrix-cell-c7c877f9658ffc97,,,,
matrix,Fetal,Medullar level 1,IL1R2,0.921412288544126,63.0,7.0,0.79376,0.880678,0.120005,0.79376,0.880678,0.120005,easyviz-matrix-cell-7b381735810872aa,,,,
matrix,Fetal,Medullar level 1,TGFB3,0.5118696000202273,64.0,7.0,0.124395,0.578002,0.548287,0.124395,0.578002,0.548287,easyviz-matrix-cell-b74f11c6ab60edb5,,,,
matrix,Fetal,Medullar level 2,CXCL1,0.5555835819315467,0.0,8.0,0.119699,0.61849,0.536347,0.119699,0.61849,0.536347,easyviz-matrix-cell-a0811dd2b96f29fb,,,,
matrix,Fetal,Medullar level 2,IL1RAP,0.8581676561085655,1.0,8.0,0.626579,0.854645,0.223353,0.626579,0.854645,0.223353,easyviz-matrix-cell-f967abada02dd88d,,,,
matrix,Fetal,Medullar level 2,CXCL6,1.0,2.0,8.0,0.993248,0.906157,0.143936,0.993248,0.906157,0.143936,easyviz-matrix-cell-ee82304bf1bc6875,,,,
matrix,Fetal,Medullar level 2,IL1B,1.0,3.0,8.0,0.993248,0.906157,0.143936,0.993248,0.906157,0.143936,easyviz-matrix-cell-789f55e15865b2dc,,,,
matrix,Fetal,Medullar level 2,TNFSF12,1.0,4.0,8.0,0.993248,0.906157,0.143936,0.993248,0.906157,0.143936,easyviz-matrix-cell-1d95c48e6db47ab3,,,,
matrix,Fetal,Medullar level 2,IL1RN,1.0,5.0,8.0,0.993248,0.906157,0.143936,0.993248,0.906157,0.143936,easyviz-matrix-cell-f7848e630eee1785,,,,
matrix,Fetal,Medullar level 2,TNFSF9,1.0,6.0,8.0,0.993248,0.906157,0.143936,0.993248,0.906157,0.143936,easyviz-matrix-cell-c9ffe556a1850e77,,,,
matrix,Fetal,Medullar level 2,TNFSF11,0.9168399997868983,7.0,8.0,0.783315,0.879285,0.125405,0.783315,0.879285,0.125405,easyviz-matrix-cell-78af3ecb65a7f656,,,,
matrix,Fetal,Medullar level 2,CXCL10,0.8071990814645245,8.0,8.0,0.496615,0.826376,0.306377,0.496615,0.826376,0.306377,easyviz-matrix-cell-1a53c65c8200b573,,,,
matrix,Fetal,Medullar level 2,IL7R,0.8950924841615692,9.0,8.0,0.730889,0.871916,0.156029,0.730889,0.871916,0.156029,easyviz-matrix-cell-15876df9a317d155,,,,
matrix,Fetal,Medullar level 2,CD70,1.0,10.0,8.0,0.993248,0.906157,0.143936,0.993248,0.906157,0.143936,easyviz-matrix-cell-3dcba02fed31aab2,,,,
matrix,Fetal,Medullar level 2,FLT3LG,1.0,11.0,8.0,0.993248,0.906157,0.143936,0.993248,0.906157,0.143936,easyviz-matrix-cell-632df43731cfc0c1,,,,
matrix,Fetal,Medullar level 2,IL23A,0.6263077608273027,12.0,8.0,0.157851,0.683765,0.501686,0.157851,0.683765,0.501686,easyviz-matrix-cell-0f245ca64df29933,,,,
matrix,Fetal,Medullar level 2,CCL20,0.7399683259855933,13.0,8.0,0.344074,0.780029,0.397381,0.344074,0.780029,0.397381,easyviz-matrix-cell-42bef590d6575c3f,,,,
matrix,Fetal,Medullar level 2,CCL1,0.7335365582743723,14.0,8.0,0.327796,0.77398,0.40664,0.327796,0.77398,0.40664,easyviz-matrix-cell-2d94833f1db73d49,,,,
matrix,Fetal,Medullar level 2,IL6ST,0.9925164113661643,15.0,8.0,0.983868,0.904867,0.136897,0.983868,0.904867,0.136897,easyviz-matrix-cell-82699073b3d9c821,,,,
matrix,Fetal,Medullar level 2,EBI3,0.9406610020678038,16.0,8.0,0.845561,0.887322,0.099702,0.845561,0.887322,0.099702,easyviz-matrix-cell-ff5268e7211a407c,,,,
matrix,Fetal,Medullar level 2,CXCL11,1.0,17.0,8.0,0.993248,0.906157,0.143936,0.993248,0.906157,0.143936,easyviz-matrix-cell-894322070f19420d,,,,
matrix,Fetal,Medullar level 2,CCL21,0.9927470677978024,18.0,8.0,0.983868,0.904867,0.136897,0.983868,0.904867,0.136897,easyviz-matrix-cell-5e63f972e2cab7fc,,,,
matrix,Fetal,Medullar level 2,IL15,1.0,19.0,8.0,0.993248,0.906157,0.143936,0.993248,0.906157,0.143936,easyviz-matrix-cell-7f2e2d6f92a965a5,,,,
matrix,Fetal,Medullar level 2,TNF,1.0,20.0,8.0,0.993248,0.906157,0.143936,0.993248,0.906157,0.143936,easyviz-matrix-cell-e341ec9730db8e34,,,,
matrix,Fetal,Medullar level 2,CXCL16,0.8904083554367687,21.0,8.0,0.709898,0.868751,0.169257,0.709898,0.868751,0.169257,easyviz-matrix-cell-b376f36eba3cf284,,,,
matrix,Fetal,Medullar level 2,LTA,1.0,22.0,8.0,0.993248,0.906157,0.143936,0.993248,0.906157,0.143936,easyviz-matrix-cell-aadcc65e0c1e062c,,,,
matrix,Fetal,Medullar level 2,TNFSF13B,1.0,23.0,8.0,0.993248,0.906157,0.143936,0.993248,0.906157,0.143936,easyviz-matrix-cell-b8b4e29ce2f463eb,,,,
matrix,Fetal,Medullar level 2,CCL19,1.0,24.0,8.0,0.993248,0.906157,0.143936,0.993248,0.906157,0.143936,easyviz-matrix-cell-989f1a3d82490216,,,,
matrix,Fetal,Medullar level 2,IL4R,1.0,25.0,8.0,0.993248,0.906157,0.143936,0.993248,0.906157,0.143936,easyviz-matrix-cell-1d9b85c9b34fc355,,,,
matrix,Fetal,Medullar level 2,CD40LG,1.0,26.0,8.0,0.993248,0.906157,0.143936,0.993248,0.906157,0.143936,easyviz-matrix-cell-bb0eff85dbc17567,,,,
matrix,Fetal,Medullar level 2,CXCL9,0.9693657550098947,27.0,8.0,0.926106,0.89733,0.104071,0.926106,0.89733,0.104071,easyviz-matrix-cell-951fc525e4ac1798,,,,
matrix,Fetal,Medullar level 2,CCL22,0.9053806622030514,28.0,8.0,0.751884,0.874951,0.143228,0.751884,0.874951,0.143228,easyviz-matrix-cell-6f663287905640f9,,,,
matrix,Fetal,Medullar level 2,CCL13,0.3211654299866718,29.0,8.0,0.19586,0.395433,0.555276,0.19586,0.395433,0.555276,easyviz-matrix-cell-cfe6901a1778b3e7,,,,
matrix,Fetal,Medullar level 2,CCL3,1.0,30.0,8.0,0.993248,0.906157,0.143936,0.993248,0.906157,0.143936,easyviz-matrix-cell-a1e3484aa7e41f43,,,,
matrix,Fetal,Medullar level 2,CCL28,1.0,31.0,8.0,0.993248,0.906157,0.143936,0.993248,0.906157,0.143936,easyviz-matrix-cell-f7bae8f21cfd0d45,,,,
matrix,Fetal,Medullar level 2,CX3CL1,1.0,32.0,8.0,0.993248,0.906157,0.143936,0.993248,0.906157,0.143936,easyviz-matrix-cell-f27891350489ca7b,,,,
matrix,Fetal,Medullar level 2,CSF1,0.6847747738724361,33.0,8.0,0.239374,0.735588,0.455688,0.239374,0.735588,0.455688,easyviz-matrix-cell-a2a6697f6456d17e,,,,
matrix,Fetal,Medullar level 2,CCL4,0.5032866508418796,34.0,8.0,0.127568,0.566949,0.550556,0.127568,0.566949,0.550556,easyviz-matrix-cell-954b8596d4260b5f,,,,
matrix,Fetal,Medullar level 2,CXCL13,0.8937184150106984,35.0,8.0,0.720391,0.87035,0.162603,0.720391,0.87035,0.162603,easyviz-matrix-cell-60d8b0607413a177,,,,
matrix,Fetal,Medullar level 2,IL12B,0.6481217953335006,36.0,8.0,0.180653,0.701402,0.488189,0.180653,0.701402,0.488189,easyviz-matrix-cell-4c30f6c761adbf54,,,,
matrix,Fetal,Medullar level 2,CXCL14,0.8625677473070669,37.0,8.0,0.636902,0.856542,0.21662,0.636902,0.856542,0.21662,easyviz-matrix-cell-173ccf74a4feab33,,,,
matrix,Fetal,Medullar level 2,TNFSF13,0.8393758642626276,38.0,8.0,0.575563,0.844566,0.256415,0.575563,0.844566,0.256415,easyviz-matrix-cell-88d07f9ef445b344,,,,
matrix,Fetal,Medullar level 2,IL6R,0.9608661494428555,39.0,8.0,0.89632,0.893616,0.096335,0.89632,0.893616,0.096335,easyviz-matrix-cell-1f6101449e886858,,,,
matrix,Fetal,Medullar level 2,XCL1,0.9497944304648578,40.0,8.0,0.876168,0.891125,0.09525,0.876168,0.891125,0.09525,easyviz-matrix-cell-c181a30059c3b070,,,,
matrix,Fetal,Medullar level 2,IL18,0.8558668846154621,41.0,8.0,0.626579,0.854645,0.223353,0.626579,0.854645,0.223353,easyviz-matrix-cell-e59d9cbea03f2c72,,,,
matrix,Fetal,Medullar level 2,XCL2,0.848656521521098,42.0,8.0,0.606045,0.850733,0.236712,0.606045,0.850733,0.236712,easyviz-matrix-cell-fe46b4a80ea4621f,,,,
matrix,Fetal,Medullar level 2,TNFSF14,0.8332441151786444,43.0,8.0,0.565498,0.84243,0.262877,0.565498,0.84243,0.262877,easyviz-matrix-cell-dd247cad35f3e5b7,,,,
matrix,Fetal,Medullar level 2,CCL17,0.904726012936796,44.0,8.0,0.751884,0.874951,0.143228,0.751884,0.874951,0.143228,easyviz-matrix-cell-3987ac37824eb9b0,,,,
matrix,Fetal,Medullar level 2,CCL5,0.9440375400414597,45.0,8.0,0.85581,0.888601,0.097452,0.85581,0.888601,0.097452,easyviz-matrix-cell-4ddccdeea024ec82,,,,
matrix,Fetal,Medullar level 2,CCL18,0.7470240510196187,46.0,8.0,0.360741,0.785964,0.387814,0.360741,0.785964,0.387814,easyviz-matrix-cell-f4f98a20566ab17b,,,,
matrix,Fetal,Medullar level 2,TNFSF10,1.0,47.0,8.0,0.993248,0.906157,0.143936,0.993248,0.906157,0.143936,easyviz-matrix-cell-45555e3b40a05167,,,,
matrix,Fetal,Medullar level 2,IL15RA,0.9776904241123785,48.0,8.0,0.945636,0.899815,0.112838,0.945636,0.899815,0.112838,easyviz-matrix-cell-8516ecf8fc4f50b4,,,,
matrix,Fetal,Medullar level 2,IL17RE,0.1576988785785783,49.0,8.0,0.270595,0.214069,0.507052,0.270595,0.214069,0.507052,easyviz-matrix-cell-cf462882a6a127a3,,,,
matrix,Fetal,Medullar level 2,CXCL8,0.0,50.0,8.0,0.267004,0.004874,0.329415,0.267004,0.004874,0.329415,easyviz-matrix-cell-5573bbe7842e4c09,,,,
matrix,Fetal,Medullar level 2,CXCL3,0.0,51.0,8.0,0.267004,0.004874,0.329415,0.267004,0.004874,0.329415,easyviz-matrix-cell-7b41db85ac6675b8,,,,
matrix,Fetal,Medullar level 2,BMP8A,0.0,52.0,8.0,0.267004,0.004874,0.329415,0.267004,0.004874,0.329415,easyviz-matrix-cell-ab1f0dd49ca21fac,,,,
matrix,Fetal,Medullar level 2,CXCL12,0.003608653030221335,53.0,8.0,0.267004,0.004874,0.329415,0.267004,0.004874,0.329415,easyviz-matrix-cell-4349b431906fc4e5,,,,
matrix,Fetal,Medullar level 2,CCL25,0.0,54.0,8.0,0.267004,0.004874,0.329415,0.267004,0.004874,0.329415,easyviz-matrix-cell-848878fe616d3787,,,,
matrix,Fetal,Medullar level 2,IL34,0.1291265933248872,55.0,8.0,0.278012,0.180367,0.486697,0.278012,0.180367,0.486697,easyviz-matrix-cell-438420b7011dbbcf,,,,
matrix,Fetal,Medullar level 2,IL33,0.01884342280741718,56.0,8.0,0.272594,0.025563,0.353093,0.272594,0.025563,0.353093,easyviz-matrix-cell-4ef7bfc92d817460,,,,
matrix,Fetal,Medullar level 2,CCL2,0.089471208576405,57.0,8.0,0.283187,0.125848,0.44496,0.283187,0.125848,0.44496,easyviz-matrix-cell-9adf1db060c324cb,,,,
matrix,Fetal,Medullar level 2,IL1R1,0.2204558917861033,58.0,8.0,0.244972,0.287675,0.53726,0.244972,0.287675,0.53726,easyviz-matrix-cell-090d60f89887c809,,,,
matrix,Fetal,Medullar level 2,BMP7,0.04272878371525587,59.0,8.0,0.278791,0.062145,0.386592,0.278791,0.062145,0.386592,easyviz-matrix-cell-6c1445f1edc23163,,,,
matrix,Fetal,Medullar level 2,SPP1,0.0,60.0,8.0,0.267004,0.004874,0.329415,0.267004,0.004874,0.329415,easyviz-matrix-cell-fbf785cad12df881,,,,
matrix,Fetal,Medullar level 2,CCL14,0.0,61.0,8.0,0.267004,0.004874,0.329415,0.267004,0.004874,0.329415,easyviz-matrix-cell-1a5c5a1fae0ef13f,,,,
matrix,Fetal,Medullar level 2,GDF11,0.1655054964818841,62.0,8.0,0.267968,0.223549,0.512008,0.267968,0.223549,0.512008,easyviz-matrix-cell-de63a7167347c8d4,,,,
matrix,Fetal,Medullar level 2,IL1R2,0.3763227982313083,63.0,8.0,0.172719,0.448791,0.557885,0.172719,0.448791,0.557885,easyviz-matrix-cell-5795905b5592b486,,,,
matrix,Fetal,Medullar level 2,TGFB3,0.3402439454255283,64.0,8.0,0.187231,0.414746,0.556547,0.187231,0.414746,0.556547,easyviz-matrix-cell-19d8fab11294efb6,,,,
matrix,Fetal,Medullar level 3,CXCL1,1.0,0.0,9.0,0.993248,0.906157,0.143936,0.993248,0.906157,0.143936,easyviz-matrix-cell-3cf3de2c123e17ad,,,,
matrix,Fetal,Medullar level 3,IL1RAP,1.0,1.0,9.0,0.993248,0.906157,0.143936,0.993248,0.906157,0.143936,easyviz-matrix-cell-96a844b19c7b374e,,,,
matrix,Fetal,Medullar level 3,CXCL6,0.9319521002106868,2.0,9.0,0.82494,0.88472,0.106217,0.82494,0.88472,0.106217,easyviz-matrix-cell-f9bcb3edc0f68e3e,,,,
matrix,Fetal,Medullar level 3,IL1B,0.6996007822951221,3.0,9.0,0.266941,0.748751,0.440573,0.266941,0.748751,0.440573,easyviz-matrix-cell-981b48997444c4f8,,,,
matrix,Fetal,Medullar level 3,TNFSF12,0.5548039714558468,4.0,9.0,0.119699,0.61849,0.536347,0.119699,0.61849,0.536347,easyviz-matrix-cell-a67b4f60fb66dab9,,,,
matrix,Fetal,Medullar level 3,IL1RN,0.8546442298678578,5.0,9.0,0.616293,0.852709,0.230052,0.616293,0.852709,0.230052,easyviz-matrix-cell-435d413afc607af9,,,,
matrix,Fetal,Medullar level 3,TNFSF9,0.9419061299348279,6.0,9.0,0.85581,0.888601,0.097452,0.85581,0.888601,0.097452,easyviz-matrix-cell-ab49a6de3d184f2d,,,,
matrix,Fetal,Medullar level 3,TNFSF11,1.0,7.0,9.0,0.993248,0.906157,0.143936,0.993248,0.906157,0.143936,easyviz-matrix-cell-3fff3497b23bc287,,,,
matrix,Fetal,Medullar level 3,CXCL10,1.0,8.0,9.0,0.993248,0.906157,0.143936,0.993248,0.906157,0.143936,easyviz-matrix-cell-c09ef8cc280c9072,,,,
matrix,Fetal,Medullar level 3,IL7R,1.0,9.0,9.0,0.993248,0.906157,0.143936,0.993248,0.906157,0.143936,easyviz-matrix-cell-24f3cd47b47bd958,,,,
matrix,Fetal,Medullar level 3,CD70,0.9454083062156745,10.0,9.0,0.866013,0.889868,0.095953,0.866013,0.889868,0.095953,easyviz-matrix-cell-fc3af7b8985519d3,,,,
matrix,Fetal,Medullar level 3,FLT3LG,0.8737720133789993,11.0,9.0,0.668054,0.861999,0.196293,0.668054,0.861999,0.196293,easyviz-matrix-cell-51fc45172d4d22bf,,,,
matrix,Fetal,Medullar level 3,IL23A,1.0,12.0,9.0,0.993248,0.906157,0.143936,0.993248,0.906157,0.143936,easyviz-matrix-cell-dbe8100e0072452a,,,,
matrix,Fetal,Medullar level 3,CCL20,1.0,13.0,9.0,0.993248,0.906157,0.143936,0.993248,0.906157,0.143936,easyviz-matrix-cell-08b221362d536a12,,,,
matrix,Fetal,Medullar level 3,CCL1,1.0,14.0,9.0,0.993248,0.906157,0.143936,0.993248,0.906157,0.143936,easyviz-matrix-cell-d3f88d05cc091f87,,,,
matrix,Fetal,Medullar level 3,IL6ST,0.7619658480073328,15.0,9.0,0.395174,0.797475,0.367757,0.395174,0.797475,0.367757,easyviz-matrix-cell-32695fa72959e2e8,,,,
matrix,Fetal,Medullar level 3,EBI3,0.6429195085030873,16.0,9.0,0.175707,0.6979,0.491033,0.175707,0.6979,0.491033,easyviz-matrix-cell-d864df1d61598c61,,,,
matrix,Fetal,Medullar level 3,CXCL11,0.7659871126653841,17.0,9.0,0.404001,0.800275,0.362552,0.404001,0.800275,0.362552,easyviz-matrix-cell-22ad210ffe1e00dc,,,,
matrix,Fetal,Medullar level 3,CCL21,0.9063551169794463,18.0,9.0,0.762373,0.876424,0.137064,0.762373,0.876424,0.137064,easyviz-matrix-cell-41e43c0f9eea3ae1,,,,
matrix,Fetal,Medullar level 3,IL15,0.8791161957540171,19.0,9.0,0.688944,0.865448,0.182725,0.688944,0.865448,0.182725,easyviz-matrix-cell-fcba1ab0139bf46a,,,,
matrix,Fetal,Medullar level 3,TNF,0.8271862236656358,20.0,9.0,0.545524,0.838039,0.275626,0.545524,0.838039,0.275626,easyviz-matrix-cell-92f0ee12069a6b90,,,,
matrix,Fetal,Medullar level 3,CXCL16,0.9175645627502762,21.0,9.0,0.783315,0.879285,0.125405,0.783315,0.879285,0.125405,easyviz-matrix-cell-2dfd8e43ae6f3218,,,,
matrix,Fetal,Medullar level 3,LTA,0.8508436922259848,22.0,9.0,0.606045,0.850733,0.236712,0.606045,0.850733,0.236712,easyviz-matrix-cell-2db400562a290c00,,,,
matrix,Fetal,Medullar level 3,TNFSF13B,0.9004572032529325,23.0,9.0,0.741388,0.873449,0.149561,0.741388,0.873449,0.149561,easyviz-matrix-cell-291d16204bbc520a,,,,
matrix,Fetal,Medullar level 3,CCL19,0.8945094804841505,24.0,9.0,0.720391,0.87035,0.162603,0.720391,0.87035,0.162603,easyviz-matrix-cell-4d6d04576c4e5c36,,,,
matrix,Fetal,Medullar level 3,IL4R,0.9212356937621352,25.0,9.0,0.79376,0.880678,0.120005,0.79376,0.880678,0.120005,easyviz-matrix-cell-be9df01da35c2dd8,,,,
matrix,Fetal,Medullar level 3,CD40LG,0.9402181186750304,26.0,9.0,0.845561,0.887322,0.099702,0.845561,0.887322,0.099702,easyviz-matrix-cell-d450c2e4b4708973,,,,
matrix,Fetal,Medullar level 3,CXCL9,1.0,27.0,9.0,0.993248,0.906157,0.143936,0.993248,0.906157,0.143936,easyviz-matrix-cell-1a6ebf370c7aa71f,,,,
matrix,Fetal,Medullar level 3,CCL22,0.9222371810432408,28.0,9.0,0.804182,0.882046,0.114965,0.804182,0.882046,0.114965,easyviz-matrix-cell-e3290a25eea62364,,,,
matrix,Fetal,Medullar level 3,CCL13,0.3197316272784161,29.0,9.0,0.197636,0.391528,0.554969,0.197636,0.391528,0.554969,easyviz-matrix-cell-bb94d472180b12cb,,,,
matrix,Fetal,Medullar level 3,CCL3,0.0,30.0,9.0,0.267004,0.004874,0.329415,0.267004,0.004874,0.329415,easyviz-matrix-cell-6e39ca36e583164a,,,,
matrix,Fetal,Medullar level 3,CCL28,0.7828050207030662,31.0,9.0,0.440137,0.811138,0.340967,0.440137,0.811138,0.340967,easyviz-matrix-cell-dd428ada5256ed45,,,,
matrix,Fetal,Medullar level 3,CX3CL1,0.7373599433366165,32.0,9.0,0.335885,0.777018,0.402049,0.335885,0.777018,0.402049,easyviz-matrix-cell-4975d7efc99020e8,,,,
matrix,Fetal,Medullar level 3,CSF1,0.7961663823698627,33.0,9.0,0.468053,0.818921,0.323998,0.468053,0.818921,0.323998,easyviz-matrix-cell-a638b71d8c76753a,,,,
matrix,Fetal,Medullar level 3,CCL4,1.0,34.0,9.0,0.993248,0.906157,0.143936,0.993248,0.906157,0.143936,easyviz-matrix-cell-9e741273a499ea14,,,,
matrix,Fetal,Medullar level 3,CXCL13,0.3537407243357154,35.0,9.0,0.182256,0.426184,0.55712,0.182256,0.426184,0.55712,easyviz-matrix-cell-ce9755bcbd0e0a0d,,,,
matrix,Fetal,Medullar level 3,IL12B,0.6471240409718035,36.0,9.0,0.180653,0.701402,0.488189,0.180653,0.701402,0.488189,easyviz-matrix-cell-9fbf57db68236053,,,,
matrix,Fetal,Medullar level 3,CXCL14,0.5970681856105486,37.0,9.0,0.132268,0.655014,0.519661,0.132268,0.655014,0.519661,easyviz-matrix-cell-6051d882ffbb0608,,,,
matrix,Fetal,Medullar level 3,TNFSF13,0.6228379106052144,38.0,9.0,0.153894,0.680203,0.504172,0.153894,0.680203,0.504172,easyviz-matrix-cell-fa738f4daacc3adc,,,,
matrix,Fetal,Medullar level 3,IL6R,0.8494625999986878,39.0,9.0,0.606045,0.850733,0.236712,0.606045,0.850733,0.236712,easyviz-matrix-cell-d9d07f304dac59f9,,,,
matrix,Fetal,Medullar level 3,XCL1,0.6822358250133743,40.0,9.0,0.232815,0.732247,0.459277,0.232815,0.732247,0.459277,easyviz-matrix-cell-2018b1ccb121e241,,,,
matrix,Fetal,Medullar level 3,IL18,0.7136038495313033,41.0,9.0,0.288921,0.758394,0.428426,0.288921,0.758394,0.428426,easyviz-matrix-cell-60f9a6433c5e1493,,,,
matrix,Fetal,Medullar level 3,XCL2,0.7431812899334119,42.0,9.0,0.35236,0.783011,0.392636,0.35236,0.783011,0.392636,easyviz-matrix-cell-08aa03779f05c5b1,,,,
matrix,Fetal,Medullar level 3,TNFSF14,0.7409129663805297,43.0,9.0,0.344074,0.780029,0.397381,0.344074,0.780029,0.397381,easyviz-matrix-cell-0e446cfd153709e1,,,,
matrix,Fetal,Medullar level 3,CCL17,0.7283053888050366,44.0,9.0,0.319809,0.770914,0.411152,0.319809,0.770914,0.411152,easyviz-matrix-cell-f9bda3cf1fac3311,,,,
matrix,Fetal,Medullar level 3,CCL5,0.7594201022825526,45.0,9.0,0.386433,0.794644,0.372886,0.386433,0.794644,0.372886,easyviz-matrix-cell-bdda07a6b8eb8c2d,,,,
matrix,Fetal,Medullar level 3,CCL18,0.3356204623724458,46.0,9.0,0.190631,0.407061,0.556089,0.190631,0.407061,0.556089,easyviz-matrix-cell-ba18b8ae57759c77,,,,
matrix,Fetal,Medullar level 3,TNFSF10,0.3833108357077013,47.0,9.0,0.169646,0.456262,0.55803,0.169646,0.456262,0.55803,easyviz-matrix-cell-a60ea5be77686cfe,,,,
matrix,Fetal,Medullar level 3,IL15RA,0.5457293903369967,48.0,9.0,0.119512,0.607464,0.540218,0.119512,0.607464,0.540218,easyviz-matrix-cell-467e2c6fdd710100,,,,
matrix,Fetal,Medullar level 3,IL17RE,0.0,49.0,9.0,0.267004,0.004874,0.329415,0.267004,0.004874,0.329415,easyviz-matrix-cell-fb532f4afcd170f0,,,,
matrix,Fetal,Medullar level 3,CXCL8,0.03530268396941941,50.0,9.0,0.277941,0.056324,0.381191,0.277941,0.056324,0.381191,easyviz-matrix-cell-3c5b2523ac06a50a,,,,
matrix,Fetal,Medullar level 3,CXCL3,0.2657095385189492,51.0,9.0,0.221989,0.339161,0.548752,0.221989,0.339161,0.548752,easyviz-matrix-cell-d5e5695b964d6a46,,,,
matrix,Fetal,Medullar level 3,BMP8A,0.1647792865636522,52.0,9.0,0.267968,0.223549,0.512008,0.267968,0.223549,0.512008,easyviz-matrix-cell-c05a699cb7f0b765,,,,
matrix,Fetal,Medullar level 3,CXCL12,0.0,53.0,9.0,0.267004,0.004874,0.329415,0.267004,0.004874,0.329415,easyviz-matrix-cell-2f2bf2dba3b573eb,,,,
matrix,Fetal,Medullar level 3,CCL25,0.03057549796676632,54.0,9.0,0.276022,0.044167,0.370164,0.276022,0.044167,0.370164,easyviz-matrix-cell-2aeac07e8c0b64bb,,,,
matrix,Fetal,Medullar level 3,IL34,0.5824660423425464,55.0,9.0,0.126326,0.644107,0.525311,0.126326,0.644107,0.525311,easyviz-matrix-cell-80cd0f9f6ccad43f,,,,
matrix,Fetal,Medullar level 3,IL33,0.0401888637068328,56.0,9.0,0.278791,0.062145,0.386592,0.278791,0.062145,0.386592,easyviz-matrix-cell-a96c6d299878f03e,,,,
matrix,Fetal,Medullar level 3,CCL2,0.0699149000894077,57.0,9.0,0.282656,0.100196,0.42216,0.282656,0.100196,0.42216,easyviz-matrix-cell-510befd0c10c25e1,,,,
matrix,Fetal,Medullar level 3,IL1R1,0.0,58.0,9.0,0.267004,0.004874,0.329415,0.267004,0.004874,0.329415,easyviz-matrix-cell-c232b0f4c8e18920,,,,
matrix,Fetal,Medullar level 3,BMP7,0.0,59.0,9.0,0.267004,0.004874,0.329415,0.267004,0.004874,0.329415,easyviz-matrix-cell-4044b428b82ed727,,,,
matrix,Fetal,Medullar level 3,SPP1,0.1406510006732364,60.0,9.0,0.275191,0.194905,0.496005,0.275191,0.194905,0.496005,easyviz-matrix-cell-5b21fc3e2866ee03,,,,
matrix,Fetal,Medullar level 3,CCL14,0.0412217144183668,61.0,9.0,0.278791,0.062145,0.386592,0.278791,0.062145,0.386592,easyviz-matrix-cell-767fce173700952d,,,,
matrix,Fetal,Medullar level 3,GDF11,0.2146201807221509,62.0,9.0,0.248629,0.278775,0.534556,0.248629,0.278775,0.534556,easyviz-matrix-cell-e499cb3a47879284,,,,
matrix,Fetal,Medullar level 3,IL1R2,0.5921288304906047,63.0,9.0,0.130067,0.651384,0.521608,0.130067,0.651384,0.521608,easyviz-matrix-cell-06ec564a7509449c,,,,
matrix,Fetal,Medullar level 3,TGFB3,0.7874701092511823,64.0,9.0,0.449368,0.813768,0.335384,0.449368,0.813768,0.335384,easyviz-matrix-cell-cc42fc6042e15c67,,,,
matrix,Paediatric,Capsular,CXCL1,0.0278478309438468,0.0,0.0,0.276022,0.044167,0.370164,0.276022,0.044167,0.370164,easyviz-matrix-cell-e7b6a8f801e4d5d7,,,,
matrix,Paediatric,Capsular,IL1RAP,0.1447294512909986,1.0,0.0,0.274128,0.199721,0.498911,0.274128,0.199721,0.498911,easyviz-matrix-cell-8e0b679773215010,,,,
matrix,Paediatric,Capsular,CXCL6,0.03642551643304568,2.0,0.0,0.277941,0.056324,0.381191,0.277941,0.056324,0.381191,easyviz-matrix-cell-8dd3866e5ac6d5cd,,,,
matrix,Paediatric,Capsular,IL1B,0.06031609724551301,3.0,0.0,0.281924,0.089666,0.412415,0.281924,0.089666,0.412415,easyviz-matrix-cell-061ab2a9cf888396,,,,
matrix,Paediatric,Capsular,TNFSF12,0.1239662601885128,4.0,0.0,0.279574,0.170599,0.479997,0.279574,0.170599,0.479997,easyviz-matrix-cell-a88e2f1c9529b0e2,,,,
matrix,Paediatric,Capsular,IL1RN,0.02656922311764473,5.0,0.0,0.274952,0.037752,0.364543,0.274952,0.037752,0.364543,easyviz-matrix-cell-bde4e99857752327,,,,
matrix,Paediatric,Capsular,TNFSF9,0.05918748220415838,6.0,0.0,0.281924,0.089666,0.412415,0.281924,0.089666,0.412415,easyviz-matrix-cell-a21e6cfda60ed688,,,,
matrix,Paediatric,Capsular,TNFSF11,0.08165448822156945,7.0,0.0,0.283197,0.11568,0.436115,0.283197,0.11568,0.436115,easyviz-matrix-cell-a08a46078ef31d80,,,,
matrix,Paediatric,Capsular,CXCL10,0.05535179408168921,8.0,0.0,0.281446,0.08432,0.407414,0.281446,0.08432,0.407414,easyviz-matrix-cell-40d298bb742fdbf9,,,,
matrix,Paediatric,Capsular,IL7R,0.0,9.0,0.0,0.267004,0.004874,0.329415,0.267004,0.004874,0.329415,easyviz-matrix-cell-47ac42c58896ee19,,,,
matrix,Paediatric,Capsular,CD70,0.00864641529442645,10.0,0.0,0.269944,0.014625,0.341379,0.269944,0.014625,0.341379,easyviz-matrix-cell-6293b60911f69c14,,,,
matrix,Paediatric,Capsular,FLT3LG,0.0,11.0,0.0,0.267004,0.004874,0.329415,0.267004,0.004874,0.329415,easyviz-matrix-cell-c206c4caa3698277,,,,
matrix,Paediatric,Capsular,IL23A,0.0,12.0,0.0,0.267004,0.004874,0.329415,0.267004,0.004874,0.329415,easyviz-matrix-cell-7b8fcb00b69d4a21,,,,
matrix,Paediatric,Capsular,CCL20,0.00818912669195799,13.0,0.0,0.269944,0.014625,0.341379,0.269944,0.014625,0.341379,easyviz-matrix-cell-e1eef2eb09cc25e1,,,,
matrix,Paediatric,Capsular,CCL1,0.0,14.0,0.0,0.267004,0.004874,0.329415,0.267004,0.004874,0.329415,easyviz-matrix-cell-ce219df82514a70b,,,,
matrix,Paediatric,Capsular,IL6ST,0.2148770885337291,15.0,0.0,0.246811,0.283237,0.535941,0.246811,0.283237,0.535941,easyviz-matrix-cell-dc88390777b70cf1,,,,
matrix,Paediatric,Capsular,EBI3,0.0342341536421571,16.0,0.0,0.277018,0.050344,0.375715,0.277018,0.050344,0.375715,easyviz-matrix-cell-8731fe1ed3014004,,,,
matrix,Paediatric,Capsular,CXCL11,0.06928947123657479,17.0,0.0,0.282656,0.100196,0.42216,0.282656,0.100196,0.42216,easyviz-matrix-cell-e647218cb82b22eb,,,,
matrix,Paediatric,Capsular,CCL21,0.4477053945458404,18.0,0.0,0.14618,0.515413,0.556823,0.14618,0.515413,0.556823,easyviz-matrix-cell-0e7cbd3dbea287e9,,,,
matrix,Paediatric,Capsular,IL15,0.1349762058791102,19.0,0.0,0.277134,0.185228,0.489898,0.277134,0.185228,0.489898,easyviz-matrix-cell-b5fd8aff5d195851,,,,
matrix,Paediatric,Capsular,TNF,0.04695406456224949,20.0,0.0,0.280267,0.073417,0.397163,0.280267,0.073417,0.397163,easyviz-matrix-cell-d8e749ca0d073e74,,,,
matrix,Paediatric,Capsular,CXCL16,0.1187088599803979,21.0,0.0,0.280255,0.165693,0.476498,0.280255,0.165693,0.476498,easyviz-matrix-cell-c11242e7cbf8ca16,,,,
matrix,Paediatric,Capsular,LTA,0.0,22.0,0.0,0.267004,0.004874,0.329415,0.267004,0.004874,0.329415,easyviz-matrix-cell-e8c857dcec8785d5,,,,
matrix,Paediatric,Capsular,TNFSF13B,0.1296023733754462,23.0,0.0,0.278012,0.180367,0.486697,0.278012,0.180367,0.486697,easyviz-matrix-cell-de17acb9b0fdfe50,,,,
matrix,Paediatric,Capsular,CCL19,0.09735502739839513,24.0,0.0,0.282884,0.13592,0.453427,0.282884,0.13592,0.453427,easyviz-matrix-cell-1bcb504ec43b6228,,,,
matrix,Paediatric,Capsular,IL4R,0.07930492854853569,25.0,0.0,0.283197,0.11568,0.436115,0.283197,0.11568,0.436115,easyviz-matrix-cell-5770433be69e3caf,,,,
matrix,Paediatric,Capsular,CD40LG,0.06859102794852767,26.0,0.0,0.282656,0.100196,0.42216,0.282656,0.100196,0.42216,easyviz-matrix-cell-0715c085d0589605,,,,
matrix,Paediatric,Capsular,CXCL9,0.03830416508769353,27.0,0.0,0.277941,0.056324,0.381191,0.277941,0.056324,0.381191,easyviz-matrix-cell-8c9cea763151102a,,,,
matrix,Paediatric,Capsular,CCL22,0.02906435720229591,28.0,0.0,0.276022,0.044167,0.370164,0.276022,0.044167,0.370164,easyviz-matrix-cell-8cf9e9400271c50c,,,,
matrix,Paediatric,Capsular,CCL13,0.2990499706895064,29.0,0.0,0.206756,0.371758,0.553117,0.206756,0.371758,0.553117,easyviz-matrix-cell-6b58c71a3c1d19e2,,,,
matrix,Paediatric,Capsular,CCL3,0.1138644504520107,30.0,0.0,0.280868,0.160771,0.472899,0.280868,0.160771,0.472899,easyviz-matrix-cell-52afdd793446417e,,,,
matrix,Paediatric,Capsular,CCL28,0.3002759087996498,31.0,0.0,0.206756,0.371758,0.553117,0.206756,0.371758,0.553117,easyviz-matrix-cell-4ff33c4313fa2420,,,,
matrix,Paediatric,Capsular,CX3CL1,0.1179804423978768,32.0,0.0,0.280255,0.165693,0.476498,0.280255,0.165693,0.476498,easyviz-matrix-cell-10116374a41516a1,,,,
matrix,Paediatric,Capsular,CSF1,0.3761376493675779,33.0,0.0,0.172719,0.448791,0.557885,0.172719,0.448791,0.557885,easyviz-matrix-cell-fc341f9b223fc06f,,,,
matrix,Paediatric,Capsular,CCL4,0.05362541973230326,34.0,0.0,0.280894,0.078907,0.402329,0.280894,0.078907,0.402329,easyviz-matrix-cell-47e6f6a61520c0cd,,,,
matrix,Paediatric,Capsular,CXCL13,0.05485819497813114,35.0,0.0,0.281446,0.08432,0.407414,0.281446,0.08432,0.407414,easyviz-matrix-cell-bdadcda187f5217d,,,,
matrix,Paediatric,Capsular,IL12B,0.0,36.0,0.0,0.267004,0.004874,0.329415,0.267004,0.004874,0.329415,easyviz-matrix-cell-d8ad25a103c751f9,,,,
matrix,Paediatric,Capsular,CXCL14,0.328475490892487,37.0,0.0,0.192357,0.403199,0.555836,0.192357,0.403199,0.555836,easyviz-matrix-cell-de77080013222bd1,,,,
matrix,Paediatric,Capsular,TNFSF13,0.07091612506345954,38.0,0.0,0.28291,0.105393,0.426902,0.28291,0.105393,0.426902,easyviz-matrix-cell-701e358b52083a83,,,,
matrix,Paediatric,Capsular,IL6R,0.113622699802511,39.0,0.0,0.280868,0.160771,0.472899,0.280868,0.160771,0.472899,easyviz-matrix-cell-1b0dc447045efef1,,,,
matrix,Paediatric,Capsular,XCL1,0.02608638302997288,40.0,0.0,0.274952,0.037752,0.364543,0.274952,0.037752,0.364543,easyviz-matrix-cell-26f6c79b66a10c13,,,,
matrix,Paediatric,Capsular,IL18,0.07400882392938944,41.0,0.0,0.28291,0.105393,0.426902,0.28291,0.105393,0.426902,easyviz-matrix-cell-e15e049ab55f9d2e,,,,
matrix,Paediatric,Capsular,XCL2,0.03834575512813607,42.0,0.0,0.277941,0.056324,0.381191,0.277941,0.056324,0.381191,easyviz-matrix-cell-29737bb1ca9f15c9,,,,
matrix,Paediatric,Capsular,TNFSF14,0.2206898564583167,43.0,0.0,0.244972,0.287675,0.53726,0.244972,0.287675,0.53726,easyviz-matrix-cell-348b7a96e2ce49a3,,,,
matrix,Paediatric,Capsular,CCL17,0.0217740223468795,44.0,0.0,0.273809,0.031497,0.358853,0.273809,0.031497,0.358853,easyviz-matrix-cell-a8cef45bc1f453b5,,,,
matrix,Paediatric,Capsular,CCL5,0.1497018618105526,45.0,0.0,0.273006,0.20452,0.501721,0.273006,0.20452,0.501721,easyviz-matrix-cell-95e3aadb6bfe9bef,,,,
matrix,Paediatric,Capsular,CCL18,0.04333054529549798,46.0,0.0,0.279566,0.067836,0.391917,0.279566,0.067836,0.391917,easyviz-matrix-cell-993b449e8d85e10d,,,,
matrix,Paediatric,Capsular,TNFSF10,0.05768006220587107,47.0,0.0,0.281446,0.08432,0.407414,0.281446,0.08432,0.407414,easyviz-matrix-cell-adc9f02dd8d0312f,,,,
matrix,Paediatric,Capsular,IL15RA,0.2974936202553043,48.0,0.0,0.206756,0.371758,0.553117,0.206756,0.371758,0.553117,easyviz-matrix-cell-7b2b31f1db519815,,,,
matrix,Paediatric,Capsular,IL17RE,0.83062370680195,49.0,0.0,0.555484,0.840254,0.269281,0.555484,0.840254,0.269281,easyviz-matrix-cell-d3311b9f28b184ac,,,,
matrix,Paediatric,Capsular,CXCL8,0.5063285719314646,50.0,0.0,0.126453,0.570633,0.549841,0.126453,0.570633,0.549841,easyviz-matrix-cell-4b52f57513c1e702,,,,
matrix,Paediatric,Capsular,CXCL3,0.8505620416459804,51.0,0.0,0.606045,0.850733,0.236712,0.606045,0.850733,0.236712,easyviz-matrix-cell-60fac6c7facfbfd3,,,,
matrix,Paediatric,Capsular,BMP8A,0.9801458005768675,52.0,0.0,0.945636,0.899815,0.112838,0.945636,0.899815,0.112838,easyviz-matrix-cell-272ea11680b13d23,,,,
matrix,Paediatric,Capsular,CXCL12,0.9789400165070344,53.0,0.0,0.945636,0.899815,0.112838,0.945636,0.899815,0.112838,easyviz-matrix-cell-64874ac15ff3b0ca,,,,
matrix,Paediatric,Capsular,CCL25,0.9858086196982044,54.0,0.0,0.964894,0.902323,0.123941,0.964894,0.902323,0.123941,easyviz-matrix-cell-ebf7d709d40bb958,,,,
matrix,Paediatric,Capsular,IL34,0.4000716415259696,55.0,0.0,0.163625,0.471133,0.558148,0.163625,0.471133,0.558148,easyviz-matrix-cell-1dc0c798d31ce3b6,,,,
matrix,Paediatric,Capsular,IL33,0.7479206488982812,56.0,0.0,0.360741,0.785964,0.387814,0.360741,0.785964,0.387814,easyviz-matrix-cell-99c215c1caae2151,,,,
matrix,Paediatric,Capsular,CCL2,1.0,57.0,0.0,0.993248,0.906157,0.143936,0.993248,0.906157,0.143936,easyviz-matrix-cell-fc8b09d907b7a076,,,,
matrix,Paediatric,Capsular,IL1R1,0.3580652467890895,58.0,0.0,0.180629,0.429975,0.557282,0.180629,0.429975,0.557282,easyviz-matrix-cell-4a2efbca9c3c0790,,,,
matrix,Paediatric,Capsular,BMP7,1.0,59.0,0.0,0.993248,0.906157,0.143936,0.993248,0.906157,0.143936,easyviz-matrix-cell-36b00a2689580b2e,,,,
matrix,Paediatric,Capsular,SPP1,0.08278738500226851,60.0,0.0,0.283229,0.120777,0.440584,0.283229,0.120777,0.440584,easyviz-matrix-cell-06f9150a8ca9f788,,,,
matrix,Paediatric,Capsular,CCL14,1.0,61.0,0.0,0.993248,0.906157,0.143936,0.993248,0.906157,0.143936,easyviz-matrix-cell-b80f54584cf9de07,,,,
matrix,Paediatric,Capsular,GDF11,0.1911846664768546,62.0,0.0,0.258965,0.251537,0.524736,0.258965,0.251537,0.524736,easyviz-matrix-cell-1b5b3352045a3ac2,,,,
matrix,Paediatric,Capsular,IL1R2,0.2264752604721534,63.0,0.0,0.243113,0.292092,0.538516,0.243113,0.292092,0.538516,easyviz-matrix-cell-ce6882c66a77b844,,,,
matrix,Paediatric,Capsular,TGFB3,0.1759235057333925,64.0,0.0,0.263663,0.237631,0.518762,0.263663,0.237631,0.518762,easyviz-matrix-cell-c6ec8add258fe1b2,,,,
matrix,Paediatric,Sub-Capsular,CXCL1,0.07397192988744872,0.0,1.0,0.28291,0.105393,0.426902,0.28291,0.105393,0.426902,easyviz-matrix-cell-71186a6fb8a99790,,,,
matrix,Paediatric,Sub-Capsular,IL1RAP,0.0,1.0,1.0,0.267004,0.004874,0.329415,0.267004,0.004874,0.329415,easyviz-matrix-cell-83eb9ea05f146206,,,,
matrix,Paediatric,Sub-Capsular,CXCL6,0.05925040024076043,2.0,1.0,0.281924,0.089666,0.412415,0.281924,0.089666,0.412415,easyviz-matrix-cell-117f2bd8c28b0e29,,,,
matrix,Paediatric,Sub-Capsular,IL1B,0.0,3.0,1.0,0.267004,0.004874,0.329415,0.267004,0.004874,0.329415,easyviz-matrix-cell-a30573bec337dcfa,,,,
matrix,Paediatric,Sub-Capsular,TNFSF12,0.0,4.0,1.0,0.267004,0.004874,0.329415,0.267004,0.004874,0.329415,easyviz-matrix-cell-481d8dd0f42666dd,,,,
matrix,Paediatric,Sub-Capsular,IL1RN,0.05636040441297585,5.0,1.0,0.281446,0.08432,0.407414,0.281446,0.08432,0.407414,easyviz-matrix-cell-f90a7f32964d413e,,,,
matrix,Paediatric,Sub-Capsular,TNFSF9,0.0,6.0,1.0,0.267004,0.004874,0.329415,0.267004,0.004874,0.329415,easyviz-matrix-cell-97ffe43802a57c87,,,,
matrix,Paediatric,Sub-Capsular,TNFSF11,0.0,7.0,1.0,0.267004,0.004874,0.329415,0.267004,0.004874,0.329415,easyviz-matrix-cell-fb2ccaa237cfa50e,,,,
matrix,Paediatric,Sub-Capsular,CXCL10,0.0221749514698413,8.0,1.0,0.273809,0.031497,0.358853,0.273809,0.031497,0.358853,easyviz-matrix-cell-49dbb5a5210404f8,,,,
matrix,Paediatric,Sub-Capsular,IL7R,0.1391011797962623,9.0,1.0,0.276194,0.190074,0.493001,0.276194,0.190074,0.493001,easyviz-matrix-cell-bd47cf23e36b639d,,,,
matrix,Paediatric,Sub-Capsular,CD70,0.0,10.0,1.0,0.267004,0.004874,0.329415,0.267004,0.004874,0.329415,easyviz-matrix-cell-b2808b13e070384d,,,,
matrix,Paediatric,Sub-Capsular,FLT3LG,0.04513443216042071,11.0,1.0,0.279566,0.067836,0.391917,0.279566,0.067836,0.391917,easyviz-matrix-cell-c50987a5438ade88,,,,
matrix,Paediatric,Sub-Capsular,IL23A,0.2661559343871045,12.0,1.0,0.221989,0.339161,0.548752,0.221989,0.339161,0.548752,easyviz-matrix-cell-2f2407f6943fc384,,,,
matrix,Paediatric,Sub-Capsular,CCL20,0.0,13.0,1.0,0.267004,0.004874,0.329415,0.267004,0.004874,0.329415,easyviz-matrix-cell-5c7e0415d3056367,,,,
matrix,Paediatric,Sub-Capsular,CCL1,0.0520142585391921,14.0,1.0,0.280894,0.078907,0.402329,0.280894,0.078907,0.402329,easyviz-matrix-cell-ff08cce47b774232,,,,
matrix,Paediatric,Sub-Capsular,IL6ST,0.08181816369794488,15.0,1.0,0.283197,0.11568,0.436115,0.283197,0.11568,0.436115,easyviz-matrix-cell-8f79826336b8a739,,,,
matrix,Paediatric,Sub-Capsular,EBI3,0.0,16.0,1.0,0.267004,0.004874,0.329415,0.267004,0.004874,0.329415,easyviz-matrix-cell-203b038b892debab,,,,
matrix,Paediatric,Sub-Capsular,CXCL11,0.097363057051631,17.0,1.0,0.282884,0.13592,0.453427,0.282884,0.13592,0.453427,easyviz-matrix-cell-b503c57f44b8e7c6,,,,
matrix,Paediatric,Sub-Capsular,CCL21,0.07113818115360894,18.0,1.0,0.28291,0.105393,0.426902,0.28291,0.105393,0.426902,easyviz-matrix-cell-1ecf0b9621f06b47,,,,
matrix,Paediatric,Sub-Capsular,IL15,0.06943712060180089,19.0,1.0,0.282656,0.100196,0.42216,0.282656,0.100196,0.42216,easyviz-matrix-cell-473e60b11e019b34,,,,
matrix,Paediatric,Sub-Capsular,TNF,0.03388406516467931,20.0,1.0,0.277018,0.050344,0.375715,0.277018,0.050344,0.375715,easyviz-matrix-cell-936a32a2714450db,,,,
matrix,Paediatric,Sub-Capsular,CXCL16,0.03822627793797746,21.0,1.0,0.277941,0.056324,0.381191,0.277941,0.056324,0.381191,easyviz-matrix-cell-538379c1f1ab847d,,,,
matrix,Paediatric,Sub-Capsular,LTA,0.02043917672728543,22.0,1.0,0.273809,0.031497,0.358853,0.273809,0.031497,0.358853,easyviz-matrix-cell-78591ebc4ad0f639,,,,
matrix,Paediatric,Sub-Capsular,TNFSF13B,0.0,23.0,1.0,0.267004,0.004874,0.329415,0.267004,0.004874,0.329415,easyviz-matrix-cell-e03943e067a835e8,,,,
matrix,Paediatric,Sub-Capsular,CCL19,0.01377450587490361,24.0,1.0,0.271305,0.019942,0.347269,0.271305,0.019942,0.347269,easyviz-matrix-cell-3c9842830cfd4e77,,,,
matrix,Paediatric,Sub-Capsular,IL4R,0.004214632550567503,25.0,1.0,0.26851,0.009605,0.335427,0.26851,0.009605,0.335427,easyviz-matrix-cell-fd0db8e37bb3b1ed,,,,
matrix,Paediatric,Sub-Capsular,CD40LG,0.0,26.0,1.0,0.267004,0.004874,0.329415,0.267004,0.004874,0.329415,easyviz-matrix-cell-955ac37e79582b18,,,,
matrix,Paediatric,Sub-Capsular,CXCL9,0.0005404366662264315,27.0,1.0,0.267004,0.004874,0.329415,0.267004,0.004874,0.329415,easyviz-matrix-cell-aec73694ae17b577,,,,
matrix,Paediatric,Sub-Capsular,CCL22,0.01005568128522518,28.0,1.0,0.269944,0.014625,0.341379,0.269944,0.014625,0.341379,easyviz-matrix-cell-93d323c3c365fc22,,,,
matrix,Paediatric,Sub-Capsular,CCL13,0.1675383762326955,29.0,1.0,0.267968,0.223549,0.512008,0.267968,0.223549,0.512008,easyviz-matrix-cell-5dc8c3cfd5ddbc93,,,,
matrix,Paediatric,Sub-Capsular,CCL3,0.1176389696085852,30.0,1.0,0.280255,0.165693,0.476498,0.280255,0.165693,0.476498,easyviz-matrix-cell-d8e7e0b7585f2175,,,,
matrix,Paediatric,Sub-Capsular,CCL28,0.0,31.0,1.0,0.267004,0.004874,0.329415,0.267004,0.004874,0.329415,easyviz-matrix-cell-b058b8bba67a27cd,,,,
matrix,Paediatric,Sub-Capsular,CX3CL1,0.1167349075164646,32.0,1.0,0.280868,0.160771,0.472899,0.280868,0.160771,0.472899,easyviz-matrix-cell-8839c23057bfbb5c,,,,
matrix,Paediatric,Sub-Capsular,CSF1,0.05359025265170243,33.0,1.0,0.280894,0.078907,0.402329,0.280894,0.078907,0.402329,easyviz-matrix-cell-c21835f083a748f2,,,,
matrix,Paediatric,Sub-Capsular,CCL4,0.06732037614058607,34.0,1.0,0.282656,0.100196,0.42216,0.282656,0.100196,0.42216,easyviz-matrix-cell-aec60684301988f2,,,,
matrix,Paediatric,Sub-Capsular,CXCL13,0.0,35.0,1.0,0.267004,0.004874,0.329415,0.267004,0.004874,0.329415,easyviz-matrix-cell-44116531a131948d,,,,
matrix,Paediatric,Sub-Capsular,IL12B,0.05081418282409546,36.0,1.0,0.280894,0.078907,0.402329,0.280894,0.078907,0.402329,easyviz-matrix-cell-b8b06f53ad9540aa,,,,
matrix,Paediatric,Sub-Capsular,CXCL14,0.063719179398877,37.0,1.0,0.282327,0.094955,0.417331,0.282327,0.094955,0.417331,easyviz-matrix-cell-e0bf9db4f67e06a9,,,,
matrix,Paediatric,Sub-Capsular,TNFSF13,0.07159348339641149,38.0,1.0,0.28291,0.105393,0.426902,0.28291,0.105393,0.426902,easyviz-matrix-cell-9700d73ea23a353e,,,,
matrix,Paediatric,Sub-Capsular,IL6R,0.03222468087680214,39.0,1.0,0.277018,0.050344,0.375715,0.277018,0.050344,0.375715,easyviz-matrix-cell-20b3df6f4050ffc9,,,,
matrix,Paediatric,Sub-Capsular,XCL1,0.0,40.0,1.0,0.267004,0.004874,0.329415,0.267004,0.004874,0.329415,easyviz-matrix-cell-e4b616b97c438c50,,,,
matrix,Paediatric,Sub-Capsular,IL18,0.009600285038921543,41.0,1.0,0.269944,0.014625,0.341379,0.269944,0.014625,0.341379,easyviz-matrix-cell-b775b8077119009d,,,,
matrix,Paediatric,Sub-Capsular,XCL2,0.1494484595380632,42.0,1.0,0.273006,0.20452,0.501721,0.273006,0.20452,0.501721,easyviz-matrix-cell-e21499bb88ff63b1,,,,
matrix,Paediatric,Sub-Capsular,TNFSF14,0.0,43.0,1.0,0.267004,0.004874,0.329415,0.267004,0.004874,0.329415,easyviz-matrix-cell-17d505bab077c75d,,,,
matrix,Paediatric,Sub-Capsular,CCL17,0.0,44.0,1.0,0.267004,0.004874,0.329415,0.267004,0.004874,0.329415,easyviz-matrix-cell-c4c64ec6862f98ef,,,,
matrix,Paediatric,Sub-Capsular,CCL5,0.0,45.0,1.0,0.267004,0.004874,0.329415,0.267004,0.004874,0.329415,easyviz-matrix-cell-b45fcb33ddf6190d,,,,
matrix,Paediatric,Sub-Capsular,CCL18,0.0,46.0,1.0,0.267004,0.004874,0.329415,0.267004,0.004874,0.329415,easyviz-matrix-cell-c9c75c6a70d01de7,,,,
matrix,Paediatric,Sub-Capsular,TNFSF10,0.05336076478298037,47.0,1.0,0.280894,0.078907,0.402329,0.280894,0.078907,0.402329,easyviz-matrix-cell-144965f3c16cf026,,,,
matrix,Paediatric,Sub-Capsular,IL15RA,0.338845483567429,48.0,1.0,0.188923,0.41091,0.556326,0.188923,0.41091,0.556326,easyviz-matrix-cell-dcea065cb69992d0,,,,
matrix,Paediatric,Sub-Capsular,IL17RE,0.8764038629834289,49.0,1.0,0.678489,0.863742,0.189503,0.678489,0.863742,0.189503,easyviz-matrix-cell-524c637cb4dd0808,,,,
matrix,Paediatric,Sub-Capsular,CXCL8,0.7241550780912968,50.0,1.0,0.311925,0.767822,0.415586,0.311925,0.767822,0.415586,easyviz-matrix-cell-d0d1d12ffc6f25b8,,,,
matrix,Paediatric,Sub-Capsular,CXCL3,0.9969377498185061,51.0,1.0,0.993248,0.906157,0.143936,0.993248,0.906157,0.143936,easyviz-matrix-cell-7a22b9501fc29699,,,,
matrix,Paediatric,Sub-Capsular,BMP8A,1.0,52.0,1.0,0.993248,0.906157,0.143936,0.993248,0.906157,0.143936,easyviz-matrix-cell-0a76d83ad070cbe7,,,,
matrix,Paediatric,Sub-Capsular,CXCL12,1.0,53.0,1.0,0.993248,0.906157,0.143936,0.993248,0.906157,0.143936,easyviz-matrix-cell-223bce30f8c64b7d,,,,
matrix,Paediatric,Sub-Capsular,CCL25,1.0,54.0,1.0,0.993248,0.906157,0.143936,0.993248,0.906157,0.143936,easyviz-matrix-cell-58f4aced3654b029,,,,
matrix,Paediatric,Sub-Capsular,IL34,0.1578104986061813,55.0,1.0,0.270595,0.214069,0.507052,0.270595,0.214069,0.507052,easyviz-matrix-cell-3116d91ea3d48928,,,,
matrix,Paediatric,Sub-Capsular,IL33,0.0,56.0,1.0,0.267004,0.004874,0.329415,0.267004,0.004874,0.329415,easyviz-matrix-cell-172cff16eb2e7118,,,,
matrix,Paediatric,Sub-Capsular,CCL2,0.4091759883712314,57.0,1.0,0.160665,0.47854,0.558115,0.160665,0.47854,0.558115,easyviz-matrix-cell-3de611fe1a917e8b,,,,
matrix,Paediatric,Sub-Capsular,IL1R1,0.323852450833729,58.0,1.0,0.19586,0.395433,0.555276,0.19586,0.395433,0.555276,easyviz-matrix-cell-3e45b085a9233c42,,,,
matrix,Paediatric,Sub-Capsular,BMP7,0.4434480050605375,59.0,1.0,0.147607,0.511733,0.557049,0.147607,0.511733,0.557049,easyviz-matrix-cell-c6f9ce6d38e34a8f,,,,
matrix,Paediatric,Sub-Capsular,SPP1,0.0,60.0,1.0,0.267004,0.004874,0.329415,0.267004,0.004874,0.329415,easyviz-matrix-cell-9c9333c92b1ef9f4,,,,
matrix,Paediatric,Sub-Capsular,CCL14,0.4279352837445299,61.0,1.0,0.153364,0.497,0.557724,0.153364,0.497,0.557724,easyviz-matrix-cell-a0be6b79dfdf62fe,,,,
matrix,Paediatric,Sub-Capsular,GDF11,0.9866988126324443,62.0,1.0,0.964894,0.902323,0.123941,0.964894,0.902323,0.123941,easyviz-matrix-cell-16dfb88f4692d8de,,,,
matrix,Paediatric,Sub-Capsular,IL1R2,0.1265294719579884,63.0,1.0,0.278826,0.17549,0.483397,0.278826,0.17549,0.483397,easyviz-matrix-cell-c50d745801a4f959,,,,
matrix,Paediatric,Sub-Capsular,TGFB3,0.0,64.0,1.0,0.267004,0.004874,0.329415,0.267004,0.004874,0.329415,easyviz-matrix-cell-e80be0910308873e,,,,
matrix,Paediatric,Cortical level 1,CXCL1,0.0,0.0,2.0,0.267004,0.004874,0.329415,0.267004,0.004874,0.329415,easyviz-matrix-cell-033e821749093961,,,,
matrix,Paediatric,Cortical level 1,IL1RAP,0.07503226219055636,1.0,2.0,0.283091,0.110553,0.431554,0.283091,0.110553,0.431554,easyviz-matrix-cell-95a00b9df8e49e92,,,,
matrix,Paediatric,Cortical level 1,CXCL6,0.0,2.0,2.0,0.267004,0.004874,0.329415,0.267004,0.004874,0.329415,easyviz-matrix-cell-7667a08f0e0446a1,,,,
matrix,Paediatric,Cortical level 1,IL1B,0.01921206897671791,3.0,2.0,0.272594,0.025563,0.353093,0.272594,0.025563,0.353093,easyviz-matrix-cell-e71265c6856d9b09,,,,
matrix,Paediatric,Cortical level 1,TNFSF12,0.00984206248019646,4.0,2.0,0.269944,0.014625,0.341379,0.269944,0.014625,0.341379,easyviz-matrix-cell-6a5a64ef6f45edd2,,,,
matrix,Paediatric,Cortical level 1,IL1RN,0.0,5.0,2.0,0.267004,0.004874,0.329415,0.267004,0.004874,0.329415,easyviz-matrix-cell-86dcedfba313bcf4,,,,
matrix,Paediatric,Cortical level 1,TNFSF9,0.009938409343863983,6.0,2.0,0.269944,0.014625,0.341379,0.269944,0.014625,0.341379,easyviz-matrix-cell-e06b9980672fb9d8,,,,
matrix,Paediatric,Cortical level 1,TNFSF11,0.07162581325884983,7.0,2.0,0.28291,0.105393,0.426902,0.28291,0.105393,0.426902,easyviz-matrix-cell-f919de545c363512,,,,
matrix,Paediatric,Cortical level 1,CXCL10,0.0,8.0,2.0,0.267004,0.004874,0.329415,0.267004,0.004874,0.329415,easyviz-matrix-cell-7f40c00a63582c97,,,,
matrix,Paediatric,Cortical level 1,IL7R,0.1571604892131669,9.0,2.0,0.270595,0.214069,0.507052,0.270595,0.214069,0.507052,easyviz-matrix-cell-055b2b193b60d1bc,,,,
matrix,Paediatric,Cortical level 1,CD70,0.02571621206971217,10.0,2.0,0.274952,0.037752,0.364543,0.274952,0.037752,0.364543,easyviz-matrix-cell-125c664d193a08e4,,,,
matrix,Paediatric,Cortical level 1,FLT3LG,0.139527551167638,11.0,2.0,0.276194,0.190074,0.493001,0.276194,0.190074,0.493001,easyviz-matrix-cell-965b44cb5074bd92,,,,
matrix,Paediatric,Cortical level 1,IL23A,0.4270107077231197,12.0,2.0,0.153364,0.497,0.557724,0.153364,0.497,0.557724,easyviz-matrix-cell-6f5646db0fba365d,,,,
matrix,Paediatric,Cortical level 1,CCL20,0.00868859328747256,13.0,2.0,0.269944,0.014625,0.341379,0.269944,0.014625,0.341379,easyviz-matrix-cell-4b1509dd43ebc59a,,,,
matrix,Paediatric,Cortical level 1,CCL1,0.02620134062467086,14.0,2.0,0.274952,0.037752,0.364543,0.274952,0.037752,0.364543,easyviz-matrix-cell-fcd3f529b8ffe756,,,,
matrix,Paediatric,Cortical level 1,IL6ST,0.0,15.0,2.0,0.267004,0.004874,0.329415,0.267004,0.004874,0.329415,easyviz-matrix-cell-58e599dc85194e3a,,,,
matrix,Paediatric,Cortical level 1,EBI3,0.02339879413109033,16.0,2.0,0.273809,0.031497,0.358853,0.273809,0.031497,0.358853,easyviz-matrix-cell-094ec34e5f8af095,,,,
matrix,Paediatric,Cortical level 1,CXCL11,0.0,17.0,2.0,0.267004,0.004874,0.329415,0.267004,0.004874,0.329415,easyviz-matrix-cell-d427ad2d140abf72,,,,
matrix,Paediatric,Cortical level 1,CCL21,0.0,18.0,2.0,0.267004,0.004874,0.329415,0.267004,0.004874,0.329415,easyviz-matrix-cell-e2104966bf79da34,,,,
matrix,Paediatric,Cortical level 1,IL15,0.0,19.0,2.0,0.267004,0.004874,0.329415,0.267004,0.004874,0.329415,easyviz-matrix-cell-8136e07685faa901,,,,
matrix,Paediatric,Cortical level 1,TNF,0.03962982069171643,20.0,2.0,0.278791,0.062145,0.386592,0.278791,0.062145,0.386592,easyviz-matrix-cell-10884cbca6ef4fcb,,,,
matrix,Paediatric,Cortical level 1,CXCL16,0.04607870953453252,21.0,2.0,0.279566,0.067836,0.391917,0.279566,0.067836,0.391917,easyviz-matrix-cell-19cdc7b1eb272383,,,,
matrix,Paediatric,Cortical level 1,LTA,0.01607542960641076,22.0,2.0,0.272594,0.025563,0.353093,0.272594,0.025563,0.353093,easyviz-matrix-cell-266cfb21141ad43b,,,,
matrix,Paediatric,Cortical level 1,TNFSF13B,0.03187036683748549,23.0,2.0,0.277018,0.050344,0.375715,0.277018,0.050344,0.375715,easyviz-matrix-cell-f04e0552e919505d,,,,
matrix,Paediatric,Cortical level 1,CCL19,0.0,24.0,2.0,0.267004,0.004874,0.329415,0.267004,0.004874,0.329415,easyviz-matrix-cell-1f8a9f9de2e69d46,,,,
matrix,Paediatric,Cortical level 1,IL4R,0.0,25.0,2.0,0.267004,0.004874,0.329415,0.267004,0.004874,0.329415,easyviz-matrix-cell-ad51f7a349ad0ac1,,,,
matrix,Paediatric,Cortical level 1,CD40LG,0.03243480229728473,26.0,2.0,0.277018,0.050344,0.375715,0.277018,0.050344,0.375715,easyviz-matrix-cell-e265108f3f0cc255,,,,
matrix,Paediatric,Cortical level 1,CXCL9,0.007155928521216822,27.0,2.0,0.26851,0.009605,0.335427,0.26851,0.009605,0.335427,easyviz-matrix-cell-0ae357b1b8ace439,,,,
matrix,Paediatric,Cortical level 1,CCL22,0.0,28.0,2.0,0.267004,0.004874,0.329415,0.267004,0.004874,0.329415,easyviz-matrix-cell-6323eeb17440a74e,,,,
matrix,Paediatric,Cortical level 1,CCL13,0.0,29.0,2.0,0.267004,0.004874,0.329415,0.267004,0.004874,0.329415,easyviz-matrix-cell-318a40cfa23dd0b8,,,,
matrix,Paediatric,Cortical level 1,CCL3,0.06433368813276584,30.0,2.0,0.282327,0.094955,0.417331,0.282327,0.094955,0.417331,easyviz-matrix-cell-c483badea0c9d272,,,,
matrix,Paediatric,Cortical level 1,CCL28,0.6326482683189606,31.0,2.0,0.162016,0.687316,0.499129,0.162016,0.687316,0.499129,easyviz-matrix-cell-07963a2f1498d27c,,,,
matrix,Paediatric,Cortical level 1,CX3CL1,0.07079393018346035,32.0,2.0,0.28291,0.105393,0.426902,0.28291,0.105393,0.426902,easyviz-matrix-cell-5e3c8784b14b0429,,,,
matrix,Paediatric,Cortical level 1,CSF1,0.0,33.0,2.0,0.267004,0.004874,0.329415,0.267004,0.004874,0.329415,easyviz-matrix-cell-721ac4d347fad75f,,,,
matrix,Paediatric,Cortical level 1,CCL4,0.07579675346220181,34.0,2.0,0.283091,0.110553,0.431554,0.283091,0.110553,0.431554,easyviz-matrix-cell-78aef8ba641d686b,,,,
matrix,Paediatric,Cortical level 1,CXCL13,0.02184426291797475,35.0,2.0,0.273809,0.031497,0.358853,0.273809,0.031497,0.358853,easyviz-matrix-cell-28f580bb8b8575df,,,,
matrix,Paediatric,Cortical level 1,IL12B,0.04487941015704728,36.0,2.0,0.279566,0.067836,0.391917,0.279566,0.067836,0.391917,easyviz-matrix-cell-abb41f7fb9f124ba,,,,
matrix,Paediatric,Cortical level 1,CXCL14,0.0,37.0,2.0,0.267004,0.004874,0.329415,0.267004,0.004874,0.329415,easyviz-matrix-cell-38d97f557a2830c4,,,,
matrix,Paediatric,Cortical level 1,TNFSF13,0.0,38.0,2.0,0.267004,0.004874,0.329415,0.267004,0.004874,0.329415,easyviz-matrix-cell-26e2185b99e1ddb6,,,,
matrix,Paediatric,Cortical level 1,IL6R,0.0,39.0,2.0,0.267004,0.004874,0.329415,0.267004,0.004874,0.329415,easyviz-matrix-cell-d6caedce58b05f19,,,,
matrix,Paediatric,Cortical level 1,XCL1,0.04789006224153307,40.0,2.0,0.280267,0.073417,0.397163,0.280267,0.073417,0.397163,easyviz-matrix-cell-c290a0ec67a166b3,,,,
matrix,Paediatric,Cortical level 1,IL18,0.0,41.0,2.0,0.267004,0.004874,0.329415,0.267004,0.004874,0.329415,easyviz-matrix-cell-4fcad744ae6812a3,,,,
matrix,Paediatric,Cortical level 1,XCL2,0.0,42.0,2.0,0.267004,0.004874,0.329415,0.267004,0.004874,0.329415,easyviz-matrix-cell-ddf10993d3d32d0f,,,,
matrix,Paediatric,Cortical level 1,TNFSF14,0.07612062143605203,43.0,2.0,0.283091,0.110553,0.431554,0.283091,0.110553,0.431554,easyviz-matrix-cell-a22bbece80dff62f,,,,
matrix,Paediatric,Cortical level 1,CCL17,0.001229274707246213,44.0,2.0,0.267004,0.004874,0.329415,0.267004,0.004874,0.329415,easyviz-matrix-cell-b37eb595113ec923,,,,
matrix,Paediatric,Cortical level 1,CCL5,0.115795610699717,45.0,2.0,0.280868,0.160771,0.472899,0.280868,0.160771,0.472899,easyviz-matrix-cell-9297514247c4dd74,,,,
matrix,Paediatric,Cortical level 1,CCL18,0.117090910742834,46.0,2.0,0.280868,0.160771,0.472899,0.280868,0.160771,0.472899,easyviz-matrix-cell-679726dd7b7888e4,,,,
matrix,Paediatric,Cortical level 1,TNFSF10,0.0,47.0,2.0,0.267004,0.004874,0.329415,0.267004,0.004874,0.329415,easyviz-matrix-cell-bd8bfa9996cbc174,,,,
matrix,Paediatric,Cortical level 1,IL15RA,0.0,48.0,2.0,0.267004,0.004874,0.329415,0.267004,0.004874,0.329415,easyviz-matrix-cell-d662491ab7465886,,,,
matrix,Paediatric,Cortical level 1,IL17RE,0.9107972200930793,49.0,2.0,0.772852,0.877868,0.131109,0.772852,0.877868,0.131109,easyviz-matrix-cell-816dd9b408d34da3,,,,
matrix,Paediatric,Cortical level 1,CXCL8,1.0,50.0,2.0,0.993248,0.906157,0.143936,0.993248,0.906157,0.143936,easyviz-matrix-cell-24dd5c0ffe5bf8a0,,,,
matrix,Paediatric,Cortical level 1,CXCL3,0.9288092618091204,51.0,2.0,0.814576,0.883393,0.110347,0.814576,0.883393,0.110347,easyviz-matrix-cell-f1cb0274ab8bdad5,,,,
matrix,Paediatric,Cortical level 1,BMP8A,0.7795606876974529,52.0,2.0,0.430983,0.808473,0.346476,0.430983,0.808473,0.346476,easyviz-matrix-cell-dd0b43cf9d8523c1,,,,
matrix,Paediatric,Cortical level 1,CXCL12,0.8504510376514417,53.0,2.0,0.606045,0.850733,0.236712,0.606045,0.850733,0.236712,easyviz-matrix-cell-bf3b78b3906eb1c8,,,,
matrix,Paediatric,Cortical level 1,CCL25,0.9314656797695924,54.0,2.0,0.82494,0.88472,0.106217,0.82494,0.88472,0.106217,easyviz-matrix-cell-af73d2f7db37e6a8,,,,
matrix,Paediatric,Cortical level 1,IL34,0.2072742762185058,55.0,2.0,0.250425,0.27429,0.533103,0.250425,0.27429,0.533103,easyviz-matrix-cell-c5eb216e2a4368d9,,,,
matrix,Paediatric,Cortical level 1,IL33,0.01128208225434547,56.0,2.0,0.269944,0.014625,0.341379,0.269944,0.014625,0.341379,easyviz-matrix-cell-58dbb2433d147dd2,,,,
matrix,Paediatric,Cortical level 1,CCL2,0.09636883631830886,57.0,2.0,0.282884,0.13592,0.453427,0.282884,0.13592,0.453427,easyviz-matrix-cell-2685277db2cda894,,,,
matrix,Paediatric,Cortical level 1,IL1R1,0.1337561877563,58.0,2.0,0.277134,0.185228,0.489898,0.277134,0.185228,0.489898,easyviz-matrix-cell-3b5f59a2b2715778,,,,
matrix,Paediatric,Cortical level 1,BMP7,0.4460044928129969,59.0,2.0,0.14618,0.515413,0.556823,0.14618,0.515413,0.556823,easyviz-matrix-cell-81d5915fd42bc332,,,,
matrix,Paediatric,Cortical level 1,SPP1,0.01441214346212166,60.0,2.0,0.271305,0.019942,0.347269,0.271305,0.019942,0.347269,easyviz-matrix-cell-210e5a14b53ea200,,,,
matrix,Paediatric,Cortical level 1,CCL14,0.0,61.0,2.0,0.267004,0.004874,0.329415,0.267004,0.004874,0.329415,easyviz-matrix-cell-088809fc31f6987f,,,,
matrix,Paediatric,Cortical level 1,GDF11,0.5785948136006877,62.0,2.0,0.12478,0.640461,0.527068,0.12478,0.640461,0.527068,easyviz-matrix-cell-94a7169650a75af0,,,,
matrix,Paediatric,Cortical level 1,IL1R2,0.01662160489359624,63.0,2.0,0.272594,0.025563,0.353093,0.272594,0.025563,0.353093,easyviz-matrix-cell-7228b68e9bb7b22b,,,,
matrix,Paediatric,Cortical level 1,TGFB3,0.03020109838392048,64.0,2.0,0.276022,0.044167,0.370164,0.276022,0.044167,0.370164,easyviz-matrix-cell-628c45b5f56131e7,,,,
matrix,Paediatric,Cortical level 2,CXCL1,0.05278844302827723,0.0,3.0,0.280894,0.078907,0.402329,0.280894,0.078907,0.402329,easyviz-matrix-cell-575602aab982975d,,,,
matrix,Paediatric,Cortical level 2,IL1RAP,0.1954896436224098,1.0,3.0,0.255645,0.260703,0.528312,0.255645,0.260703,0.528312,easyviz-matrix-cell-385e0835b8b74cf8,,,,
matrix,Paediatric,Cortical level 2,CXCL6,0.0238425795537854,2.0,3.0,0.274952,0.037752,0.364543,0.274952,0.037752,0.364543,easyviz-matrix-cell-dc254b5d4a0fdaf8,,,,
matrix,Paediatric,Cortical level 2,IL1B,0.02833812258420585,3.0,3.0,0.276022,0.044167,0.370164,0.276022,0.044167,0.370164,easyviz-matrix-cell-119663ea7aea9514,,,,
matrix,Paediatric,Cortical level 2,TNFSF12,0.06304458970776923,4.0,3.0,0.282327,0.094955,0.417331,0.282327,0.094955,0.417331,easyviz-matrix-cell-be184da2518e3161,,,,
matrix,Paediatric,Cortical level 2,IL1RN,0.05749665184995398,5.0,3.0,0.281446,0.08432,0.407414,0.281446,0.08432,0.407414,easyviz-matrix-cell-9afc5c8e8aa312f0,,,,
matrix,Paediatric,Cortical level 2,TNFSF9,0.02568327878281564,6.0,3.0,0.274952,0.037752,0.364543,0.274952,0.037752,0.364543,easyviz-matrix-cell-a20d7bb6f727230d,,,,
matrix,Paediatric,Cortical level 2,TNFSF11,0.1171953414320646,7.0,3.0,0.280255,0.165693,0.476498,0.280255,0.165693,0.476498,easyviz-matrix-cell-3e925e5be03cd8e3,,,,
matrix,Paediatric,Cortical level 2,CXCL10,0.03448416934151993,8.0,3.0,0.277018,0.050344,0.375715,0.277018,0.050344,0.375715,easyviz-matrix-cell-6faa50b7fb463233,,,,
matrix,Paediatric,Cortical level 2,IL7R,0.2807063169242623,9.0,3.0,0.21621,0.351535,0.550627,0.21621,0.351535,0.550627,easyviz-matrix-cell-b187e6236b0a0541,,,,
matrix,Paediatric,Cortical level 2,CD70,0.04089569463153634,10.0,3.0,0.278791,0.062145,0.386592,0.278791,0.062145,0.386592,easyviz-matrix-cell-30b244fdeac8ab0c,,,,
matrix,Paediatric,Cortical level 2,FLT3LG,0.2879198542324372,11.0,3.0,0.212395,0.359683,0.55171,0.212395,0.359683,0.55171,easyviz-matrix-cell-cedfeeac2edbf955,,,,
matrix,Paediatric,Cortical level 2,IL23A,0.207194359625275,12.0,3.0,0.250425,0.27429,0.533103,0.250425,0.27429,0.533103,easyviz-matrix-cell-461294441f0e463c,,,,
matrix,Paediatric,Cortical level 2,CCL20,0.02281016178689441,13.0,3.0,0.273809,0.031497,0.358853,0.273809,0.031497,0.358853,easyviz-matrix-cell-0983a210f5e4ebc4,,,,
matrix,Paediatric,Cortical level 2,CCL1,0.05889288512636813,14.0,3.0,0.281924,0.089666,0.412415,0.281924,0.089666,0.412415,easyviz-matrix-cell-ef9c65d38fdb511a,,,,
matrix,Paediatric,Cortical level 2,IL6ST,0.05953286949736222,15.0,3.0,0.281924,0.089666,0.412415,0.281924,0.089666,0.412415,easyviz-matrix-cell-5a3e1de423884d88,,,,
matrix,Paediatric,Cortical level 2,EBI3,0.04023623665932688,16.0,3.0,0.278791,0.062145,0.386592,0.278791,0.062145,0.386592,easyviz-matrix-cell-66bd2050e464eeaf,,,,
matrix,Paediatric,Cortical level 2,CXCL11,0.006006148219535438,17.0,3.0,0.26851,0.009605,0.335427,0.26851,0.009605,0.335427,easyviz-matrix-cell-1eadb069df423b93,,,,
matrix,Paediatric,Cortical level 2,CCL21,0.004186391377139635,18.0,3.0,0.26851,0.009605,0.335427,0.26851,0.009605,0.335427,easyviz-matrix-cell-8c878cd5ca5857e0,,,,
matrix,Paediatric,Cortical level 2,IL15,0.01251654155065698,19.0,3.0,0.271305,0.019942,0.347269,0.271305,0.019942,0.347269,easyviz-matrix-cell-c72f1cd0d72a0221,,,,
matrix,Paediatric,Cortical level 2,TNF,0.0,20.0,3.0,0.267004,0.004874,0.329415,0.267004,0.004874,0.329415,easyviz-matrix-cell-1a6bc3003d5ec631,,,,
matrix,Paediatric,Cortical level 2,CXCL16,0.0,21.0,3.0,0.267004,0.004874,0.329415,0.267004,0.004874,0.329415,easyviz-matrix-cell-e2802ed1facf6d4a,,,,
matrix,Paediatric,Cortical level 2,LTA,0.04662536002572357,22.0,3.0,0.279566,0.067836,0.391917,0.279566,0.067836,0.391917,easyviz-matrix-cell-68bb67f98f8f3dda,,,,
matrix,Paediatric,Cortical level 2,TNFSF13B,0.01750359387176468,23.0,3.0,0.272594,0.025563,0.353093,0.272594,0.025563,0.353093,easyviz-matrix-cell-a6620d4e5bb17df7,,,,
matrix,Paediatric,Cortical level 2,CCL19,0.06095907341066228,24.0,3.0,0.281924,0.089666,0.412415,0.281924,0.089666,0.412415,easyviz-matrix-cell-4eb88b7022c2e11f,,,,
matrix,Paediatric,Cortical level 2,IL4R,0.03329993448149177,25.0,3.0,0.277018,0.050344,0.375715,0.277018,0.050344,0.375715,easyviz-matrix-cell-f60c826b375b0e59,,,,
matrix,Paediatric,Cortical level 2,CD40LG,0.1745014330952691,26.0,3.0,0.265145,0.232956,0.516599,0.265145,0.232956,0.516599,easyviz-matrix-cell-daf5d5fc1536a321,,,,
matrix,Paediatric,Cortical level 2,CXCL9,0.0,27.0,3.0,0.267004,0.004874,0.329415,0.267004,0.004874,0.329415,easyviz-matrix-cell-b123a9018f5632ed,,,,
matrix,Paediatric,Cortical level 2,CCL22,0.03318776891774526,28.0,3.0,0.277018,0.050344,0.375715,0.277018,0.050344,0.375715,easyviz-matrix-cell-81570e24de35954a,,,,
matrix,Paediatric,Cortical level 2,CCL13,0.04723074725721161,29.0,3.0,0.280267,0.073417,0.397163,0.280267,0.073417,0.397163,easyviz-matrix-cell-0253f3169bdddef9,,,,
matrix,Paediatric,Cortical level 2,CCL3,0.0,30.0,3.0,0.267004,0.004874,0.329415,0.267004,0.004874,0.329415,easyviz-matrix-cell-8794e5342b8789c9,,,,
matrix,Paediatric,Cortical level 2,CCL28,0.5570885917394229,31.0,3.0,0.119699,0.61849,0.536347,0.119699,0.61849,0.536347,easyviz-matrix-cell-68f200503b71c95f,,,,
matrix,Paediatric,Cortical level 2,CX3CL1,0.0,32.0,3.0,0.267004,0.004874,0.329415,0.267004,0.004874,0.329415,easyviz-matrix-cell-905b91d3f96e4bfa,,,,
matrix,Paediatric,Cortical level 2,CSF1,0.0007447506926788941,33.0,3.0,0.267004,0.004874,0.329415,0.267004,0.004874,0.329415,easyviz-matrix-cell-28781dd843943577,,,,
matrix,Paediatric,Cortical level 2,CCL4,0.0,34.0,3.0,0.267004,0.004874,0.329415,0.267004,0.004874,0.329415,easyviz-matrix-cell-4e2b2f3246e71685,,,,
matrix,Paediatric,Cortical level 2,CXCL13,0.02077138088068406,35.0,3.0,0.273809,0.031497,0.358853,0.273809,0.031497,0.358853,easyviz-matrix-cell-ed70843edb9a5cdc,,,,
matrix,Paediatric,Cortical level 2,IL12B,0.07028952832735925,36.0,3.0,0.282656,0.100196,0.42216,0.282656,0.100196,0.42216,easyviz-matrix-cell-b7831999f92bf571,,,,
matrix,Paediatric,Cortical level 2,CXCL14,0.005647419216194344,37.0,3.0,0.26851,0.009605,0.335427,0.26851,0.009605,0.335427,easyviz-matrix-cell-a593d72811f304f3,,,,
matrix,Paediatric,Cortical level 2,TNFSF13,0.01210861730504514,38.0,3.0,0.271305,0.019942,0.347269,0.271305,0.019942,0.347269,easyviz-matrix-cell-290b02be91fd0812,,,,
matrix,Paediatric,Cortical level 2,IL6R,0.0719898203883316,39.0,3.0,0.28291,0.105393,0.426902,0.28291,0.105393,0.426902,easyviz-matrix-cell-f1bae336c370ba59,,,,
matrix,Paediatric,Cortical level 2,XCL1,0.04271453505074868,40.0,3.0,0.278791,0.062145,0.386592,0.278791,0.062145,0.386592,easyviz-matrix-cell-b098f72328662531,,,,
matrix,Paediatric,Cortical level 2,IL18,0.07011496202611925,41.0,3.0,0.282656,0.100196,0.42216,0.282656,0.100196,0.42216,easyviz-matrix-cell-ea41d0b637209143,,,,
matrix,Paediatric,Cortical level 2,XCL2,0.07020450246443541,42.0,3.0,0.282656,0.100196,0.42216,0.282656,0.100196,0.42216,easyviz-matrix-cell-320e5ab0e553d8f9,,,,
matrix,Paediatric,Cortical level 2,TNFSF14,0.1290596484961586,43.0,3.0,0.278012,0.180367,0.486697,0.278012,0.180367,0.486697,easyviz-matrix-cell-3c79805dea6242a7,,,,
matrix,Paediatric,Cortical level 2,CCL17,0.02887124952471769,44.0,3.0,0.276022,0.044167,0.370164,0.276022,0.044167,0.370164,easyviz-matrix-cell-f240a89f46e3178b,,,,
matrix,Paediatric,Cortical level 2,CCL5,0.2193490522664565,45.0,3.0,0.244972,0.287675,0.53726,0.244972,0.287675,0.53726,easyviz-matrix-cell-cbf08f6ccc3afd38,,,,
matrix,Paediatric,Cortical level 2,CCL18,0.2834089575774431,46.0,3.0,0.214298,0.355619,0.551184,0.214298,0.355619,0.551184,easyviz-matrix-cell-de49ad2a13b4e45d,,,,
matrix,Paediatric,Cortical level 2,TNFSF10,0.04417173171625013,47.0,3.0,0.279566,0.067836,0.391917,0.279566,0.067836,0.391917,easyviz-matrix-cell-35e3f83cfa6a8734,,,,
matrix,Paediatric,Cortical level 2,IL15RA,0.3058884115999754,48.0,3.0,0.203063,0.379716,0.553925,0.203063,0.379716,0.553925,easyviz-matrix-cell-b9c5c16d8544e54f,,,,
matrix,Paediatric,Cortical level 2,IL17RE,1.0,49.0,3.0,0.993248,0.906157,0.143936,0.993248,0.906157,0.143936,easyviz-matrix-cell-4c70c2b7a97152ae,,,,
matrix,Paediatric,Cortical level 2,CXCL8,0.8839849249851883,50.0,3.0,0.699415,0.867117,0.175971,0.699415,0.867117,0.175971,easyviz-matrix-cell-ad0fb7b86cf8abab,,,,
matrix,Paediatric,Cortical level 2,CXCL3,1.0,51.0,3.0,0.993248,0.906157,0.143936,0.993248,0.906157,0.143936,easyviz-matrix-cell-851e7e8626a6e461,,,,
matrix,Paediatric,Cortical level 2,BMP8A,0.7115891815798902,52.0,3.0,0.288921,0.758394,0.428426,0.288921,0.758394,0.428426,easyviz-matrix-cell-a2e9676e8baeffbf,,,,
matrix,Paediatric,Cortical level 2,CXCL12,0.7613963583094063,53.0,3.0,0.386433,0.794644,0.372886,0.386433,0.794644,0.372886,easyviz-matrix-cell-3718ab3b0c8d30c7,,,,
matrix,Paediatric,Cortical level 2,CCL25,0.8500847092348935,54.0,3.0,0.606045,0.850733,0.236712,0.606045,0.850733,0.236712,easyviz-matrix-cell-3e648099d689607e,,,,
matrix,Paediatric,Cortical level 2,IL34,0.0,55.0,3.0,0.267004,0.004874,0.329415,0.267004,0.004874,0.329415,easyviz-matrix-cell-7b21209e69a565d0,,,,
matrix,Paediatric,Cortical level 2,IL33,0.08120836563732374,56.0,3.0,0.283197,0.11568,0.436115,0.283197,0.11568,0.436115,easyviz-matrix-cell-a2514c71113673c7,,,,
matrix,Paediatric,Cortical level 2,CCL2,0.0,57.0,3.0,0.267004,0.004874,0.329415,0.267004,0.004874,0.329415,easyviz-matrix-cell-2f5b0ffa8be48a23,,,,
matrix,Paediatric,Cortical level 2,IL1R1,0.0,58.0,3.0,0.267004,0.004874,0.329415,0.267004,0.004874,0.329415,easyviz-matrix-cell-ec719860d3730584,,,,
matrix,Paediatric,Cortical level 2,BMP7,0.1712435372444567,59.0,3.0,0.26658,0.228262,0.514349,0.26658,0.228262,0.514349,easyviz-matrix-cell-0ac2f1e49fa6cc7c,,,,
matrix,Paediatric,Cortical level 2,SPP1,0.01262846422161949,60.0,3.0,0.271305,0.019942,0.347269,0.271305,0.019942,0.347269,easyviz-matrix-cell-056d79c124fa66a0,,,,
matrix,Paediatric,Cortical level 2,CCL14,0.03756207001537526,61.0,3.0,0.277941,0.056324,0.381191,0.277941,0.056324,0.381191,easyviz-matrix-cell-5e7130646c90f826,,,,
matrix,Paediatric,Cortical level 2,GDF11,0.7363315198835858,62.0,3.0,0.335885,0.777018,0.402049,0.335885,0.777018,0.402049,easyviz-matrix-cell-c88f1232a2cfa68f,,,,
matrix,Paediatric,Cortical level 2,IL1R2,0.0,63.0,3.0,0.267004,0.004874,0.329415,0.267004,0.004874,0.329415,easyviz-matrix-cell-53d95303691990c8,,,,
matrix,Paediatric,Cortical level 2,TGFB3,0.02433596091087818,64.0,3.0,0.274952,0.037752,0.364543,0.274952,0.037752,0.364543,easyviz-matrix-cell-50b1b4a0af4adfe6,,,,
matrix,Paediatric,Cortical level 3,CXCL1,0.0175071389595158,0.0,4.0,0.272594,0.025563,0.353093,0.272594,0.025563,0.353093,easyviz-matrix-cell-f20a27b1244d8424,,,,
matrix,Paediatric,Cortical level 3,IL1RAP,0.004998654189298106,1.0,4.0,0.26851,0.009605,0.335427,0.26851,0.009605,0.335427,easyviz-matrix-cell-21a17aec691c5fe4,,,,
matrix,Paediatric,Cortical level 3,CXCL6,0.09969086212651904,2.0,4.0,0.282623,0.140926,0.457517,0.282623,0.140926,0.457517,easyviz-matrix-cell-5faee230b65816d0,,,,
matrix,Paediatric,Cortical level 3,IL1B,0.03229994856649671,3.0,4.0,0.277018,0.050344,0.375715,0.277018,0.050344,0.375715,easyviz-matrix-cell-8f8cc2a6c645a103,,,,
matrix,Paediatric,Cortical level 3,TNFSF12,0.1660263964160595,4.0,4.0,0.267968,0.223549,0.512008,0.267968,0.223549,0.512008,easyviz-matrix-cell-fe3723da25452410,,,,
matrix,Paediatric,Cortical level 3,IL1RN,0.08472287033414148,5.0,4.0,0.283229,0.120777,0.440584,0.283229,0.120777,0.440584,easyviz-matrix-cell-e12474ee2968a209,,,,
matrix,Paediatric,Cortical level 3,TNFSF9,0.03507547407425454,6.0,4.0,0.277018,0.050344,0.375715,0.277018,0.050344,0.375715,easyviz-matrix-cell-5f98ec7fa24e23de,,,,
matrix,Paediatric,Cortical level 3,TNFSF11,0.1038497415686896,7.0,4.0,0.28229,0.145912,0.46151,0.28229,0.145912,0.46151,easyviz-matrix-cell-3558385f6fc34917,,,,
matrix,Paediatric,Cortical level 3,CXCL10,0.06726290666419904,8.0,4.0,0.282656,0.100196,0.42216,0.282656,0.100196,0.42216,easyviz-matrix-cell-5ba3d2e1e2227700,,,,
matrix,Paediatric,Cortical level 3,IL7R,0.3966386440251735,9.0,4.0,0.165117,0.467423,0.558141,0.165117,0.467423,0.558141,easyviz-matrix-cell-d8508f627cb8ed4b,,,,
matrix,Paediatric,Cortical level 3,CD70,0.05670361812910341,10.0,4.0,0.281446,0.08432,0.407414,0.281446,0.08432,0.407414,easyviz-matrix-cell-8a23b687c1740e12,,,,
matrix,Paediatric,Cortical level 3,FLT3LG,0.4002802959046147,11.0,4.0,0.163625,0.471133,0.558148,0.163625,0.471133,0.558148,easyviz-matrix-cell-485e919e500d5ccf,,,,
matrix,Paediatric,Cortical level 3,IL23A,0.3074359665691814,12.0,4.0,0.203063,0.379716,0.553925,0.203063,0.379716,0.553925,easyviz-matrix-cell-214ccae25588cb89,,,,
matrix,Paediatric,Cortical level 3,CCL20,0.006399177558992086,13.0,4.0,0.26851,0.009605,0.335427,0.26851,0.009605,0.335427,easyviz-matrix-cell-43916ef867810219,,,,
matrix,Paediatric,Cortical level 3,CCL1,0.05280295664816215,14.0,4.0,0.280894,0.078907,0.402329,0.280894,0.078907,0.402329,easyviz-matrix-cell-d959928f399417c0,,,,
matrix,Paediatric,Cortical level 3,IL6ST,0.06782550332107141,15.0,4.0,0.282656,0.100196,0.42216,0.282656,0.100196,0.42216,easyviz-matrix-cell-6c0567c50ed5bc26,,,,
matrix,Paediatric,Cortical level 3,EBI3,0.08497482575534014,16.0,4.0,0.283229,0.120777,0.440584,0.283229,0.120777,0.440584,easyviz-matrix-cell-7e897f2194d5a4cf,,,,
matrix,Paediatric,Cortical level 3,CXCL11,0.08007846542132718,17.0,4.0,0.283197,0.11568,0.436115,0.283197,0.11568,0.436115,easyviz-matrix-cell-782f42f24754eabf,,,,
matrix,Paediatric,Cortical level 3,CCL21,0.06952159700096196,18.0,4.0,0.282656,0.100196,0.42216,0.282656,0.100196,0.42216,easyviz-matrix-cell-044aa9fabac751a9,,,,
matrix,Paediatric,Cortical level 3,IL15,0.1002047367044135,19.0,4.0,0.282623,0.140926,0.457517,0.282623,0.140926,0.457517,easyviz-matrix-cell-a9f573f44da5d2bb,,,,
matrix,Paediatric,Cortical level 3,TNF,0.1984698150730891,20.0,4.0,0.255645,0.260703,0.528312,0.255645,0.260703,0.528312,easyviz-matrix-cell-87c6f5f20998d2e9,,,,
matrix,Paediatric,Cortical level 3,CXCL16,0.1286113617113714,21.0,4.0,0.278826,0.17549,0.483397,0.278826,0.17549,0.483397,easyviz-matrix-cell-7ba28c2575011770,,,,
matrix,Paediatric,Cortical level 3,LTA,0.100897548492961,22.0,4.0,0.282623,0.140926,0.457517,0.282623,0.140926,0.457517,easyviz-matrix-cell-cad68f16ef39d43b,,,,
matrix,Paediatric,Cortical level 3,TNFSF13B,0.1455826930610367,23.0,4.0,0.274128,0.199721,0.498911,0.274128,0.199721,0.498911,easyviz-matrix-cell-2dfe2cc904d60011,,,,
matrix,Paediatric,Cortical level 3,CCL19,0.1904900639154987,24.0,4.0,0.258965,0.251537,0.524736,0.258965,0.251537,0.524736,easyviz-matrix-cell-76df3538091bb42a,,,,
matrix,Paediatric,Cortical level 3,IL4R,0.1222360472242614,25.0,4.0,0.279574,0.170599,0.479997,0.279574,0.170599,0.479997,easyviz-matrix-cell-112833d09bc1bf74,,,,
matrix,Paediatric,Cortical level 3,CD40LG,0.3058481589191628,26.0,4.0,0.203063,0.379716,0.553925,0.203063,0.379716,0.553925,easyviz-matrix-cell-381f3fd0fffe6ab0,,,,
matrix,Paediatric,Cortical level 3,CXCL9,0.08677760274804294,27.0,4.0,0.283187,0.125848,0.44496,0.283187,0.125848,0.44496,easyviz-matrix-cell-053c2c4ad290b156,,,,
matrix,Paediatric,Cortical level 3,CCL22,0.105202028484267,28.0,4.0,0.28229,0.145912,0.46151,0.28229,0.145912,0.46151,easyviz-matrix-cell-7797ed0309027c6f,,,,
matrix,Paediatric,Cortical level 3,CCL13,0.09622998089466252,29.0,4.0,0.282884,0.13592,0.453427,0.282884,0.13592,0.453427,easyviz-matrix-cell-396d59491be02cfb,,,,
matrix,Paediatric,Cortical level 3,CCL3,0.1649815414908265,30.0,4.0,0.267968,0.223549,0.512008,0.267968,0.223549,0.512008,easyviz-matrix-cell-4b2e78855f6b65f1,,,,
matrix,Paediatric,Cortical level 3,CCL28,0.8688800403602756,31.0,4.0,0.657642,0.860219,0.203082,0.657642,0.860219,0.203082,easyviz-matrix-cell-440140079da0b3e1,,,,
matrix,Paediatric,Cortical level 3,CX3CL1,0.2009556053877643,32.0,4.0,0.253935,0.265254,0.529983,0.253935,0.265254,0.529983,easyviz-matrix-cell-328b1b206e3bf86b,,,,
matrix,Paediatric,Cortical level 3,CSF1,0.07486877169970409,33.0,4.0,0.283091,0.110553,0.431554,0.283091,0.110553,0.431554,easyviz-matrix-cell-b1667a5fa091eee6,,,,
matrix,Paediatric,Cortical level 3,CCL4,0.07144886058858571,34.0,4.0,0.28291,0.105393,0.426902,0.28291,0.105393,0.426902,easyviz-matrix-cell-ce206c3b35dd2193,,,,
matrix,Paediatric,Cortical level 3,CXCL13,0.09446824286434394,35.0,4.0,0.282884,0.13592,0.453427,0.282884,0.13592,0.453427,easyviz-matrix-cell-dd44f44cc6b03ac2,,,,
matrix,Paediatric,Cortical level 3,IL12B,0.09364349403908519,36.0,4.0,0.283072,0.130895,0.449241,0.283072,0.130895,0.449241,easyviz-matrix-cell-2338b99e544522c7,,,,
matrix,Paediatric,Cortical level 3,CXCL14,0.1654991715266985,37.0,4.0,0.267968,0.223549,0.512008,0.267968,0.223549,0.512008,easyviz-matrix-cell-c42e52f7e4329cc3,,,,
matrix,Paediatric,Cortical level 3,TNFSF13,0.2080811070609739,38.0,4.0,0.250425,0.27429,0.533103,0.250425,0.27429,0.533103,easyviz-matrix-cell-2eee8b0e392b05d8,,,,
matrix,Paediatric,Cortical level 3,IL6R,0.1223997337596005,39.0,4.0,0.279574,0.170599,0.479997,0.279574,0.170599,0.479997,easyviz-matrix-cell-d9137a2723b868d3,,,,
matrix,Paediatric,Cortical level 3,XCL1,0.1588827474977896,40.0,4.0,0.270595,0.214069,0.507052,0.270595,0.214069,0.507052,easyviz-matrix-cell-a00047943ffc9387,,,,
matrix,Paediatric,Cortical level 3,IL18,0.1909781240063448,41.0,4.0,0.258965,0.251537,0.524736,0.258965,0.251537,0.524736,easyviz-matrix-cell-9e80c58a42cd9f57,,,,
matrix,Paediatric,Cortical level 3,XCL2,0.1426603917907235,42.0,4.0,0.275191,0.194905,0.496005,0.275191,0.194905,0.496005,easyviz-matrix-cell-d3b6e1abce75b506,,,,
matrix,Paediatric,Cortical level 3,TNFSF14,0.1050553755443963,43.0,4.0,0.28229,0.145912,0.46151,0.28229,0.145912,0.46151,easyviz-matrix-cell-876594478f04309d,,,,
matrix,Paediatric,Cortical level 3,CCL17,0.09483787862404272,44.0,4.0,0.282884,0.13592,0.453427,0.282884,0.13592,0.453427,easyviz-matrix-cell-f21feeda231a4aec,,,,
matrix,Paediatric,Cortical level 3,CCL5,0.3387894146582797,45.0,4.0,0.188923,0.41091,0.556326,0.188923,0.41091,0.556326,easyviz-matrix-cell-bccc89bd6aa19410,,,,
matrix,Paediatric,Cortical level 3,CCL18,0.522930999285616,46.0,4.0,0.122606,0.585371,0.546557,0.122606,0.585371,0.546557,easyviz-matrix-cell-8ccf309ffa6c6fda,,,,
matrix,Paediatric,Cortical level 3,TNFSF10,0.1593213514252256,47.0,4.0,0.270595,0.214069,0.507052,0.270595,0.214069,0.507052,easyviz-matrix-cell-b1a2e881a5a5f3b0,,,,
matrix,Paediatric,Cortical level 3,IL15RA,0.04142084962891469,48.0,4.0,0.278791,0.062145,0.386592,0.278791,0.062145,0.386592,easyviz-matrix-cell-7e0d2dc7f2e06e7c,,,,
matrix,Paediatric,Cortical level 3,IL17RE,0.5634830712745037,49.0,4.0,0.120638,0.625828,0.533488,0.120638,0.625828,0.533488,easyviz-matrix-cell-4989c9a662d7f074,,,,
matrix,Paediatric,Cortical level 3,CXCL8,0.687801431728362,50.0,4.0,0.24607,0.73891,0.452024,0.24607,0.73891,0.452024,easyviz-matrix-cell-6d7e8b4bcb2cfcd0,,,,
matrix,Paediatric,Cortical level 3,CXCL3,0.845290411095806,51.0,4.0,0.595839,0.848717,0.243329,0.595839,0.848717,0.243329,easyviz-matrix-cell-1d664ff79d163504,,,,
matrix,Paediatric,Cortical level 3,BMP8A,0.7018466529381313,52.0,4.0,0.266941,0.748751,0.440573,0.266941,0.748751,0.440573,easyviz-matrix-cell-bf7be4fc512cf3bd,,,,
matrix,Paediatric,Cortical level 3,CXCL12,0.7098294748561848,53.0,4.0,0.281477,0.755203,0.432552,0.281477,0.755203,0.432552,easyviz-matrix-cell-0fdb359483e88f61,,,,
matrix,Paediatric,Cortical level 3,CCL25,0.7872096924084563,54.0,4.0,0.449368,0.813768,0.335384,0.449368,0.813768,0.335384,easyviz-matrix-cell-073ea92be4549a7c,,,,
matrix,Paediatric,Cortical level 3,IL34,0.2874682036455912,55.0,4.0,0.212395,0.359683,0.55171,0.212395,0.359683,0.55171,easyviz-matrix-cell-6eb2cd8ea6c543d9,,,,
matrix,Paediatric,Cortical level 3,IL33,0.184155366213793,56.0,4.0,0.260571,0.246922,0.522828,0.260571,0.246922,0.522828,easyviz-matrix-cell-a389bbd60b59d54b,,,,
matrix,Paediatric,Cortical level 3,CCL2,0.09718246981486707,57.0,4.0,0.282884,0.13592,0.453427,0.282884,0.13592,0.453427,easyviz-matrix-cell-2434307c07888238,,,,
matrix,Paediatric,Cortical level 3,IL1R1,0.1290411704836609,58.0,4.0,0.278012,0.180367,0.486697,0.278012,0.180367,0.486697,easyviz-matrix-cell-6a1faed1eb22c480,,,,
matrix,Paediatric,Cortical level 3,BMP7,0.0,59.0,4.0,0.267004,0.004874,0.329415,0.267004,0.004874,0.329415,easyviz-matrix-cell-e4206cc1098004a7,,,,
matrix,Paediatric,Cortical level 3,SPP1,0.08939253897982882,60.0,4.0,0.283187,0.125848,0.44496,0.283187,0.125848,0.44496,easyviz-matrix-cell-9e411036006999ad,,,,
matrix,Paediatric,Cortical level 3,CCL14,0.4642072054515651,61.0,4.0,0.140536,0.530132,0.555659,0.140536,0.530132,0.555659,easyviz-matrix-cell-5a94b401ab987ced,,,,
matrix,Paediatric,Cortical level 3,GDF11,1.0,62.0,4.0,0.993248,0.906157,0.143936,0.993248,0.906157,0.143936,easyviz-matrix-cell-90a755841b08d12f,,,,
matrix,Paediatric,Cortical level 3,IL1R2,0.03330993481281452,63.0,4.0,0.277018,0.050344,0.375715,0.277018,0.050344,0.375715,easyviz-matrix-cell-710ce4edf4e9d83c,,,,
matrix,Paediatric,Cortical level 3,TGFB3,0.2755342213925983,64.0,4.0,0.21813,0.347432,0.550038,0.21813,0.347432,0.550038,easyviz-matrix-cell-2e5dbe2a7e6b18d3,,,,
matrix,Paediatric,Cortical CMJ,CXCL1,0.06173953776308847,0.0,5.0,0.281924,0.089666,0.412415,0.281924,0.089666,0.412415,easyviz-matrix-cell-e360fc6a1fc34b3c,,,,
matrix,Paediatric,Cortical CMJ,IL1RAP,0.4921249041025599,1.0,5.0,0.131172,0.555899,0.552459,0.131172,0.555899,0.552459,easyviz-matrix-cell-fd41ae22cfca2566,,,,
matrix,Paediatric,Cortical CMJ,CXCL6,0.07058586786701664,2.0,5.0,0.28291,0.105393,0.426902,0.28291,0.105393,0.426902,easyviz-matrix-cell-a1c4dd07d4b9450a,,,,
matrix,Paediatric,Cortical CMJ,IL1B,0.2438647135177902,3.0,5.0,0.233603,0.313828,0.543914,0.233603,0.313828,0.543914,easyviz-matrix-cell-ce98a8fa5966cf6f,,,,
matrix,Paediatric,Cortical CMJ,TNFSF12,0.4058372099271947,4.0,5.0,0.162142,0.474838,0.55814,0.162142,0.474838,0.55814,easyviz-matrix-cell-92f030dd78260cad,,,,
matrix,Paediatric,Cortical CMJ,IL1RN,0.2002917149984936,5.0,5.0,0.253935,0.265254,0.529983,0.253935,0.265254,0.529983,easyviz-matrix-cell-a55e5f43db10e512,,,,
matrix,Paediatric,Cortical CMJ,TNFSF9,0.16015625535467,6.0,5.0,0.269308,0.218818,0.509577,0.269308,0.218818,0.509577,easyviz-matrix-cell-a71dbe1d97027084,,,,
matrix,Paediatric,Cortical CMJ,TNFSF11,0.3816484738482226,7.0,5.0,0.171176,0.45253,0.557965,0.171176,0.45253,0.557965,easyviz-matrix-cell-69910662405c91fc,,,,
matrix,Paediatric,Cortical CMJ,CXCL10,0.2187085688082852,8.0,5.0,0.246811,0.283237,0.535941,0.246811,0.283237,0.535941,easyviz-matrix-cell-2787f3aba3d9e3b8,,,,
matrix,Paediatric,Cortical CMJ,IL7R,0.4319353861206555,9.0,5.0,0.151918,0.500685,0.557587,0.151918,0.500685,0.557587,easyviz-matrix-cell-0de9d19007ee064f,,,,
matrix,Paediatric,Cortical CMJ,CD70,0.1263304182341708,10.0,5.0,0.278826,0.17549,0.483397,0.278826,0.17549,0.483397,easyviz-matrix-cell-e10c013ad4b91d34,,,,
matrix,Paediatric,Cortical CMJ,FLT3LG,0.4647350478041503,11.0,5.0,0.140536,0.530132,0.555659,0.140536,0.530132,0.555659,easyviz-matrix-cell-628b73ef632cca22,,,,
matrix,Paediatric,Cortical CMJ,IL23A,0.5743571509483373,12.0,5.0,0.123444,0.636809,0.528763,0.123444,0.636809,0.528763,easyviz-matrix-cell-f26cdc16317afb92,,,,
matrix,Paediatric,Cortical CMJ,CCL20,0.05283393560013762,13.0,5.0,0.280894,0.078907,0.402329,0.280894,0.078907,0.402329,easyviz-matrix-cell-45851699a68ec511,,,,
matrix,Paediatric,Cortical CMJ,CCL1,0.1601781495990703,14.0,5.0,0.269308,0.218818,0.509577,0.269308,0.218818,0.509577,easyviz-matrix-cell-526a492982828bb8,,,,
matrix,Paediatric,Cortical CMJ,IL6ST,0.4164445557189553,15.0,5.0,0.157729,0.485932,0.558013,0.157729,0.485932,0.558013,easyviz-matrix-cell-b296ba9abc4bcd6e,,,,
matrix,Paediatric,Cortical CMJ,EBI3,0.2330922096412082,16.0,5.0,0.239346,0.300855,0.540844,0.239346,0.300855,0.540844,easyviz-matrix-cell-721312821e7a2016,,,,
matrix,Paediatric,Cortical CMJ,CXCL11,0.2058188726152556,17.0,5.0,0.252194,0.269783,0.531579,0.252194,0.269783,0.531579,easyviz-matrix-cell-86a7ecefd611b486,,,,
matrix,Paediatric,Cortical CMJ,CCL21,0.2583805322382096,18.0,5.0,0.225863,0.330805,0.547314,0.225863,0.330805,0.547314,easyviz-matrix-cell-a7c22b90fa6417e6,,,,
matrix,Paediatric,Cortical CMJ,IL15,0.248220752382803,19.0,5.0,0.231674,0.318106,0.544834,0.231674,0.318106,0.544834,easyviz-matrix-cell-b7a4d6754cb95ee1,,,,
matrix,Paediatric,Cortical CMJ,TNF,0.2325002606265554,20.0,5.0,0.239346,0.300855,0.540844,0.239346,0.300855,0.540844,easyviz-matrix-cell-6d6c2deb5c4c2511,,,,
matrix,Paediatric,Cortical CMJ,CXCL16,0.3746268753715087,21.0,5.0,0.174274,0.445044,0.557792,0.174274,0.445044,0.557792,easyviz-matrix-cell-2cf7ef219a8d14b6,,,,
matrix,Paediatric,Cortical CMJ,LTA,0.263812716650808,22.0,5.0,0.223925,0.334994,0.548053,0.223925,0.334994,0.548053,easyviz-matrix-cell-8b026a7104a2a11d,,,,
matrix,Paediatric,Cortical CMJ,TNFSF13B,0.425565712031465,23.0,5.0,0.154815,0.493313,0.55784,0.154815,0.493313,0.55784,easyviz-matrix-cell-23048618ce3d7429,,,,
matrix,Paediatric,Cortical CMJ,CCL19,0.3901254051434621,24.0,5.0,0.168126,0.459988,0.558082,0.168126,0.459988,0.558082,easyviz-matrix-cell-d8010982ab40802f,,,,
matrix,Paediatric,Cortical CMJ,IL4R,0.3185219691802481,25.0,5.0,0.197636,0.391528,0.554969,0.197636,0.391528,0.554969,easyviz-matrix-cell-bce6f3dfed3007b0,,,,
matrix,Paediatric,Cortical CMJ,CD40LG,0.5237536808159563,26.0,5.0,0.121831,0.589055,0.545623,0.121831,0.589055,0.545623,easyviz-matrix-cell-e0cad2f998356198,,,,
matrix,Paediatric,Cortical CMJ,CXCL9,0.2416537427645436,27.0,5.0,0.235526,0.309527,0.542944,0.235526,0.309527,0.542944,easyviz-matrix-cell-cea695c87549f2fa,,,,
matrix,Paediatric,Cortical CMJ,CCL22,0.2476249543058656,28.0,5.0,0.231674,0.318106,0.544834,0.231674,0.318106,0.544834,easyviz-matrix-cell-f13db50d95e39b4b,,,,
matrix,Paediatric,Cortical CMJ,CCL13,0.3186005844752287,29.0,5.0,0.197636,0.391528,0.554969,0.197636,0.391528,0.554969,easyviz-matrix-cell-115dad0216922aba,,,,
matrix,Paediatric,Cortical CMJ,CCL3,0.09901913132574253,30.0,5.0,0.282623,0.140926,0.457517,0.282623,0.140926,0.457517,easyviz-matrix-cell-fafd641cdd8185de,,,,
matrix,Paediatric,Cortical CMJ,CCL28,0.3356962934624743,31.0,5.0,0.190631,0.407061,0.556089,0.190631,0.407061,0.556089,easyviz-matrix-cell-766273fa96d67590,,,,
matrix,Paediatric,Cortical CMJ,CX3CL1,0.3282811867754599,32.0,5.0,0.192357,0.403199,0.555836,0.192357,0.403199,0.555836,easyviz-matrix-cell-6dc878393d57ec09,,,,
matrix,Paediatric,Cortical CMJ,CSF1,0.2362823836219148,33.0,5.0,0.237441,0.305202,0.541921,0.237441,0.305202,0.541921,easyviz-matrix-cell-018cf74be0cae306,,,,
matrix,Paediatric,Cortical CMJ,CCL4,0.2789627934656942,34.0,5.0,0.21621,0.351535,0.550627,0.21621,0.351535,0.550627,easyviz-matrix-cell-82b6d56d60457265,,,,
matrix,Paediatric,Cortical CMJ,CXCL13,0.1779211240068556,35.0,5.0,0.263663,0.237631,0.518762,0.263663,0.237631,0.518762,easyviz-matrix-cell-7e5ef41c5f43db65,,,,
matrix,Paediatric,Cortical CMJ,IL12B,0.4104436612075684,36.0,5.0,0.159194,0.482237,0.558073,0.159194,0.482237,0.558073,easyviz-matrix-cell-5c4eeb2d0843227f,,,,
matrix,Paediatric,Cortical CMJ,CXCL14,0.3557500364239722,37.0,5.0,0.180629,0.429975,0.557282,0.180629,0.429975,0.557282,easyviz-matrix-cell-90f5d6b8c4779a83,,,,
matrix,Paediatric,Cortical CMJ,TNFSF13,0.3856424532936934,38.0,5.0,0.169646,0.456262,0.55803,0.169646,0.456262,0.55803,easyviz-matrix-cell-535d322f782e4237,,,,
matrix,Paediatric,Cortical CMJ,IL6R,0.3541502543561927,39.0,5.0,0.182256,0.426184,0.55712,0.182256,0.426184,0.55712,easyviz-matrix-cell-724e688d20b8c32e,,,,
matrix,Paediatric,Cortical CMJ,XCL1,0.4102248267047039,40.0,5.0,0.159194,0.482237,0.558073,0.159194,0.482237,0.558073,easyviz-matrix-cell-835975a1391eb8c8,,,,
matrix,Paediatric,Cortical CMJ,IL18,0.3800181048851573,41.0,5.0,0.171176,0.45253,0.557965,0.171176,0.45253,0.557965,easyviz-matrix-cell-09e2fdbd3736e628,,,,
matrix,Paediatric,Cortical CMJ,XCL2,0.2772960553824156,42.0,5.0,0.21813,0.347432,0.550038,0.21813,0.347432,0.550038,easyviz-matrix-cell-c10959d6adaab7df,,,,
matrix,Paediatric,Cortical CMJ,TNFSF14,0.4860321888755901,43.0,5.0,0.132444,0.552216,0.553018,0.132444,0.552216,0.553018,easyviz-matrix-cell-4de54447db509074,,,,
matrix,Paediatric,Cortical CMJ,CCL17,0.249650459942625,44.0,5.0,0.231674,0.318106,0.544834,0.231674,0.318106,0.544834,easyviz-matrix-cell-e9835e3581639575,,,,
matrix,Paediatric,Cortical CMJ,CCL5,0.3746765023502917,45.0,5.0,0.174274,0.445044,0.557792,0.174274,0.445044,0.557792,easyviz-matrix-cell-4518118827e4b43a,,,,
matrix,Paediatric,Cortical CMJ,CCL18,0.8396180735139445,46.0,5.0,0.575563,0.844566,0.256415,0.575563,0.844566,0.256415,easyviz-matrix-cell-236dcb1ea0a8f8d1,,,,
matrix,Paediatric,Cortical CMJ,TNFSF10,0.3084307905087765,47.0,5.0,0.203063,0.379716,0.553925,0.203063,0.379716,0.553925,easyviz-matrix-cell-8386f170ed0a3929,,,,
matrix,Paediatric,Cortical CMJ,IL15RA,0.3041107421946249,48.0,5.0,0.204903,0.375746,0.553533,0.204903,0.375746,0.553533,easyviz-matrix-cell-d221d7a41f3edf9a,,,,
matrix,Paediatric,Cortical CMJ,IL17RE,0.2803499920050476,49.0,5.0,0.21621,0.351535,0.550627,0.21621,0.351535,0.550627,easyviz-matrix-cell-3cb17448faaaceba,,,,
matrix,Paediatric,Cortical CMJ,CXCL8,0.5645063600187817,50.0,5.0,0.120638,0.625828,0.533488,0.120638,0.625828,0.533488,easyviz-matrix-cell-6ae90a7af2fa0fe0,,,,
matrix,Paediatric,Cortical CMJ,CXCL3,0.728569715044408,51.0,5.0,0.319809,0.770914,0.411152,0.319809,0.770914,0.411152,easyviz-matrix-cell-d3110cd125e249cf,,,,
matrix,Paediatric,Cortical CMJ,BMP8A,0.5638915257348777,52.0,5.0,0.120638,0.625828,0.533488,0.120638,0.625828,0.533488,easyviz-matrix-cell-c480166c7e507fb4,,,,
matrix,Paediatric,Cortical CMJ,CXCL12,0.6474648458553117,53.0,5.0,0.180653,0.701402,0.488189,0.180653,0.701402,0.488189,easyviz-matrix-cell-49c881900d012ae8,,,,
matrix,Paediatric,Cortical CMJ,CCL25,0.6533871663795069,54.0,5.0,0.19109,0.708366,0.482284,0.19109,0.708366,0.482284,easyviz-matrix-cell-0d54e7536c08ae1c,,,,
matrix,Paediatric,Cortical CMJ,IL34,0.1324671621221017,55.0,5.0,0.278012,0.180367,0.486697,0.278012,0.180367,0.486697,easyviz-matrix-cell-27970b849860e8c8,,,,
matrix,Paediatric,Cortical CMJ,IL33,0.4829018609819058,56.0,5.0,0.133743,0.548535,0.553541,0.133743,0.548535,0.553541,easyviz-matrix-cell-f48bcfc3569f8e4c,,,,
matrix,Paediatric,Cortical CMJ,CCL2,0.293324367615408,57.0,5.0,0.208623,0.367752,0.552675,0.208623,0.367752,0.552675,easyviz-matrix-cell-a5343df4530d50c9,,,,
matrix,Paediatric,Cortical CMJ,IL1R1,0.2443328794366605,58.0,5.0,0.233603,0.313828,0.543914,0.233603,0.313828,0.543914,easyviz-matrix-cell-49882e8429c8ae06,,,,
matrix,Paediatric,Cortical CMJ,BMP7,0.3228185770604853,59.0,5.0,0.19586,0.395433,0.555276,0.19586,0.395433,0.555276,easyviz-matrix-cell-365971fa1422f329,,,,
matrix,Paediatric,Cortical CMJ,SPP1,0.1366940440822082,60.0,5.0,0.277134,0.185228,0.489898,0.277134,0.185228,0.489898,easyviz-matrix-cell-ab3616823336f44e,,,,
matrix,Paediatric,Cortical CMJ,CCL14,0.6147114289401641,61.0,5.0,0.146616,0.67305,0.508936,0.146616,0.67305,0.508936,easyviz-matrix-cell-cc120efcf3fc8342,,,,
matrix,Paediatric,Cortical CMJ,GDF11,0.5219857384897116,62.0,5.0,0.122606,0.585371,0.546557,0.122606,0.585371,0.546557,easyviz-matrix-cell-26599a2c8bf35592,,,,
matrix,Paediatric,Cortical CMJ,IL1R2,0.2193575832501897,63.0,5.0,0.244972,0.287675,0.53726,0.244972,0.287675,0.53726,easyviz-matrix-cell-002a31812411200c,,,,
matrix,Paediatric,Cortical CMJ,TGFB3,0.3858670941594728,64.0,5.0,0.169646,0.456262,0.55803,0.169646,0.456262,0.55803,easyviz-matrix-cell-51f780f4cd0b7c0e,,,,
matrix,Paediatric,Medullar CMJ,CXCL1,0.2134518713611107,0.0,6.0,0.248629,0.278775,0.534556,0.248629,0.278775,0.534556,easyviz-matrix-cell-3918c6ecbf225134,,,,
matrix,Paediatric,Medullar CMJ,IL1RAP,0.5058623864081011,1.0,6.0,0.126453,0.570633,0.549841,0.126453,0.570633,0.549841,easyviz-matrix-cell-227870e66d35cc33,,,,
matrix,Paediatric,Medullar CMJ,CXCL6,0.2497262436921907,2.0,6.0,0.231674,0.318106,0.544834,0.231674,0.318106,0.544834,easyviz-matrix-cell-f208bb4243e38ea2,,,,
matrix,Paediatric,Medullar CMJ,IL1B,0.3180206422904309,3.0,6.0,0.197636,0.391528,0.554969,0.197636,0.391528,0.554969,easyviz-matrix-cell-3308a4abd40599ab,,,,
matrix,Paediatric,Medullar CMJ,TNFSF12,0.569132293176456,4.0,6.0,0.12138,0.629492,0.531973,0.12138,0.629492,0.531973,easyviz-matrix-cell-f2ae4fc2724c0617,,,,
matrix,Paediatric,Medullar CMJ,IL1RN,0.3655549910516147,5.0,6.0,0.177423,0.437527,0.557565,0.177423,0.437527,0.557565,easyviz-matrix-cell-b7a08a6a421cdeb5,,,,
matrix,Paediatric,Medullar CMJ,TNFSF9,0.2338472302149571,6.0,6.0,0.239346,0.300855,0.540844,0.239346,0.300855,0.540844,easyviz-matrix-cell-47693e7a88557cec,,,,
matrix,Paediatric,Medullar CMJ,TNFSF11,0.4567638727711196,7.0,6.0,0.143343,0.522773,0.556295,0.143343,0.522773,0.556295,easyviz-matrix-cell-45a27b7014ad975f,,,,
matrix,Paediatric,Medullar CMJ,CXCL10,0.4497498365113313,8.0,6.0,0.144759,0.519093,0.556572,0.144759,0.519093,0.556572,easyviz-matrix-cell-b07c09f689bd467e,,,,
matrix,Paediatric,Medullar CMJ,IL7R,0.3744042142962756,9.0,6.0,0.174274,0.445044,0.557792,0.174274,0.445044,0.557792,easyviz-matrix-cell-8486a6adffe938d5,,,,
matrix,Paediatric,Medullar CMJ,CD70,0.3504689410559557,10.0,6.0,0.183898,0.422383,0.556944,0.183898,0.422383,0.556944,easyviz-matrix-cell-860c9e48126cac07,,,,
matrix,Paediatric,Medullar CMJ,FLT3LG,0.3696161280362164,11.0,6.0,0.175841,0.44129,0.557685,0.175841,0.44129,0.557685,easyviz-matrix-cell-474dca0772d0c967,,,,
matrix,Paediatric,Medullar CMJ,IL23A,0.5375331215395225,12.0,6.0,0.120092,0.600104,0.54253,0.120092,0.600104,0.54253,easyviz-matrix-cell-18415731f27c1624,,,,
matrix,Paediatric,Medullar CMJ,CCL20,0.2522616458137498,13.0,6.0,0.229739,0.322361,0.545706,0.229739,0.322361,0.545706,easyviz-matrix-cell-c3e78ac78cba5cfd,,,,
matrix,Paediatric,Medullar CMJ,CCL1,0.3460571858342165,14.0,6.0,0.185556,0.41857,0.556753,0.185556,0.41857,0.556753,easyviz-matrix-cell-e0084665b2ce847d,,,,
matrix,Paediatric,Medullar CMJ,IL6ST,0.6012493203236486,15.0,6.0,0.134692,0.658636,0.517649,0.134692,0.658636,0.517649,easyviz-matrix-cell-2075344e838b7aaa,,,,
matrix,Paediatric,Medullar CMJ,EBI3,0.5644654632622136,16.0,6.0,0.120638,0.625828,0.533488,0.120638,0.625828,0.533488,easyviz-matrix-cell-942a9a52c44d4780,,,,
matrix,Paediatric,Medullar CMJ,CXCL11,0.3961210657263842,17.0,6.0,0.165117,0.467423,0.558141,0.165117,0.467423,0.558141,easyviz-matrix-cell-6b094321a0a4a84e,,,,
matrix,Paediatric,Medullar CMJ,CCL21,0.5338818883122326,18.0,6.0,0.120565,0.596422,0.543611,0.120565,0.596422,0.543611,easyviz-matrix-cell-dbd09c60ef787528,,,,
matrix,Paediatric,Medullar CMJ,IL15,0.5090192635344588,19.0,6.0,0.125394,0.574318,0.549086,0.125394,0.574318,0.549086,easyviz-matrix-cell-45679ee55f398de4,,,,
matrix,Paediatric,Medullar CMJ,TNF,0.4673065466182481,20.0,6.0,0.139147,0.533812,0.555298,0.139147,0.533812,0.555298,easyviz-matrix-cell-389b3a518112a566,,,,
matrix,Paediatric,Medullar CMJ,CXCL16,0.6595563891412687,21.0,6.0,0.196571,0.711827,0.479221,0.196571,0.711827,0.479221,easyviz-matrix-cell-9e4da2a94c854f70,,,,
matrix,Paediatric,Medullar CMJ,LTA,0.4607394264957826,22.0,6.0,0.141935,0.526453,0.555991,0.141935,0.526453,0.555991,easyviz-matrix-cell-9ba2f9cb9dcfe1d8,,,,
matrix,Paediatric,Medullar CMJ,TNFSF13B,0.517032316613479,23.0,6.0,0.123463,0.581687,0.547445,0.123463,0.581687,0.547445,easyviz-matrix-cell-a7561cd552d6e8eb,,,,
matrix,Paediatric,Medullar CMJ,CCL19,0.6603527081556609,24.0,6.0,0.202219,0.715272,0.476084,0.202219,0.715272,0.476084,easyviz-matrix-cell-0352a7f61ca5f341,,,,
matrix,Paediatric,Medullar CMJ,IL4R,0.553173986558712,25.0,6.0,0.119483,0.614817,0.537692,0.119483,0.614817,0.537692,easyviz-matrix-cell-2cb2e5e0d34a7da6,,,,
matrix,Paediatric,Medullar CMJ,CD40LG,0.6652697692042172,26.0,6.0,0.20803,0.718701,0.472873,0.20803,0.718701,0.472873,easyviz-matrix-cell-7ec54acc9a3c50a2,,,,
matrix,Paediatric,Medullar CMJ,CXCL9,0.4836487559354126,27.0,6.0,0.133743,0.548535,0.553541,0.133743,0.548535,0.553541,easyviz-matrix-cell-8e517f23c1e98b51,,,,
matrix,Paediatric,Medullar CMJ,CCL22,0.4656357467906548,28.0,6.0,0.139147,0.533812,0.555298,0.139147,0.533812,0.555298,easyviz-matrix-cell-060930db509adfee,,,,
matrix,Paediatric,Medullar CMJ,CCL13,0.4077905529518662,29.0,6.0,0.160665,0.47854,0.558115,0.160665,0.47854,0.558115,easyviz-matrix-cell-e3ffbbfdbecc73f1,,,,
matrix,Paediatric,Medullar CMJ,CCL3,0.6278203736606114,30.0,6.0,0.157851,0.683765,0.501686,0.157851,0.683765,0.501686,easyviz-matrix-cell-336b975230d4df07,,,,
matrix,Paediatric,Medullar CMJ,CCL28,0.9641372615978087,31.0,6.0,0.906311,0.894855,0.098125,0.906311,0.894855,0.098125,easyviz-matrix-cell-3eb55cb044930a94,,,,
matrix,Paediatric,Medullar CMJ,CX3CL1,0.5333109694587805,32.0,6.0,0.120565,0.596422,0.543611,0.120565,0.596422,0.543611,easyviz-matrix-cell-70d2e257be1086f3,,,,
matrix,Paediatric,Medullar CMJ,CSF1,0.587085154695957,33.0,6.0,0.128087,0.647749,0.523491,0.128087,0.647749,0.523491,easyviz-matrix-cell-9e3b13e1c1395427,,,,
matrix,Paediatric,Medullar CMJ,CCL4,0.4245774684971017,34.0,6.0,0.154815,0.493313,0.55784,0.154815,0.493313,0.55784,easyviz-matrix-cell-b8f408c378e5c412,,,,
matrix,Paediatric,Medullar CMJ,CXCL13,0.4665669060188004,35.0,6.0,0.139147,0.533812,0.555298,0.139147,0.533812,0.555298,easyviz-matrix-cell-349e0a8cc5a7a06f,,,,
matrix,Paediatric,Medullar CMJ,IL12B,0.7788893162085178,36.0,6.0,0.430983,0.808473,0.346476,0.430983,0.808473,0.346476,easyviz-matrix-cell-54dca7bb3a46fe1c,,,,
matrix,Paediatric,Medullar CMJ,CXCL14,0.6666086034309516,37.0,6.0,0.20803,0.718701,0.472873,0.20803,0.718701,0.472873,easyviz-matrix-cell-6c63d815cfe7f1b3,,,,
matrix,Paediatric,Medullar CMJ,TNFSF13,0.6623038595615682,38.0,6.0,0.202219,0.715272,0.476084,0.202219,0.715272,0.476084,easyviz-matrix-cell-a629d8410da59d44,,,,
matrix,Paediatric,Medullar CMJ,IL6R,0.6497497900546549,39.0,6.0,0.185783,0.704891,0.485273,0.185783,0.704891,0.485273,easyviz-matrix-cell-5055433295d3a90d,,,,
matrix,Paediatric,Medullar CMJ,XCL1,0.6300922179483885,40.0,6.0,0.162016,0.687316,0.499129,0.162016,0.687316,0.499129,easyviz-matrix-cell-d4d243d6b4020052,,,,
matrix,Paediatric,Medullar CMJ,IL18,0.7062553153480756,41.0,6.0,0.274149,0.751988,0.436601,0.274149,0.751988,0.436601,easyviz-matrix-cell-7b006ed85db81ab8,,,,
matrix,Paediatric,Medullar CMJ,XCL2,0.5909110494185034,42.0,6.0,0.130067,0.651384,0.521608,0.130067,0.651384,0.521608,easyviz-matrix-cell-d7fa432a0291df41,,,,
matrix,Paediatric,Medullar CMJ,TNFSF14,0.7087568865560528,43.0,6.0,0.281477,0.755203,0.432552,0.281477,0.755203,0.432552,easyviz-matrix-cell-f4886fa0bfbba9ab,,,,
matrix,Paediatric,Medullar CMJ,CCL17,0.4667683999303872,44.0,6.0,0.139147,0.533812,0.555298,0.139147,0.533812,0.555298,easyviz-matrix-cell-659d88b4ed50bc83,,,,
matrix,Paediatric,Medullar CMJ,CCL5,0.5291115481160549,45.0,6.0,0.121148,0.592739,0.544641,0.121148,0.592739,0.544641,easyviz-matrix-cell-012e963a050fd37a,,,,
matrix,Paediatric,Medullar CMJ,CCL18,1.0,46.0,6.0,0.993248,0.906157,0.143936,0.993248,0.906157,0.143936,easyviz-matrix-cell-31a08127208467b9,,,,
matrix,Paediatric,Medullar CMJ,TNFSF10,0.4192665895139807,47.0,6.0,0.15627,0.489624,0.557936,0.15627,0.489624,0.557936,easyviz-matrix-cell-63dff50427049d75,,,,
matrix,Paediatric,Medullar CMJ,IL15RA,0.7189245190748272,48.0,6.0,0.304148,0.764704,0.419943,0.304148,0.764704,0.419943,easyviz-matrix-cell-106bac3dbe050855,,,,
matrix,Paediatric,Medullar CMJ,IL17RE,0.375434613834746,49.0,6.0,0.172719,0.448791,0.557885,0.172719,0.448791,0.557885,easyviz-matrix-cell-acbe99835d136732,,,,
matrix,Paediatric,Medullar CMJ,CXCL8,0.1343429685447498,50.0,6.0,0.277134,0.185228,0.489898,0.277134,0.185228,0.489898,easyviz-matrix-cell-c07cf55aef25a6cc,,,,
matrix,Paediatric,Medullar CMJ,CXCL3,0.4709110903390604,51.0,6.0,0.13777,0.537492,0.554906,0.13777,0.537492,0.554906,easyviz-matrix-cell-37db834de65cf100,,,,
matrix,Paediatric,Medullar CMJ,BMP8A,0.4396495014992374,52.0,6.0,0.149039,0.508051,0.55725,0.149039,0.508051,0.55725,easyviz-matrix-cell-53ae1eb3ea1d19b7,,,,
matrix,Paediatric,Medullar CMJ,CXCL12,0.5576266993178791,53.0,6.0,0.119699,0.61849,0.536347,0.119699,0.61849,0.536347,easyviz-matrix-cell-5112dd756325ff36,,,,
matrix,Paediatric,Medullar CMJ,CCL25,0.4683218693954531,54.0,6.0,0.139147,0.533812,0.555298,0.139147,0.533812,0.555298,easyviz-matrix-cell-59c46c1863b9bfea,,,,
matrix,Paediatric,Medullar CMJ,IL34,0.8890047735729516,55.0,6.0,0.709898,0.868751,0.169257,0.709898,0.868751,0.169257,easyviz-matrix-cell-fc18bca7d99241e7,,,,
matrix,Paediatric,Medullar CMJ,IL33,0.7119763752954509,56.0,6.0,0.288921,0.758394,0.428426,0.288921,0.758394,0.428426,easyviz-matrix-cell-62b818402bbfc61c,,,,
matrix,Paediatric,Medullar CMJ,CCL2,0.6920024323179864,57.0,6.0,0.252899,0.742211,0.448284,0.252899,0.742211,0.448284,easyviz-matrix-cell-c3464c265062c0a7,,,,
matrix,Paediatric,Medullar CMJ,IL1R1,0.7041543757846989,58.0,6.0,0.274149,0.751988,0.436601,0.274149,0.751988,0.436601,easyviz-matrix-cell-662d2b164fd63779,,,,
matrix,Paediatric,Medullar CMJ,BMP7,0.488377227031173,59.0,6.0,0.131172,0.555899,0.552459,0.131172,0.555899,0.552459,easyviz-matrix-cell-03423400696d74fa,,,,
matrix,Paediatric,Medullar CMJ,SPP1,0.4065884144736704,60.0,6.0,0.160665,0.47854,0.558115,0.160665,0.47854,0.558115,easyviz-matrix-cell-8f3fc6a4ac8483c3,,,,
matrix,Paediatric,Medullar CMJ,CCL14,0.9538636201953241,61.0,6.0,0.886271,0.892374,0.095374,0.886271,0.892374,0.095374,easyviz-matrix-cell-f6534e24da8ab3bf,,,,
matrix,Paediatric,Medullar CMJ,GDF11,0.6162758447894384,62.0,6.0,0.146616,0.67305,0.508936,0.146616,0.67305,0.508936,easyviz-matrix-cell-3ee9f06ae2c2e611,,,,
matrix,Paediatric,Medullar CMJ,IL1R2,0.5180728475772711,63.0,6.0,0.123463,0.581687,0.547445,0.123463,0.581687,0.547445,easyviz-matrix-cell-b4055776b4d8f506,,,,
matrix,Paediatric,Medullar CMJ,TGFB3,0.7083316264836594,64.0,6.0,0.281477,0.755203,0.432552,0.281477,0.755203,0.432552,easyviz-matrix-cell-ea53aac42372abd8,,,,
matrix,Paediatric,Medullar level 1,CXCL1,0.6264475728263693,0.0,7.0,0.157851,0.683765,0.501686,0.157851,0.683765,0.501686,easyviz-matrix-cell-8e458b8446b484f3,,,,
matrix,Paediatric,Medullar level 1,IL1RAP,1.0,1.0,7.0,0.993248,0.906157,0.143936,0.993248,0.906157,0.143936,easyviz-matrix-cell-785d1b30802612e0,,,,
matrix,Paediatric,Medullar level 1,CXCL6,0.6564881593463241,2.0,7.0,0.196571,0.711827,0.479221,0.196571,0.711827,0.479221,easyviz-matrix-cell-fa014a3f02b52a63,,,,
matrix,Paediatric,Medullar level 1,IL1B,0.6846150442000544,3.0,7.0,0.239374,0.735588,0.455688,0.239374,0.735588,0.455688,easyviz-matrix-cell-67fe66a334799ecf,,,,
matrix,Paediatric,Medullar level 1,TNFSF12,0.8478639055015078,4.0,7.0,0.606045,0.850733,0.236712,0.606045,0.850733,0.236712,easyviz-matrix-cell-472581939e482ecd,,,,
matrix,Paediatric,Medullar level 1,IL1RN,0.6785264939858673,5.0,7.0,0.226397,0.728888,0.462789,0.226397,0.728888,0.462789,easyviz-matrix-cell-00093af905e2ca5a,,,,
matrix,Paediatric,Medullar level 1,TNFSF9,0.4464066896295839,6.0,7.0,0.14618,0.515413,0.556823,0.14618,0.515413,0.556823,easyviz-matrix-cell-3f946318cb351376,,,,
matrix,Paediatric,Medullar level 1,TNFSF11,0.6923614852307132,7.0,7.0,0.252899,0.742211,0.448284,0.252899,0.742211,0.448284,easyviz-matrix-cell-038630c383f5d9e1,,,,
matrix,Paediatric,Medullar level 1,CXCL10,0.7177396486579453,8.0,7.0,0.296479,0.761561,0.424223,0.296479,0.761561,0.424223,easyviz-matrix-cell-d105fe9005c426fc,,,,
matrix,Paediatric,Medullar level 1,IL7R,0.5460573389125595,9.0,7.0,0.119512,0.607464,0.540218,0.119512,0.607464,0.540218,easyviz-matrix-cell-e3f7333962aab910,,,,
matrix,Paediatric,Medullar level 1,CD70,0.6682879396946394,10.0,7.0,0.214,0.722114,0.469588,0.214,0.722114,0.469588,easyviz-matrix-cell-afe8bdabcdffb3fc,,,,
matrix,Paediatric,Medullar level 1,FLT3LG,0.7458850152376199,11.0,7.0,0.35236,0.783011,0.392636,0.35236,0.783011,0.392636,easyviz-matrix-cell-c11227b6f37f12fb,,,,
matrix,Paediatric,Medullar level 1,IL23A,0.9825331755106332,12.0,7.0,0.9553,0.901065,0.118128,0.9553,0.901065,0.118128,easyviz-matrix-cell-27ea851ea1542b41,,,,
matrix,Paediatric,Medullar level 1,CCL20,0.5965813775876658,13.0,7.0,0.132268,0.655014,0.519661,0.132268,0.655014,0.519661,easyviz-matrix-cell-09eb0efc4a12d95a,,,,
matrix,Paediatric,Medullar level 1,CCL1,0.8045960905194237,14.0,7.0,0.487026,0.823929,0.312321,0.487026,0.823929,0.312321,easyviz-matrix-cell-a3f5b60188b8bc8d,,,,
matrix,Paediatric,Medullar level 1,IL6ST,0.8282837579365537,15.0,7.0,0.555484,0.840254,0.269281,0.555484,0.840254,0.269281,easyviz-matrix-cell-f8415d66cdd33b10,,,,
matrix,Paediatric,Medullar level 1,EBI3,0.8878780179957615,16.0,7.0,0.709898,0.868751,0.169257,0.709898,0.868751,0.169257,easyviz-matrix-cell-2dd6c5b75e5028c4,,,,
matrix,Paediatric,Medullar level 1,CXCL11,0.6435020792481304,17.0,7.0,0.175707,0.6979,0.491033,0.175707,0.6979,0.491033,easyviz-matrix-cell-6189b83386dd57aa,,,,
matrix,Paediatric,Medullar level 1,CCL21,0.8225546929394498,18.0,7.0,0.535621,0.835785,0.281908,0.535621,0.835785,0.281908,easyviz-matrix-cell-a5fa30e63f4da7b0,,,,
matrix,Paediatric,Medullar level 1,IL15,0.869535712117803,19.0,7.0,0.657642,0.860219,0.203082,0.657642,0.860219,0.203082,easyviz-matrix-cell-117eae1ab590c324,,,,
matrix,Paediatric,Medullar level 1,TNF,0.6048517970488424,20.0,7.0,0.137339,0.662252,0.515571,0.137339,0.662252,0.515571,easyviz-matrix-cell-c5350eb3d1a42d14,,,,
matrix,Paediatric,Medullar level 1,CXCL16,0.9624340963593587,21.0,7.0,0.906311,0.894855,0.098125,0.906311,0.894855,0.098125,easyviz-matrix-cell-eb05fb73656309be,,,,
matrix,Paediatric,Medullar level 1,LTA,0.6507324990517964,22.0,7.0,0.185783,0.704891,0.485273,0.185783,0.704891,0.485273,easyviz-matrix-cell-7902743c6fd50d82,,,,
matrix,Paediatric,Medullar level 1,TNFSF13B,0.9241910217940574,23.0,7.0,0.804182,0.882046,0.114965,0.804182,0.882046,0.114965,easyviz-matrix-cell-21bb2ca6e07d1396,,,,
matrix,Paediatric,Medullar level 1,CCL19,0.903833851832332,24.0,7.0,0.751884,0.874951,0.143228,0.751884,0.874951,0.143228,easyviz-matrix-cell-803a1fe2ccb081ae,,,,
matrix,Paediatric,Medullar level 1,IL4R,0.791879228029744,25.0,7.0,0.458674,0.816363,0.329727,0.458674,0.816363,0.329727,easyviz-matrix-cell-990e097abc1af49d,,,,
matrix,Paediatric,Medullar level 1,CD40LG,0.7885440424262383,26.0,7.0,0.449368,0.813768,0.335384,0.449368,0.813768,0.335384,easyviz-matrix-cell-85d653bf1fa29dc7,,,,
matrix,Paediatric,Medullar level 1,CXCL9,0.7741836727150317,27.0,7.0,0.421908,0.805774,0.35191,0.421908,0.805774,0.35191,easyviz-matrix-cell-20839d787403854c,,,,
matrix,Paediatric,Medullar level 1,CCL22,0.7282909278280117,28.0,7.0,0.319809,0.770914,0.411152,0.319809,0.770914,0.411152,easyviz-matrix-cell-ac60d972745d3ad1,,,,
matrix,Paediatric,Medullar level 1,CCL13,0.3946697787925278,29.0,7.0,0.165117,0.467423,0.558141,0.165117,0.467423,0.558141,easyviz-matrix-cell-13723d56406b3ae3,,,,
matrix,Paediatric,Medullar level 1,CCL3,0.5664410434207221,30.0,7.0,0.12138,0.629492,0.531973,0.12138,0.629492,0.531973,easyviz-matrix-cell-b3ed069a2b7d4406,,,,
matrix,Paediatric,Medullar level 1,CCL28,1.0,31.0,7.0,0.993248,0.906157,0.143936,0.993248,0.906157,0.143936,easyviz-matrix-cell-84b362dfe98a3db5,,,,
matrix,Paediatric,Medullar level 1,CX3CL1,1.0,32.0,7.0,0.993248,0.906157,0.143936,0.993248,0.906157,0.143936,easyviz-matrix-cell-f376e446bb2b948f,,,,
matrix,Paediatric,Medullar level 1,CSF1,0.9502885895286616,33.0,7.0,0.876168,0.891125,0.09525,0.876168,0.891125,0.09525,easyviz-matrix-cell-69a2c52670f2a3e7,,,,
matrix,Paediatric,Medullar level 1,CCL4,0.7083472668745915,34.0,7.0,0.281477,0.755203,0.432552,0.281477,0.755203,0.432552,easyviz-matrix-cell-097564ccac8fd72f,,,,
matrix,Paediatric,Medullar level 1,CXCL13,0.7914148169379919,35.0,7.0,0.458674,0.816363,0.329727,0.458674,0.816363,0.329727,easyviz-matrix-cell-4d5d4855cdb8a1c0,,,,
matrix,Paediatric,Medullar level 1,IL12B,0.9395825485486266,36.0,7.0,0.845561,0.887322,0.099702,0.845561,0.887322,0.099702,easyviz-matrix-cell-9dff4b873a7f9ac1,,,,
matrix,Paediatric,Medullar level 1,CXCL14,0.9479042309061255,37.0,7.0,0.866013,0.889868,0.095953,0.866013,0.889868,0.095953,easyviz-matrix-cell-530be7f54d74612e,,,,
matrix,Paediatric,Medullar level 1,TNFSF13,0.9302827859629015,38.0,7.0,0.82494,0.88472,0.106217,0.82494,0.88472,0.106217,easyviz-matrix-cell-525b4e926ca3ee5a,,,,
matrix,Paediatric,Medullar level 1,IL6R,0.7275798612967551,39.0,7.0,0.319809,0.770914,0.411152,0.319809,0.770914,0.411152,easyviz-matrix-cell-d595550abf2ab94a,,,,
matrix,Paediatric,Medullar level 1,XCL1,0.8821515685518682,40.0,7.0,0.688944,0.865448,0.182725,0.688944,0.865448,0.182725,easyviz-matrix-cell-b12ab4c25b03244b,,,,
matrix,Paediatric,Medullar level 1,IL18,0.8915049914139199,41.0,7.0,0.720391,0.87035,0.162603,0.720391,0.87035,0.162603,easyviz-matrix-cell-6566cca253eaf4e1,,,,
matrix,Paediatric,Medullar level 1,XCL2,0.7713556346742987,42.0,7.0,0.412913,0.803041,0.357269,0.412913,0.803041,0.357269,easyviz-matrix-cell-17af37032800a9e4,,,,
matrix,Paediatric,Medullar level 1,TNFSF14,0.9415640678889518,43.0,7.0,0.85581,0.888601,0.097452,0.85581,0.888601,0.097452,easyviz-matrix-cell-cc8cb2f65b1ec8e2,,,,
matrix,Paediatric,Medullar level 1,CCL17,0.7908511196292223,44.0,7.0,0.458674,0.816363,0.329727,0.458674,0.816363,0.329727,easyviz-matrix-cell-ceff577bbc769ae2,,,,
matrix,Paediatric,Medullar level 1,CCL5,0.8093806475485217,45.0,7.0,0.506271,0.828786,0.300362,0.506271,0.828786,0.300362,easyviz-matrix-cell-95a0015c40366194,,,,
matrix,Paediatric,Medullar level 1,CCL18,0.7816193886777236,46.0,7.0,0.440137,0.811138,0.340967,0.440137,0.811138,0.340967,easyviz-matrix-cell-7fefc4503e6f6bab,,,,
matrix,Paediatric,Medullar level 1,TNFSF10,0.8029806252163908,47.0,7.0,0.487026,0.823929,0.312321,0.487026,0.823929,0.312321,easyviz-matrix-cell-0bc31665771e5a73,,,,
matrix,Paediatric,Medullar level 1,IL15RA,0.802164999825328,48.0,7.0,0.487026,0.823929,0.312321,0.487026,0.823929,0.312321,easyviz-matrix-cell-3034b35643d7900a,,,,
matrix,Paediatric,Medullar level 1,IL17RE,0.37321854337872,49.0,7.0,0.174274,0.445044,0.557792,0.174274,0.445044,0.557792,easyviz-matrix-cell-a37270a21609b5ce,,,,
matrix,Paediatric,Medullar level 1,CXCL8,0.0,50.0,7.0,0.267004,0.004874,0.329415,0.267004,0.004874,0.329415,easyviz-matrix-cell-d9c00c8d6d33aeb0,,,,
matrix,Paediatric,Medullar level 1,CXCL3,0.2096633621367618,51.0,7.0,0.250425,0.27429,0.533103,0.250425,0.27429,0.533103,easyviz-matrix-cell-083767f1ddf92d24,,,,
matrix,Paediatric,Medullar level 1,BMP8A,0.2419450695312944,52.0,7.0,0.235526,0.309527,0.542944,0.235526,0.309527,0.542944,easyviz-matrix-cell-ee69eb95140310bf,,,,
matrix,Paediatric,Medullar level 1,CXCL12,0.2994781020153271,53.0,7.0,0.206756,0.371758,0.553117,0.206756,0.371758,0.553117,easyviz-matrix-cell-6d98643be0211bc4,,,,
matrix,Paediatric,Medullar level 1,CCL25,0.205681640018831,54.0,7.0,0.252194,0.269783,0.531579,0.252194,0.269783,0.531579,easyviz-matrix-cell-c9ba9f56ed5a5f63,,,,
matrix,Paediatric,Medullar level 1,IL34,0.7509510644851305,55.0,7.0,0.369214,0.788888,0.382914,0.369214,0.788888,0.382914,easyviz-matrix-cell-181f58cb40ff766f,,,,
matrix,Paediatric,Medullar level 1,IL33,1.0,56.0,7.0,0.993248,0.906157,0.143936,0.993248,0.906157,0.143936,easyviz-matrix-cell-7d90545ecf172a4d,,,,
matrix,Paediatric,Medullar level 1,CCL2,0.5980240419271742,57.0,7.0,0.134692,0.658636,0.517649,0.134692,0.658636,0.517649,easyviz-matrix-cell-82b3b9567b5bcd6c,,,,
matrix,Paediatric,Medullar level 1,IL1R1,0.7819052267448048,58.0,7.0,0.440137,0.811138,0.340967,0.440137,0.811138,0.340967,easyviz-matrix-cell-12cc7ad65b22ed36,,,,
matrix,Paediatric,Medullar level 1,BMP7,0.0820454255995118,59.0,7.0,0.283229,0.120777,0.440584,0.283229,0.120777,0.440584,easyviz-matrix-cell-0de2a6b1cb0767af,,,,
matrix,Paediatric,Medullar level 1,SPP1,0.5945491562851304,60.0,7.0,0.132268,0.655014,0.519661,0.132268,0.655014,0.519661,easyviz-matrix-cell-2fccb2dab39091d8,,,,
matrix,Paediatric,Medullar level 1,CCL14,0.6113329415404447,61.0,7.0,0.143303,0.669459,0.511215,0.143303,0.669459,0.511215,easyviz-matrix-cell-557833bd4ac5ebd8,,,,
matrix,Paediatric,Medullar level 1,GDF11,0.02175704372201036,62.0,7.0,0.273809,0.031497,0.358853,0.273809,0.031497,0.358853,easyviz-matrix-cell-4e820fb0093e912e,,,,
matrix,Paediatric,Medullar level 1,IL1R2,0.8375628699444858,63.0,7.0,0.575563,0.844566,0.256415,0.575563,0.844566,0.256415,easyviz-matrix-cell-4bdbe3a265be9a6a,,,,
matrix,Paediatric,Medullar level 1,TGFB3,1.0,64.0,7.0,0.993248,0.906157,0.143936,0.993248,0.906157,0.143936,easyviz-matrix-cell-7cecb0ba09a8127c,,,,
matrix,Paediatric,Medullar level 2,CXCL1,0.8297750730177167,0.0,8.0,0.555484,0.840254,0.269281,0.555484,0.840254,0.269281,easyviz-matrix-cell-6936811b50126d02,,,,
matrix,Paediatric,Medullar level 2,IL1RAP,0.8804821458015281,1.0,8.0,0.688944,0.865448,0.182725,0.688944,0.865448,0.182725,easyviz-matrix-cell-05de8abd01ed0338,,,,
matrix,Paediatric,Medullar level 2,CXCL6,1.0,2.0,8.0,0.993248,0.906157,0.143936,0.993248,0.906157,0.143936,easyviz-matrix-cell-94622b66e53346eb,,,,
matrix,Paediatric,Medullar level 2,IL1B,1.0,3.0,8.0,0.993248,0.906157,0.143936,0.993248,0.906157,0.143936,easyviz-matrix-cell-9c2ec870feb85816,,,,
matrix,Paediatric,Medullar level 2,TNFSF12,0.7280078042868472,4.0,8.0,0.319809,0.770914,0.411152,0.319809,0.770914,0.411152,easyviz-matrix-cell-48c509c85167d996,,,,
matrix,Paediatric,Medullar level 2,IL1RN,0.8815943760142995,5.0,8.0,0.688944,0.865448,0.182725,0.688944,0.865448,0.182725,easyviz-matrix-cell-afb76f938db7a71f,,,,
matrix,Paediatric,Medullar level 2,TNFSF9,0.517322426506064,6.0,8.0,0.123463,0.581687,0.547445,0.123463,0.581687,0.547445,easyviz-matrix-cell-3090179e7ad1932d,,,,
matrix,Paediatric,Medullar level 2,TNFSF11,0.5112776050100633,7.0,8.0,0.125394,0.574318,0.549086,0.125394,0.574318,0.549086,easyviz-matrix-cell-a4e1fab8b0ced7fa,,,,
matrix,Paediatric,Medullar level 2,CXCL10,0.7975608592949077,8.0,8.0,0.477504,0.821444,0.318195,0.477504,0.821444,0.318195,easyviz-matrix-cell-71ebc07a06ba5d89,,,,
matrix,Paediatric,Medullar level 2,IL7R,0.7296482939003219,9.0,8.0,0.319809,0.770914,0.411152,0.319809,0.770914,0.411152,easyviz-matrix-cell-1b48db7f25acb734,,,,
matrix,Paediatric,Medullar level 2,CD70,0.8233759209347797,10.0,8.0,0.535621,0.835785,0.281908,0.535621,0.835785,0.281908,easyviz-matrix-cell-e436e064ea69314c,,,,
matrix,Paediatric,Medullar level 2,FLT3LG,0.8209953557021836,11.0,8.0,0.535621,0.835785,0.281908,0.535621,0.835785,0.281908,easyviz-matrix-cell-6e0e12ed1e434792,,,,
matrix,Paediatric,Medullar level 2,IL23A,0.5993484775287744,12.0,8.0,0.134692,0.658636,0.517649,0.134692,0.658636,0.517649,easyviz-matrix-cell-68b0ee004158d30d,,,,
matrix,Paediatric,Medullar level 2,CCL20,0.9067747000728895,13.0,8.0,0.762373,0.876424,0.137064,0.762373,0.876424,0.137064,easyviz-matrix-cell-983b2f75524f9918,,,,
matrix,Paediatric,Medullar level 2,CCL1,0.9157219833213358,14.0,8.0,0.783315,0.879285,0.125405,0.783315,0.879285,0.125405,easyviz-matrix-cell-572954b8ba4550dc,,,,
matrix,Paediatric,Medullar level 2,IL6ST,0.8450795945488067,15.0,8.0,0.595839,0.848717,0.243329,0.595839,0.848717,0.243329,easyviz-matrix-cell-b2077aa74ed41092,,,,
matrix,Paediatric,Medullar level 2,EBI3,0.853860400466886,16.0,8.0,0.616293,0.852709,0.230052,0.616293,0.852709,0.230052,easyviz-matrix-cell-69ab25687276c0a9,,,,
matrix,Paediatric,Medullar level 2,CXCL11,0.7639633538103566,17.0,8.0,0.395174,0.797475,0.367757,0.395174,0.797475,0.367757,easyviz-matrix-cell-2cec4d714fad37a1,,,,
matrix,Paediatric,Medullar level 2,CCL21,0.887437541505848,18.0,8.0,0.709898,0.868751,0.169257,0.709898,0.868751,0.169257,easyviz-matrix-cell-d6e1d06d3ef2c55a,,,,
matrix,Paediatric,Medullar level 2,IL15,0.8399546971981477,19.0,8.0,0.585678,0.846661,0.249897,0.585678,0.846661,0.249897,easyviz-matrix-cell-1049ae383f3f4cd3,,,,
matrix,Paediatric,Medullar level 2,TNF,1.0,20.0,8.0,0.993248,0.906157,0.143936,0.993248,0.906157,0.143936,easyviz-matrix-cell-ba5ae3b279b8fc94,,,,
matrix,Paediatric,Medullar level 2,CXCL16,0.8828893319881786,21.0,8.0,0.699415,0.867117,0.175971,0.699415,0.867117,0.175971,easyviz-matrix-cell-4e25e0cfc42e7d2c,,,,
matrix,Paediatric,Medullar level 2,LTA,0.9663305337912279,22.0,8.0,0.916242,0.896091,0.100717,0.916242,0.896091,0.100717,easyviz-matrix-cell-38a9375badd725f5,,,,
matrix,Paediatric,Medullar level 2,TNFSF13B,0.8866842949766646,23.0,8.0,0.699415,0.867117,0.175971,0.699415,0.867117,0.175971,easyviz-matrix-cell-2dea906f77d5c81c,,,,
matrix,Paediatric,Medullar level 2,CCL19,0.9558485623246298,24.0,8.0,0.886271,0.892374,0.095374,0.886271,0.892374,0.095374,easyviz-matrix-cell-3c7fb0906aa9dca5,,,,
matrix,Paediatric,Medullar level 2,IL4R,0.9358724935370827,25.0,8.0,0.83527,0.886029,0.102646,0.83527,0.886029,0.102646,easyviz-matrix-cell-7a7bbfccdae98047,,,,
matrix,Paediatric,Medullar level 2,CD40LG,1.0,26.0,8.0,0.993248,0.906157,0.143936,0.993248,0.906157,0.143936,easyviz-matrix-cell-7f1212ede37b8a6b,,,,
matrix,Paediatric,Medullar level 2,CXCL9,0.9027240964331095,27.0,8.0,0.751884,0.874951,0.143228,0.751884,0.874951,0.143228,easyviz-matrix-cell-be5b031128c68700,,,,
matrix,Paediatric,Medullar level 2,CCL22,0.8543781567794408,28.0,8.0,0.616293,0.852709,0.230052,0.616293,0.852709,0.230052,easyviz-matrix-cell-64dada28cf076c51,,,,
matrix,Paediatric,Medullar level 2,CCL13,0.7519132546654173,29.0,8.0,0.369214,0.788888,0.382914,0.369214,0.788888,0.382914,easyviz-matrix-cell-cd8bd0b2acc31535,,,,
matrix,Paediatric,Medullar level 2,CCL3,1.0,30.0,8.0,0.993248,0.906157,0.143936,0.993248,0.906157,0.143936,easyviz-matrix-cell-036aa0adbbde7b5c,,,,
matrix,Paediatric,Medullar level 2,CCL28,0.7042980560254809,31.0,8.0,0.274149,0.751988,0.436601,0.274149,0.751988,0.436601,easyviz-matrix-cell-f52b94461973306a,,,,
matrix,Paediatric,Medullar level 2,CX3CL1,0.9650733493617173,32.0,8.0,0.916242,0.896091,0.100717,0.916242,0.896091,0.100717,easyviz-matrix-cell-e1e2f38ff8447118,,,,
matrix,Paediatric,Medullar level 2,CSF1,1.0,33.0,8.0,0.993248,0.906157,0.143936,0.993248,0.906157,0.143936,easyviz-matrix-cell-5820db95dd51dd03,,,,
matrix,Paediatric,Medullar level 2,CCL4,0.6849201063528402,34.0,8.0,0.239374,0.735588,0.455688,0.239374,0.735588,0.455688,easyviz-matrix-cell-d80a9afdaa176997,,,,
matrix,Paediatric,Medullar level 2,CXCL13,0.9303776502944054,35.0,8.0,0.82494,0.88472,0.106217,0.82494,0.88472,0.106217,easyviz-matrix-cell-18dea834bf5d7de2,,,,
matrix,Paediatric,Medullar level 2,IL12B,0.7939290779015916,36.0,8.0,0.468053,0.818921,0.323998,0.468053,0.818921,0.323998,easyviz-matrix-cell-9ff94e6a4f38fc7b,,,,
matrix,Paediatric,Medullar level 2,CXCL14,1.0,37.0,8.0,0.993248,0.906157,0.143936,0.993248,0.906157,0.143936,easyviz-matrix-cell-523420c1d7db6665,,,,
matrix,Paediatric,Medullar level 2,TNFSF13,0.9825253331950848,38.0,8.0,0.9553,0.901065,0.118128,0.9553,0.901065,0.118128,easyviz-matrix-cell-9fcbb9725b2eebcc,,,,
matrix,Paediatric,Medullar level 2,IL6R,0.7740813115922365,39.0,8.0,0.421908,0.805774,0.35191,0.421908,0.805774,0.35191,easyviz-matrix-cell-8efb3997771be6f7,,,,
matrix,Paediatric,Medullar level 2,XCL1,0.9592923278562132,40.0,8.0,0.89632,0.893616,0.096335,0.89632,0.893616,0.096335,easyviz-matrix-cell-331c015d3a612a79,,,,
matrix,Paediatric,Medullar level 2,IL18,1.0,41.0,8.0,0.993248,0.906157,0.143936,0.993248,0.906157,0.143936,easyviz-matrix-cell-dd7dfc33228a8230,,,,
matrix,Paediatric,Medullar level 2,XCL2,0.8549626301740375,42.0,8.0,0.616293,0.852709,0.230052,0.616293,0.852709,0.230052,easyviz-matrix-cell-e1d331d3dfa34269,,,,
matrix,Paediatric,Medullar level 2,TNFSF14,0.9410087936192477,43.0,8.0,0.845561,0.887322,0.099702,0.845561,0.887322,0.099702,easyviz-matrix-cell-6bd2d448f1c7c96e,,,,
matrix,Paediatric,Medullar level 2,CCL17,0.8521405497220725,44.0,8.0,0.616293,0.852709,0.230052,0.616293,0.852709,0.230052,easyviz-matrix-cell-e3fe120393924109,,,,
matrix,Paediatric,Medullar level 2,CCL5,1.0,45.0,8.0,0.993248,0.906157,0.143936,0.993248,0.906157,0.143936,easyviz-matrix-cell-32b3a6bb44e50afd,,,,
matrix,Paediatric,Medullar level 2,CCL18,0.5438209761794972,46.0,8.0,0.119512,0.607464,0.540218,0.119512,0.607464,0.540218,easyviz-matrix-cell-bc3fab3ac125cef7,,,,
matrix,Paediatric,Medullar level 2,TNFSF10,0.9593505735470136,47.0,8.0,0.89632,0.893616,0.096335,0.89632,0.893616,0.096335,easyviz-matrix-cell-fe333fc7ae1cf77f,,,,
matrix,Paediatric,Medullar level 2,IL15RA,0.6572326583591638,48.0,8.0,0.196571,0.711827,0.479221,0.196571,0.711827,0.479221,easyviz-matrix-cell-6d03c433cb9d0612,,,,
matrix,Paediatric,Medullar level 2,IL17RE,0.117537183640019,49.0,8.0,0.280255,0.165693,0.476498,0.280255,0.165693,0.476498,easyviz-matrix-cell-6c85618135f6eb42,,,,
matrix,Paediatric,Medullar level 2,CXCL8,0.2261472495118854,50.0,8.0,0.243113,0.292092,0.538516,0.243113,0.292092,0.538516,easyviz-matrix-cell-2334c46da5232a4e,,,,
matrix,Paediatric,Medullar level 2,CXCL3,0.1900232391567685,51.0,8.0,0.258965,0.251537,0.524736,0.258965,0.251537,0.524736,easyviz-matrix-cell-adc12c29192a2a0a,,,,
matrix,Paediatric,Medullar level 2,BMP8A,0.09327558997708046,52.0,8.0,0.283072,0.130895,0.449241,0.283072,0.130895,0.449241,easyviz-matrix-cell-24616163a0aebc14,,,,
matrix,Paediatric,Medullar level 2,CXCL12,0.1398790038538499,53.0,8.0,0.276194,0.190074,0.493001,0.276194,0.190074,0.493001,easyviz-matrix-cell-b1e1e7cac81a2200,,,,
matrix,Paediatric,Medullar level 2,CCL25,0.08751686176108034,54.0,8.0,0.283187,0.125848,0.44496,0.283187,0.125848,0.44496,easyviz-matrix-cell-2bcad32fce501c36,,,,
matrix,Paediatric,Medullar level 2,IL34,1.0,55.0,8.0,0.993248,0.906157,0.143936,0.993248,0.906157,0.143936,easyviz-matrix-cell-3d19de0711bd737d,,,,
matrix,Paediatric,Medullar level 2,IL33,0.6354064197512965,56.0,8.0,0.166383,0.690856,0.496502,0.166383,0.690856,0.496502,easyviz-matrix-cell-9a91b9de8b53c3a0,,,,
matrix,Paediatric,Medullar level 2,CCL2,0.5985863869429251,57.0,8.0,0.134692,0.658636,0.517649,0.134692,0.658636,0.517649,easyviz-matrix-cell-ab6dbec042969608,,,,
matrix,Paediatric,Medullar level 2,IL1R1,1.0,58.0,8.0,0.993248,0.906157,0.143936,0.993248,0.906157,0.143936,easyviz-matrix-cell-e2d95767f4bb188e,,,,
matrix,Paediatric,Medullar level 2,BMP7,0.0962857761354056,59.0,8.0,0.282884,0.13592,0.453427,0.282884,0.13592,0.453427,easyviz-matrix-cell-8259e252c9fe8ddf,,,,
matrix,Paediatric,Medullar level 2,SPP1,0.9641794875366034,60.0,8.0,0.906311,0.894855,0.098125,0.906311,0.894855,0.098125,easyviz-matrix-cell-8a190d6278197795,,,,
matrix,Paediatric,Medullar level 2,CCL14,0.4642422850526791,61.0,8.0,0.140536,0.530132,0.555659,0.140536,0.530132,0.555659,easyviz-matrix-cell-8b5ccb35d3474b50,,,,
matrix,Paediatric,Medullar level 2,GDF11,0.0,62.0,8.0,0.267004,0.004874,0.329415,0.267004,0.004874,0.329415,easyviz-matrix-cell-f42c486284f02759,,,,
matrix,Paediatric,Medullar level 2,IL1R2,0.7188020785618109,63.0,8.0,0.304148,0.764704,0.419943,0.304148,0.764704,0.419943,easyviz-matrix-cell-2a571461e8ad8350,,,,
matrix,Paediatric,Medullar level 2,TGFB3,0.8890086548038433,64.0,8.0,0.709898,0.868751,0.169257,0.709898,0.868751,0.169257,easyviz-matrix-cell-8ef673d3c2910011,,,,
matrix,Paediatric,Medullar level 3,CXCL1,1.0,0.0,9.0,0.993248,0.906157,0.143936,0.993248,0.906157,0.143936,easyviz-matrix-cell-4a51cbf93959d930,,,,
matrix,Paediatric,Medullar level 3,IL1RAP,0.9182032989006544,1.0,9.0,0.79376,0.880678,0.120005,0.79376,0.880678,0.120005,easyviz-matrix-cell-3169593c547b1227,,,,
matrix,Paediatric,Medullar level 3,CXCL6,0.9112210670685774,2.0,9.0,0.772852,0.877868,0.131109,0.772852,0.877868,0.131109,easyviz-matrix-cell-445818be45571843,,,,
matrix,Paediatric,Medullar level 3,IL1B,0.9382515514843813,3.0,9.0,0.845561,0.887322,0.099702,0.845561,0.887322,0.099702,easyviz-matrix-cell-afec79e7891cee96,,,,
matrix,Paediatric,Medullar level 3,TNFSF12,1.0,4.0,9.0,0.993248,0.906157,0.143936,0.993248,0.906157,0.143936,easyviz-matrix-cell-c2a8b9f45a1ccb8a,,,,
matrix,Paediatric,Medullar level 3,IL1RN,1.0,5.0,9.0,0.993248,0.906157,0.143936,0.993248,0.906157,0.143936,easyviz-matrix-cell-ebcd7b6dda82363e,,,,
matrix,Paediatric,Medullar level 3,TNFSF9,1.0,6.0,9.0,0.993248,0.906157,0.143936,0.993248,0.906157,0.143936,easyviz-matrix-cell-5b90d1a32343ab46,,,,
matrix,Paediatric,Medullar level 3,TNFSF11,1.0,7.0,9.0,0.993248,0.906157,0.143936,0.993248,0.906157,0.143936,easyviz-matrix-cell-5c9a42aa5050027c,,,,
matrix,Paediatric,Medullar level 3,CXCL10,1.0,8.0,9.0,0.993248,0.906157,0.143936,0.993248,0.906157,0.143936,easyviz-matrix-cell-5df732a4a57eb662,,,,
matrix,Paediatric,Medullar level 3,IL7R,1.0,9.0,9.0,0.993248,0.906157,0.143936,0.993248,0.906157,0.143936,easyviz-matrix-cell-f552b155140e6c4f,,,,
matrix,Paediatric,Medullar level 3,CD70,1.0,10.0,9.0,0.993248,0.906157,0.143936,0.993248,0.906157,0.143936,easyviz-matrix-cell-3f0f07071649a386,,,,
matrix,Paediatric,Medullar level 3,FLT3LG,1.0,11.0,9.0,0.993248,0.906157,0.143936,0.993248,0.906157,0.143936,easyviz-matrix-cell-b127c5142f9575ef,,,,
matrix,Paediatric,Medullar level 3,IL23A,1.0,12.0,9.0,0.993248,0.906157,0.143936,0.993248,0.906157,0.143936,easyviz-matrix-cell-3bbd3559e90170a4,,,,
matrix,Paediatric,Medullar level 3,CCL20,1.0,13.0,9.0,0.993248,0.906157,0.143936,0.993248,0.906157,0.143936,easyviz-matrix-cell-06ab7345206ced78,,,,
matrix,Paediatric,Medullar level 3,CCL1,1.0,14.0,9.0,0.993248,0.906157,0.143936,0.993248,0.906157,0.143936,easyviz-matrix-cell-0508abdf743893e2,,,,
matrix,Paediatric,Medullar level 3,IL6ST,1.0,15.0,9.0,0.993248,0.906157,0.143936,0.993248,0.906157,0.143936,easyviz-matrix-cell-a31e64816e122605,,,,
matrix,Paediatric,Medullar level 3,EBI3,1.0,16.0,9.0,0.993248,0.906157,0.143936,0.993248,0.906157,0.143936,easyviz-matrix-cell-e0f7183a719e3af5,,,,
matrix,Paediatric,Medullar level 3,CXCL11,1.0,17.0,9.0,0.993248,0.906157,0.143936,0.993248,0.906157,0.143936,easyviz-matrix-cell-446186ab8207512f,,,,
matrix,Paediatric,Medullar level 3,CCL21,1.0,18.0,9.0,0.993248,0.906157,0.143936,0.993248,0.906157,0.143936,easyviz-matrix-cell-0865a87c9eb08b0f,,,,
matrix,Paediatric,Medullar level 3,IL15,1.0,19.0,9.0,0.993248,0.906157,0.143936,0.993248,0.906157,0.143936,easyviz-matrix-cell-6448985bac3a596b,,,,
matrix,Paediatric,Medullar level 3,TNF,0.823594638147852,20.0,9.0,0.535621,0.835785,0.281908,0.535621,0.835785,0.281908,easyviz-matrix-cell-91c9c55f26fd5999,,,,
matrix,Paediatric,Medullar level 3,CXCL16,1.0,21.0,9.0,0.993248,0.906157,0.143936,0.993248,0.906157,0.143936,easyviz-matrix-cell-41a401988d18fe57,,,,
matrix,Paediatric,Medullar level 3,LTA,1.0,22.0,9.0,0.993248,0.906157,0.143936,0.993248,0.906157,0.143936,easyviz-matrix-cell-a46889ee068a472b,,,,
matrix,Paediatric,Medullar level 3,TNFSF13B,1.0,23.0,9.0,0.993248,0.906157,0.143936,0.993248,0.906157,0.143936,easyviz-matrix-cell-fe925bdbc994b495,,,,
matrix,Paediatric,Medullar level 3,CCL19,1.0,24.0,9.0,0.993248,0.906157,0.143936,0.993248,0.906157,0.143936,easyviz-matrix-cell-7ee56383e8bbe06d,,,,
matrix,Paediatric,Medullar level 3,IL4R,1.0,25.0,9.0,0.993248,0.906157,0.143936,0.993248,0.906157,0.143936,easyviz-matrix-cell-cff78abd95e03012,,,,
matrix,Paediatric,Medullar level 3,CD40LG,0.9910572647078721,26.0,9.0,0.974417,0.90359,0.130215,0.974417,0.90359,0.130215,easyviz-matrix-cell-97efa15b20502452,,,,
matrix,Paediatric,Medullar level 3,CXCL9,1.0,27.0,9.0,0.993248,0.906157,0.143936,0.993248,0.906157,0.143936,easyviz-matrix-cell-c9f3fbaf5f3fd893,,,,
matrix,Paediatric,Medullar level 3,CCL22,1.0,28.0,9.0,0.993248,0.906157,0.143936,0.993248,0.906157,0.143936,easyviz-matrix-cell-a6477c50ae5c6686,,,,
matrix,Paediatric,Medullar level 3,CCL13,1.0,29.0,9.0,0.993248,0.906157,0.143936,0.993248,0.906157,0.143936,easyviz-matrix-cell-711c961d2bc90a86,,,,
matrix,Paediatric,Medullar level 3,CCL3,0.9943698368902381,30.0,9.0,0.983868,0.904867,0.136897,0.983868,0.904867,0.136897,easyviz-matrix-cell-55fd09ed146c3daa,,,,
matrix,Paediatric,Medullar level 3,CCL28,0.8348266465522569,31.0,9.0,0.565498,0.84243,0.262877,0.565498,0.84243,0.262877,easyviz-matrix-cell-861f1dfa947e37fc,,,,
matrix,Paediatric,Medullar level 3,CX3CL1,0.8411682773972651,32.0,9.0,0.585678,0.846661,0.249897,0.585678,0.846661,0.249897,easyviz-matrix-cell-e5f38af403e77353,,,,
matrix,Paediatric,Medullar level 3,CSF1,0.8101629768856642,33.0,9.0,0.506271,0.828786,0.300362,0.506271,0.828786,0.300362,easyviz-matrix-cell-51b8cc925c5f2616,,,,
matrix,Paediatric,Medullar level 3,CCL4,1.0,34.0,9.0,0.993248,0.906157,0.143936,0.993248,0.906157,0.143936,easyviz-matrix-cell-d64abbee41e66b87,,,,
matrix,Paediatric,Medullar level 3,CXCL13,1.0,35.0,9.0,0.993248,0.906157,0.143936,0.993248,0.906157,0.143936,easyviz-matrix-cell-c6dd695340e8c7dc,,,,
matrix,Paediatric,Medullar level 3,IL12B,1.0,36.0,9.0,0.993248,0.906157,0.143936,0.993248,0.906157,0.143936,easyviz-matrix-cell-c8b6b389bbeb8527,,,,
matrix,Paediatric,Medullar level 3,CXCL14,0.9327531395707651,37.0,9.0,0.82494,0.88472,0.106217,0.82494,0.88472,0.106217,easyviz-matrix-cell-6afdc4ff48f06dae,,,,
matrix,Paediatric,Medullar level 3,TNFSF13,1.0,38.0,9.0,0.993248,0.906157,0.143936,0.993248,0.906157,0.143936,easyviz-matrix-cell-792522ea05f00378,,,,
matrix,Paediatric,Medullar level 3,IL6R,1.0,39.0,9.0,0.993248,0.906157,0.143936,0.993248,0.906157,0.143936,easyviz-matrix-cell-e30f829d9833dc83,,,,
matrix,Paediatric,Medullar level 3,XCL1,1.0,40.0,9.0,0.993248,0.906157,0.143936,0.993248,0.906157,0.143936,easyviz-matrix-cell-d70c8cc9006d6b37,,,,
matrix,Paediatric,Medullar level 3,IL18,0.7903509147932803,41.0,9.0,0.458674,0.816363,0.329727,0.458674,0.816363,0.329727,easyviz-matrix-cell-528973a07da40a04,,,,
matrix,Paediatric,Medullar level 3,XCL2,1.0,42.0,9.0,0.993248,0.906157,0.143936,0.993248,0.906157,0.143936,easyviz-matrix-cell-5789948566dde1f6,,,,
matrix,Paediatric,Medullar level 3,TNFSF14,1.0,43.0,9.0,0.993248,0.906157,0.143936,0.993248,0.906157,0.143936,easyviz-matrix-cell-9aeb05078030deec,,,,
matrix,Paediatric,Medullar level 3,CCL17,1.0,44.0,9.0,0.993248,0.906157,0.143936,0.993248,0.906157,0.143936,easyviz-matrix-cell-05545b63d7e1ffb6,,,,
matrix,Paediatric,Medullar level 3,CCL5,0.9565700648727327,45.0,9.0,0.886271,0.892374,0.095374,0.886271,0.892374,0.095374,easyviz-matrix-cell-8fe9499e19c55e90,,,,
matrix,Paediatric,Medullar level 3,CCL18,0.6425159728598421,46.0,9.0,0.175707,0.6979,0.491033,0.175707,0.6979,0.491033,easyviz-matrix-cell-1dbb3e2d292dd0ed,,,,
matrix,Paediatric,Medullar level 3,TNFSF10,1.0,47.0,9.0,0.993248,0.906157,0.143936,0.993248,0.906157,0.143936,easyviz-matrix-cell-38b15ae2c9a7dda4,,,,
matrix,Paediatric,Medullar level 3,IL15RA,1.0,48.0,9.0,0.993248,0.906157,0.143936,0.993248,0.906157,0.143936,easyviz-matrix-cell-87bff685e00ab85f,,,,
matrix,Paediatric,Medullar level 3,IL17RE,0.0,49.0,9.0,0.267004,0.004874,0.329415,0.267004,0.004874,0.329415,easyviz-matrix-cell-03f7204878f5c745,,,,
matrix,Paediatric,Medullar level 3,CXCL8,0.2772253690824696,50.0,9.0,0.21813,0.347432,0.550038,0.21813,0.347432,0.550038,easyviz-matrix-cell-d16ae33e0adc9a45,,,,
matrix,Paediatric,Medullar level 3,CXCL3,0.0,51.0,9.0,0.267004,0.004874,0.329415,0.267004,0.004874,0.329415,easyviz-matrix-cell-274702ea34e112a5,,,,
matrix,Paediatric,Medullar level 3,BMP8A,0.0,52.0,9.0,0.267004,0.004874,0.329415,0.267004,0.004874,0.329415,easyviz-matrix-cell-bb103eb461519608,,,,
matrix,Paediatric,Medullar level 3,CXCL12,0.0,53.0,9.0,0.267004,0.004874,0.329415,0.267004,0.004874,0.329415,easyviz-matrix-cell-33979c5898f05aad,,,,
matrix,Paediatric,Medullar level 3,CCL25,0.0,54.0,9.0,0.267004,0.004874,0.329415,0.267004,0.004874,0.329415,easyviz-matrix-cell-d1b28edd313d1c5e,,,,
matrix,Paediatric,Medullar level 3,IL34,0.8023355664039458,55.0,9.0,0.487026,0.823929,0.312321,0.487026,0.823929,0.312321,easyviz-matrix-cell-dc28569541d27378,,,,
matrix,Paediatric,Medullar level 3,IL33,0.3426520502551215,56.0,9.0,0.187231,0.414746,0.556547,0.187231,0.414746,0.556547,easyviz-matrix-cell-03413549e2711ce6,,,,
matrix,Paediatric,Medullar level 3,CCL2,0.6456101210733468,57.0,9.0,0.180653,0.701402,0.488189,0.180653,0.701402,0.488189,easyviz-matrix-cell-ac21ac17e428f416,,,,
matrix,Paediatric,Medullar level 3,IL1R1,0.8759171886502797,58.0,9.0,0.678489,0.863742,0.189503,0.678489,0.863742,0.189503,easyviz-matrix-cell-aeacb78d2d5509a6,,,,
matrix,Paediatric,Medullar level 3,BMP7,0.0759043239119433,59.0,9.0,0.283091,0.110553,0.431554,0.283091,0.110553,0.431554,easyviz-matrix-cell-9c1f0f8edb1a25de,,,,
matrix,Paediatric,Medullar level 3,SPP1,1.0,60.0,9.0,0.993248,0.906157,0.143936,0.993248,0.906157,0.143936,easyviz-matrix-cell-5ab76901c9b4e725,,,,
matrix,Paediatric,Medullar level 3,CCL14,0.03542397744855937,61.0,9.0,0.277941,0.056324,0.381191,0.277941,0.056324,0.381191,easyviz-matrix-cell-a4f8960fa47be6f7,,,,
matrix,Paediatric,Medullar level 3,GDF11,0.1352862171763752,62.0,9.0,0.277134,0.185228,0.489898,0.277134,0.185228,0.489898,easyviz-matrix-cell-9812f96dd509bae3,,,,
matrix,Paediatric,Medullar level 3,IL1R2,1.0,63.0,9.0,0.993248,0.906157,0.143936,0.993248,0.906157,0.143936,easyviz-matrix-cell-51273838c879e67e,,,,
matrix,Paediatric,Medullar level 3,TGFB3,0.9516576564563034,64.0,9.0,0.876168,0.891125,0.09525,0.876168,0.891125,0.09525,easyviz-matrix-cell-b3ce16f156651542,,,,
supplied-summary,,,CXCL1,0.88825715,,,,,,,,,easyviz-supplied-summary-bar-514afce2316a3750,0.88825715,5.3e-10,<0.001,18.0
supplied-summary,,,IL1RAP,0.65458363,,,,,,,,,easyviz-supplied-summary-bar-051c245096f38cda,0.65458363,1.0,,
supplied-summary,,,CXCL6,0.13214867,,,,,,,,,easyviz-supplied-summary-bar-99efe29d5fc5abe0,0.13214867,1.36e-08,<0.001,18.0
supplied-summary,,,IL1B,0.5144269,,,,,,,,,easyviz-supplied-summary-bar-52094e8dfb86da72,0.5144269,1.0,,
supplied-summary,,,TNFSF12,0.7130556,,,,,,,,,easyviz-supplied-summary-bar-1f37483255bd63ef,0.7130556,2.32e-05,<0.001,18.0
supplied-summary,,,IL1RN,0.8821135,,,,,,,,,easyviz-supplied-summary-bar-5c47e7a26a2d444a,0.8821135,1.84e-05,<0.001,18.0
supplied-summary,,,TNFSF9,0.3856519,,,,,,,,,easyviz-supplied-summary-bar-1905034380b11535,0.3856519,1.0,,
supplied-summary,,,TNFSF11,0.79081815,,,,,,,,,easyviz-supplied-summary-bar-1dbe1c1e68b4a05a,0.79081815,0.5683631268,,
supplied-summary,,,CXCL10,0.96753454,,,,,,,,,easyviz-supplied-summary-bar-ee7f65a20d1fb868,0.96753454,1.0,,
supplied-summary,,,IL7R,0.9197927,,,,,,,,,easyviz-supplied-summary-bar-c17aede599f0496c,0.9197927,0.2663082839,,
supplied-summary,,,CD70,0.97562283,,,,,,,,,easyviz-supplied-summary-bar-8f20d90997c98840,0.97562283,0.263619982,,
supplied-summary,,,FLT3LG,0.81779075,,,,,,,,,easyviz-supplied-summary-bar-6b55c3b9dc9dec5d,0.81779075,0.2877535154,,
supplied-summary,,,IL23A,0.8767465,,,,,,,,,easyviz-supplied-summary-bar-976014d46fd49aec,0.8767465,1.0,,
supplied-summary,,,CCL20,0.86570686,,,,,,,,,easyviz-supplied-summary-bar-8f3e1c0531c091ec,0.86570686,0.009317732015,<0.01,10.0
supplied-summary,,,CCL1,0.23975281,,,,,,,,,easyviz-supplied-summary-bar-bd507fcbcc772c64,0.23975281,0.01463700767,<0.05,4.5
supplied-summary,,,IL6ST,0.92192495,,,,,,,,,easyviz-supplied-summary-bar-e08cb29caf912f37,0.92192495,1.0,,
supplied-summary,,,EBI3,0.891817,,,,,,,,,easyviz-supplied-summary-bar-d87bdd7d8c8beee0,0.891817,0.00270482157,<0.01,10.0
supplied-summary,,,CXCL11,0.8233265,,,,,,,,,easyviz-supplied-summary-bar-b5f0d6f778928136,0.8233265,0.4094261202,,
supplied-summary,,,CCL21,0.96929693,,,,,,,,,easyviz-supplied-summary-bar-1dbb8bf88242412b,0.96929693,1.0,,
supplied-summary,,,IL15,0.8847868,,,,,,,,,easyviz-supplied-summary-bar-ec3a0267e3bf8316,0.8847868,1.0,,
supplied-summary,,,TNF,0.8260814,,,,,,,,,easyviz-supplied-summary-bar-255b02e100a0836c,0.8260814,1.0,,
supplied-summary,,,CXCL16,0.7936152,,,,,,,,,easyviz-supplied-summary-bar-828cc7567f4e53f6,0.7936152,1.0,,
supplied-summary,,,LTA,0.9493995,,,,,,,,,easyviz-supplied-summary-bar-57ed4727c62403bd,0.9493995,1.0,,
supplied-summary,,,TNFSF13B,0.9252401,,,,,,,,,easyviz-supplied-summary-bar-545cc45f19e8464c,0.9252401,1.0,,
supplied-summary,,,CCL19,0.99284744,,,,,,,,,easyviz-supplied-summary-bar-47de2c6612049423,0.99284744,1.0,,
supplied-summary,,,IL4R,0.96144116,,,,,,,,,easyviz-supplied-summary-bar-b1c313c6f9ec8217,0.96144116,1.6e-08,<0.001,18.0
supplied-summary,,,CD40LG,0.9653997,,,,,,,,,easyviz-supplied-summary-bar-f534d1c341f48723,0.9653997,1.0,,
supplied-summary,,,CXCL9,0.98597705,,,,,,,,,easyviz-supplied-summary-bar-0bc9ef626adb4319,0.98597705,1.0,,
supplied-summary,,,CCL22,0.93356854,,,,,,,,,easyviz-supplied-summary-bar-92ba13823311aae3,0.93356854,7.58e-44,<0.001,18.0
supplied-summary,,,CCL13,-0.26036054,,,,,,,,,easyviz-supplied-summary-bar-c5445c3b0ef57adf,-0.26036054,0.003813341233,<0.01,10.0
supplied-summary,,,CCL3,0.057722904,,,,,,,,,easyviz-supplied-summary-bar-3f15f6083bed3e85,0.057722904,0.03128145233,<0.05,4.5
supplied-summary,,,CCL28,0.7719737,,,,,,,,,easyviz-supplied-summary-bar-d1e21f3f94fa24ba,0.7719737,1.0,,
supplied-summary,,,CX3CL1,0.11535855,,,,,,,,,easyviz-supplied-summary-bar-690468b763de45cf,0.11535855,0.1656605816,,
supplied-summary,,,CSF1,0.4657426,,,,,,,,,easyviz-supplied-summary-bar-87caddd6a0e844d2,0.4657426,1.0,,
supplied-summary,,,CCL4,0.87283325,,,,,,,,,easyviz-supplied-summary-bar-95acc898e48ca6e0,0.87283325,1.0,,
supplied-summary,,,CXCL13,0.76439327,,,,,,,,,easyviz-supplied-summary-bar-11554b7b20ed4f54,0.76439327,0.0002285789428,<0.001,18.0
supplied-summary,,,IL12B,0.92365843,,,,,,,,,easyviz-supplied-summary-bar-4259ee21a17d4a9d,0.92365843,0.5491681908,,
supplied-summary,,,CXCL14,0.902501,,,,,,,,,easyviz-supplied-summary-bar-0b35c3bea4c995d3,0.902501,1.0,,
supplied-summary,,,TNFSF13,0.8836963,,,,,,,,,easyviz-supplied-summary-bar-1d52ab6c939a6f8e,0.8836963,8.32e-06,<0.001,18.0
supplied-summary,,,IL6R,0.94136393,,,,,,,,,easyviz-supplied-summary-bar-17cce3505dc1ae09,0.94136393,1.0,,
supplied-summary,,,XCL1,0.9100782,,,,,,,,,easyviz-supplied-summary-bar-f4c47420cf577b6d,0.9100782,1.0,,
supplied-summary,,,IL18,0.89484733,,,,,,,,,easyviz-supplied-summary-bar-9ff004ba70612836,0.89484733,1.0,,
supplied-summary,,,XCL2,0.6988821,,,,,,,,,easyviz-supplied-summary-bar-89bafb962bfa95e7,0.6988821,1.0,,
supplied-summary,,,TNFSF14,0.9574649,,,,,,,,,easyviz-supplied-summary-bar-6be66bddf8b10b0f,0.9574649,1.0,,
supplied-summary,,,CCL17,0.9834556,,,,,,,,,easyviz-supplied-summary-bar-cf851031f66fe6ce,0.9834556,6.67e-05,<0.001,18.0
supplied-summary,,,CCL5,0.91107035,,,,,,,,,easyviz-supplied-summary-bar-d4f22b90be2f7a02,0.91107035,1.0,,
supplied-summary,,,CCL18,0.8691729,,,,,,,,,easyviz-supplied-summary-bar-9562517207d027b4,0.8691729,1.0,,
supplied-summary,,,TNFSF10,0.75020087,,,,,,,,,easyviz-supplied-summary-bar-29ec0bffd712b399,0.75020087,0.0001129519409,<0.001,18.0
supplied-summary,,,IL15RA,0.48078638,,,,,,,,,easyviz-supplied-summary-bar-922909750e02582f,0.48078638,1.0,,
supplied-summary,,,IL17RE,0.596603,,,,,,,,,easyviz-supplied-summary-bar-60e1970413c8192a,0.596603,1.0,,
supplied-summary,,,CXCL8,0.70750034,,,,,,,,,easyviz-supplied-summary-bar-56f0a83c517f6fb7,0.70750034,1.0,,
supplied-summary,,,CXCL3,0.94125235,,,,,,,,,easyviz-supplied-summary-bar-c21d8e9d0fa2aa41,0.94125235,1.0,,
supplied-summary,,,BMP8A,0.7960877,,,,,,,,,easyviz-supplied-summary-bar-81cd30988127d391,0.7960877,0.1547373629,,
supplied-summary,,,CXCL12,0.97385496,,,,,,,,,easyviz-supplied-summary-bar-63d065fed071ca22,0.97385496,1.0,,
supplied-summary,,,CCL25,0.97383267,,,,,,,,,easyviz-supplied-summary-bar-9a26f86c72b88aa3,0.97383267,1.0,,
supplied-summary,,,IL34,0.18990383,,,,,,,,,easyviz-supplied-summary-bar-0963e1445cc01572,0.18990383,0.7256923116,,
supplied-summary,,,IL33,-0.0214911,,,,,,,,,easyviz-supplied-summary-bar-46e260095e439bf5,-0.0214911,0.1342244035,,
supplied-summary,,,CCL2,0.38604793,,,,,,,,,easyviz-supplied-summary-bar-104c378072658118,0.38604793,1.0,,
supplied-summary,,,IL1R1,-0.58260214,,,,,,,,,easyviz-supplied-summary-bar-cf13d0627f2afe37,-0.58260214,0.002678268925,<0.01,10.0
supplied-summary,,,BMP7,0.65128034,,,,,,,,,easyviz-supplied-summary-bar-5c63bf08bda745e3,0.65128034,1.0,,
supplied-summary,,,SPP1,-0.82925355,,,,,,,,,easyviz-supplied-summary-bar-0a6dedbeb54ed385,-0.82925355,2.4e-12,<0.001,18.0
supplied-summary,,,CCL14,0.28027815,,,,,,,,,easyviz-supplied-summary-bar-b7c1fedc5f6b59bd,0.28027815,0.02487053292,<0.05,4.5
supplied-summary,,,GDF11,0.51043904,,,,,,,,,easyviz-supplied-summary-bar-479bee3f136d018a,0.51043904,1.0,,
supplied-summary,,,IL1R2,0.022454454,,,,,,,,,easyviz-supplied-summary-bar-93783a2b7589290f,0.022454454,2.53e-08,<0.001,18.0
supplied-summary,,,TGFB3,-0.5166117,,,,,,,,,easyviz-supplied-summary-bar-bfba1c81aa1c5569,-0.5166117,0.02672209792,<0.05,4.5
