gene,pathway,coefficient,source_sheet,source_cell
ABCA12,EGFR,0,Sheet1,B3
ABCA12,Hypoxia,0,Sheet1,C3
ABCA12,JAK.STAT,0,Sheet1,D3
ABCA12,MAPK,0,Sheet1,E3
ABCA12,NFkB,0,Sheet1,F3
ABCA12,PI3K,0,Sheet1,G3
ABCA12,TGFb,0,Sheet1,H3
ABCA12,TNFa,0,Sheet1,I3
ABCA12,Trail,0,Sheet1,J3
ABCA12,VEGF,0,Sheet1,K3
ABCA12,p53,9.5971821187695525,Sheet1,L3
ABCA6,EGFR,0,Sheet1,B4
ABCA6,Hypoxia,0,Sheet1,C4
ABCA6,JAK.STAT,0,Sheet1,D4
ABCA6,MAPK,0,Sheet1,E4
ABCA6,NFkB,0,Sheet1,F4
ABCA6,PI3K,0,Sheet1,G4
ABCA6,TGFb,-3.2715368950351578,Sheet1,H4
ABCA6,TNFa,0,Sheet1,I4
ABCA6,Trail,0,Sheet1,J4
ABCA6,VEGF,0,Sheet1,K4
ABCA6,p53,0,Sheet1,L4
ABCA8,EGFR,0,Sheet1,B5
ABCA8,Hypoxia,0,Sheet1,C5
ABCA8,JAK.STAT,0,Sheet1,D5
ABCA8,MAPK,0,Sheet1,E5
ABCA8,NFkB,0,Sheet1,F5
ABCA8,PI3K,0,Sheet1,G5
ABCA8,TGFb,-1.7092450798848089,Sheet1,H5
ABCA8,TNFa,0,Sheet1,I5
ABCA8,Trail,0,Sheet1,J5
ABCA8,VEGF,0,Sheet1,K5
ABCA8,p53,0,Sheet1,L5
ACER2,EGFR,0,Sheet1,B6
ACER2,Hypoxia,0,Sheet1,C6
ACER2,JAK.STAT,0,Sheet1,D6
ACER2,MAPK,0,Sheet1,E6
ACER2,NFkB,0,Sheet1,F6
ACER2,PI3K,0,Sheet1,G6
ACER2,TGFb,0,Sheet1,H6
ACER2,TNFa,0,Sheet1,I6
ACER2,Trail,0,Sheet1,J6
ACER2,VEGF,0,Sheet1,K6
ACER2,p53,11.596064389645838,Sheet1,L6
ACOX3,EGFR,0,Sheet1,B7
ACOX3,Hypoxia,0,Sheet1,C7
ACOX3,JAK.STAT,0,Sheet1,D7
ACOX3,MAPK,0,Sheet1,E7
ACOX3,NFkB,0,Sheet1,F7
ACOX3,PI3K,0,Sheet1,G7
ACOX3,TGFb,2.7215287651514282,Sheet1,H7
ACOX3,TNFa,0,Sheet1,I7
ACOX3,Trail,0,Sheet1,J7
ACOX3,VEGF,0,Sheet1,K7
ACOX3,p53,0,Sheet1,L7
ACTC1,EGFR,0,Sheet1,B8
ACTC1,Hypoxia,0,Sheet1,C8
ACTC1,JAK.STAT,0,Sheet1,D8
ACTC1,MAPK,0,Sheet1,E8
ACTC1,NFkB,0,Sheet1,F8
ACTC1,PI3K,0,Sheet1,G8
ACTC1,TGFb,3.3374297971926969,Sheet1,H8
ACTC1,TNFa,0,Sheet1,I8
ACTC1,Trail,0,Sheet1,J8
ACTC1,VEGF,0,Sheet1,K8
ACTC1,p53,0,Sheet1,L8
ACVR2B-AS1,EGFR,0,Sheet1,B9
ACVR2B-AS1,Hypoxia,0,Sheet1,C9
ACVR2B-AS1,JAK.STAT,0,Sheet1,D9
ACVR2B-AS1,MAPK,0,Sheet1,E9
ACVR2B-AS1,NFkB,0,Sheet1,F9
ACVR2B-AS1,PI3K,-3.9298862692268322,Sheet1,G9
ACVR2B-AS1,TGFb,0,Sheet1,H9
ACVR2B-AS1,TNFa,0,Sheet1,I9
ACVR2B-AS1,Trail,0,Sheet1,J9
ACVR2B-AS1,VEGF,0,Sheet1,K9
ACVR2B-AS1,p53,0,Sheet1,L9
ADAM12,EGFR,0,Sheet1,B10
ADAM12,Hypoxia,0,Sheet1,C10
ADAM12,JAK.STAT,0,Sheet1,D10
ADAM12,MAPK,0,Sheet1,E10
ADAM12,NFkB,0,Sheet1,F10
ADAM12,PI3K,0,Sheet1,G10
ADAM12,TGFb,3.9683045345005423,Sheet1,H10
ADAM12,TNFa,0,Sheet1,I10
ADAM12,Trail,0,Sheet1,J10
ADAM12,VEGF,0,Sheet1,K10
ADAM12,p53,0,Sheet1,L10
ADAM6,EGFR,0,Sheet1,B11
ADAM6,Hypoxia,0,Sheet1,C11
ADAM6,JAK.STAT,0,Sheet1,D11
ADAM6,MAPK,0,Sheet1,E11
ADAM6,NFkB,0,Sheet1,F11
ADAM6,PI3K,0,Sheet1,G11
ADAM6,TGFb,0,Sheet1,H11
ADAM6,TNFa,0,Sheet1,I11
ADAM6,Trail,1.3564413579436292,Sheet1,J11
ADAM6,VEGF,0,Sheet1,K11
ADAM6,p53,0,Sheet1,L11
ADAMTS17,EGFR,0,Sheet1,B12
ADAMTS17,Hypoxia,0,Sheet1,C12
ADAMTS17,JAK.STAT,0,Sheet1,D12
ADAMTS17,MAPK,0,Sheet1,E12
ADAMTS17,NFkB,0,Sheet1,F12
ADAMTS17,PI3K,0,Sheet1,G12
ADAMTS17,TGFb,0,Sheet1,H12
ADAMTS17,TNFa,0,Sheet1,I12
ADAMTS17,Trail,-1.5773492573585985,Sheet1,J12
ADAMTS17,VEGF,0,Sheet1,K12
ADAMTS17,p53,0,Sheet1,L12
ADAR,EGFR,0,Sheet1,B13
ADAR,Hypoxia,0,Sheet1,C13
ADAR,JAK.STAT,3.874928960702245,Sheet1,D13
ADAR,MAPK,0,Sheet1,E13
ADAR,NFkB,0,Sheet1,F13
ADAR,PI3K,0,Sheet1,G13
ADAR,TGFb,0,Sheet1,H13
ADAR,TNFa,0,Sheet1,I13
ADAR,Trail,0,Sheet1,J13
ADAR,VEGF,0,Sheet1,K13
ADAR,p53,0,Sheet1,L13
ADGRD1,EGFR,0,Sheet1,B14
ADGRD1,Hypoxia,0,Sheet1,C14
ADGRD1,JAK.STAT,0,Sheet1,D14
ADGRD1,MAPK,0,Sheet1,E14
ADGRD1,NFkB,0,Sheet1,F14
ADGRD1,PI3K,0,Sheet1,G14
ADGRD1,TGFb,0,Sheet1,H14
ADGRD1,TNFa,0,Sheet1,I14
ADGRD1,Trail,0,Sheet1,J14
ADGRD1,VEGF,-3.6866452326469421,Sheet1,K14
ADGRD1,p53,0,Sheet1,L14
ADM,EGFR,0,Sheet1,B15
ADM,Hypoxia,17.825696141131807,Sheet1,C15
ADM,JAK.STAT,0,Sheet1,D15
ADM,MAPK,0,Sheet1,E15
ADM,NFkB,0,Sheet1,F15
ADM,PI3K,0,Sheet1,G15
ADM,TGFb,0,Sheet1,H15
ADM,TNFa,0,Sheet1,I15
ADM,Trail,0,Sheet1,J15
ADM,VEGF,0,Sheet1,K15
ADM,p53,0,Sheet1,L15
ADORA1,EGFR,1.2678100083900095,Sheet1,B16
ADORA1,Hypoxia,0,Sheet1,C16
ADORA1,JAK.STAT,0,Sheet1,D16
ADORA1,MAPK,0,Sheet1,E16
ADORA1,NFkB,0,Sheet1,F16
ADORA1,PI3K,0,Sheet1,G16
ADORA1,TGFb,0,Sheet1,H16
ADORA1,TNFa,0,Sheet1,I16
ADORA1,Trail,0,Sheet1,J16
ADORA1,VEGF,0,Sheet1,K16
ADORA1,p53,0,Sheet1,L16
AEBP1,EGFR,0,Sheet1,B17
AEBP1,Hypoxia,0,Sheet1,C17
AEBP1,JAK.STAT,0,Sheet1,D17
AEBP1,MAPK,0,Sheet1,E17
AEBP1,NFkB,0,Sheet1,F17
AEBP1,PI3K,-4.0926107876793072,Sheet1,G17
AEBP1,TGFb,0,Sheet1,H17
AEBP1,TNFa,0,Sheet1,I17
AEBP1,Trail,0,Sheet1,J17
AEBP1,VEGF,0,Sheet1,K17
AEBP1,p53,0,Sheet1,L17
AEN,EGFR,2.9874028974282139,Sheet1,B18
AEN,Hypoxia,0,Sheet1,C18
AEN,JAK.STAT,0,Sheet1,D18
AEN,MAPK,3.2161182645239066,Sheet1,E18
AEN,NFkB,0,Sheet1,F18
AEN,PI3K,0,Sheet1,G18
AEN,TGFb,0,Sheet1,H18
AEN,TNFa,0,Sheet1,I18
AEN,Trail,0,Sheet1,J18
AEN,VEGF,0,Sheet1,K18
AEN,p53,0,Sheet1,L18
AGAP6,EGFR,0,Sheet1,B19
AGAP6,Hypoxia,0,Sheet1,C19
AGAP6,JAK.STAT,0,Sheet1,D19
AGAP6,MAPK,0,Sheet1,E19
AGAP6,NFkB,0,Sheet1,F19
AGAP6,PI3K,0,Sheet1,G19
AGAP6,TGFb,0,Sheet1,H19
AGAP6,TNFa,0,Sheet1,I19
AGAP6,Trail,-1.8548930173359528,Sheet1,J19
AGAP6,VEGF,0,Sheet1,K19
AGAP6,p53,0,Sheet1,L19
AHRR,EGFR,0,Sheet1,B20
AHRR,Hypoxia,0,Sheet1,C20
AHRR,JAK.STAT,0,Sheet1,D20
AHRR,MAPK,0,Sheet1,E20
AHRR,NFkB,0,Sheet1,F20
AHRR,PI3K,0,Sheet1,G20
AHRR,TGFb,0,Sheet1,H20
AHRR,TNFa,0,Sheet1,I20
AHRR,Trail,0,Sheet1,J20
AHRR,VEGF,18.504222517300398,Sheet1,K20
AHRR,p53,0,Sheet1,L20
AJUBA,EGFR,-3.1932646626203125,Sheet1,B21
AJUBA,Hypoxia,0,Sheet1,C21
AJUBA,JAK.STAT,0,Sheet1,D21
AJUBA,MAPK,0,Sheet1,E21
AJUBA,NFkB,0,Sheet1,F21
AJUBA,PI3K,0,Sheet1,G21
AJUBA,TGFb,0,Sheet1,H21
AJUBA,TNFa,0,Sheet1,I21
AJUBA,Trail,0,Sheet1,J21
AJUBA,VEGF,0,Sheet1,K21
AJUBA,p53,0,Sheet1,L21
AK1,EGFR,0,Sheet1,B22
AK1,Hypoxia,0,Sheet1,C22
AK1,JAK.STAT,0,Sheet1,D22
AK1,MAPK,0,Sheet1,E22
AK1,NFkB,0,Sheet1,F22
AK1,PI3K,0,Sheet1,G22
AK1,TGFb,0,Sheet1,H22
AK1,TNFa,0,Sheet1,I22
AK1,Trail,0,Sheet1,J22
AK1,VEGF,0,Sheet1,K22
AK1,p53,4.3529924150445112,Sheet1,L22
AK4,EGFR,0,Sheet1,B23
AK4,Hypoxia,9.6930235006768513,Sheet1,C23
AK4,JAK.STAT,0,Sheet1,D23
AK4,MAPK,0,Sheet1,E23
AK4,NFkB,0,Sheet1,F23
AK4,PI3K,0,Sheet1,G23
AK4,TGFb,0,Sheet1,H23
AK4,TNFa,0,Sheet1,I23
AK4,Trail,0,Sheet1,J23
AK4,VEGF,0,Sheet1,K23
AK4,p53,0,Sheet1,L23
AK5,EGFR,0,Sheet1,B24
AK5,Hypoxia,0,Sheet1,C24
AK5,JAK.STAT,0,Sheet1,D24
AK5,MAPK,0,Sheet1,E24
AK5,NFkB,0,Sheet1,F24
AK5,PI3K,0,Sheet1,G24
AK5,TGFb,-3.357132440141041,Sheet1,H24
AK5,TNFa,0,Sheet1,I24
AK5,Trail,0,Sheet1,J24
AK5,VEGF,0,Sheet1,K24
AK5,p53,0,Sheet1,L24
AKR1B1,EGFR,0,Sheet1,B25
AKR1B1,Hypoxia,0,Sheet1,C25
AKR1B1,JAK.STAT,0,Sheet1,D25
AKR1B1,MAPK,0,Sheet1,E25
AKR1B1,NFkB,0,Sheet1,F25
AKR1B1,PI3K,0,Sheet1,G25
AKR1B1,TGFb,0,Sheet1,H25
AKR1B1,TNFa,6.5966930355941082,Sheet1,I25
AKR1B1,Trail,0,Sheet1,J25
AKR1B1,VEGF,0,Sheet1,K25
AKR1B1,p53,0,Sheet1,L25
AKR1B10,EGFR,0,Sheet1,B26
AKR1B10,Hypoxia,0,Sheet1,C26
AKR1B10,JAK.STAT,0,Sheet1,D26
AKR1B10,MAPK,0,Sheet1,E26
AKR1B10,NFkB,0,Sheet1,F26
AKR1B10,PI3K,0,Sheet1,G26
AKR1B10,TGFb,0,Sheet1,H26
AKR1B10,TNFa,0,Sheet1,I26
AKR1B10,Trail,0,Sheet1,J26
AKR1B10,VEGF,0,Sheet1,K26
AKR1B10,p53,10.322077340036804,Sheet1,L26
ALDH1A1,EGFR,0,Sheet1,B27
ALDH1A1,Hypoxia,0,Sheet1,C27
ALDH1A1,JAK.STAT,0,Sheet1,D27
ALDH1A1,MAPK,0,Sheet1,E27
ALDH1A1,NFkB,0,Sheet1,F27
ALDH1A1,PI3K,0,Sheet1,G27
ALDH1A1,TGFb,0,Sheet1,H27
ALDH1A1,TNFa,0,Sheet1,I27
ALDH1A1,Trail,0,Sheet1,J27
ALDH1A1,VEGF,-6.4025083281547381,Sheet1,K27
ALDH1A1,p53,0,Sheet1,L27
ALDOA,EGFR,0,Sheet1,B28
ALDOA,Hypoxia,7.6546780808812613,Sheet1,C28
ALDOA,JAK.STAT,0,Sheet1,D28
ALDOA,MAPK,0,Sheet1,E28
ALDOA,NFkB,0,Sheet1,F28
ALDOA,PI3K,0,Sheet1,G28
ALDOA,TGFb,0,Sheet1,H28
ALDOA,TNFa,0,Sheet1,I28
ALDOA,Trail,0,Sheet1,J28
ALDOA,VEGF,0,Sheet1,K28
ALDOA,p53,0,Sheet1,L28
ALDOC,EGFR,0,Sheet1,B29
ALDOC,Hypoxia,13.161523644516663,Sheet1,C29
ALDOC,JAK.STAT,0,Sheet1,D29
ALDOC,MAPK,0,Sheet1,E29
ALDOC,NFkB,0,Sheet1,F29
ALDOC,PI3K,0,Sheet1,G29
ALDOC,TGFb,0,Sheet1,H29
ALDOC,TNFa,0,Sheet1,I29
ALDOC,Trail,0,Sheet1,J29
ALDOC,VEGF,0,Sheet1,K29
ALDOC,p53,0,Sheet1,L29
AMIGO1,EGFR,0,Sheet1,B30
AMIGO1,Hypoxia,0,Sheet1,C30
AMIGO1,JAK.STAT,0,Sheet1,D30
AMIGO1,MAPK,0,Sheet1,E30
AMIGO1,NFkB,0,Sheet1,F30
AMIGO1,PI3K,-6.0003210127520479,Sheet1,G30
AMIGO1,TGFb,0,Sheet1,H30
AMIGO1,TNFa,0,Sheet1,I30
AMIGO1,Trail,0,Sheet1,J30
AMIGO1,VEGF,0,Sheet1,K30
AMIGO1,p53,0,Sheet1,L30
ANAPC16,EGFR,-1.8210183580542281,Sheet1,B31
ANAPC16,Hypoxia,0,Sheet1,C31
ANAPC16,JAK.STAT,0,Sheet1,D31
ANAPC16,MAPK,0,Sheet1,E31
ANAPC16,NFkB,0,Sheet1,F31
ANAPC16,PI3K,0,Sheet1,G31
ANAPC16,TGFb,0,Sheet1,H31
ANAPC16,TNFa,0,Sheet1,I31
ANAPC16,Trail,0,Sheet1,J31
ANAPC16,VEGF,0,Sheet1,K31
ANAPC16,p53,0,Sheet1,L31
ANGPTL4,EGFR,0,Sheet1,B32
ANGPTL4,Hypoxia,12.640690645582348,Sheet1,C32
ANGPTL4,JAK.STAT,0,Sheet1,D32
ANGPTL4,MAPK,0,Sheet1,E32
ANGPTL4,NFkB,0,Sheet1,F32
ANGPTL4,PI3K,0,Sheet1,G32
ANGPTL4,TGFb,0,Sheet1,H32
ANGPTL4,TNFa,0,Sheet1,I32
ANGPTL4,Trail,0,Sheet1,J32
ANGPTL4,VEGF,0,Sheet1,K32
ANGPTL4,p53,0,Sheet1,L32
ANKLE2,EGFR,0,Sheet1,B33
ANKLE2,Hypoxia,0,Sheet1,C33
ANKLE2,JAK.STAT,0,Sheet1,D33
ANKLE2,MAPK,0,Sheet1,E33
ANKLE2,NFkB,2.2119763224409037,Sheet1,F33
ANKLE2,PI3K,0,Sheet1,G33
ANKLE2,TGFb,0,Sheet1,H33
ANKLE2,TNFa,2.3679316803426,Sheet1,I33
ANKLE2,Trail,0,Sheet1,J33
ANKLE2,VEGF,0,Sheet1,K33
ANKLE2,p53,0,Sheet1,L33
ANKRA2,EGFR,0,Sheet1,B34
ANKRA2,Hypoxia,0,Sheet1,C34
ANKRA2,JAK.STAT,0,Sheet1,D34
ANKRA2,MAPK,0,Sheet1,E34
ANKRA2,NFkB,0,Sheet1,F34
ANKRA2,PI3K,0,Sheet1,G34
ANKRA2,TGFb,0,Sheet1,H34
ANKRA2,TNFa,0,Sheet1,I34
ANKRA2,Trail,0,Sheet1,J34
ANKRA2,VEGF,0,Sheet1,K34
ANKRA2,p53,10.889630974186883,Sheet1,L34
ANKRD20A12P,EGFR,0,Sheet1,B35
ANKRD20A12P,Hypoxia,0,Sheet1,C35
ANKRD20A12P,JAK.STAT,0,Sheet1,D35
ANKRD20A12P,MAPK,0,Sheet1,E35
ANKRD20A12P,NFkB,0,Sheet1,F35
ANKRD20A12P,PI3K,0,Sheet1,G35
ANKRD20A12P,TGFb,0,Sheet1,H35
ANKRD20A12P,TNFa,0,Sheet1,I35
ANKRD20A12P,Trail,0,Sheet1,J35
ANKRD20A12P,VEGF,0,Sheet1,K35
ANKRD20A12P,p53,3.6917744097009813,Sheet1,L35
ANKRD33B,EGFR,0,Sheet1,B36
ANKRD33B,Hypoxia,0,Sheet1,C36
ANKRD33B,JAK.STAT,0,Sheet1,D36
ANKRD33B,MAPK,0,Sheet1,E36
ANKRD33B,NFkB,4.4942987249249748,Sheet1,F36
ANKRD33B,PI3K,0,Sheet1,G36
ANKRD33B,TGFb,0,Sheet1,H36
ANKRD33B,TNFa,0,Sheet1,I36
ANKRD33B,Trail,0,Sheet1,J36
ANKRD33B,VEGF,0,Sheet1,K36
ANKRD33B,p53,0,Sheet1,L36
ANKRD36BP2,EGFR,0,Sheet1,B37
ANKRD36BP2,Hypoxia,0,Sheet1,C37
ANKRD36BP2,JAK.STAT,0,Sheet1,D37
ANKRD36BP2,MAPK,0,Sheet1,E37
ANKRD36BP2,NFkB,0,Sheet1,F37
ANKRD36BP2,PI3K,0,Sheet1,G37
ANKRD36BP2,TGFb,0,Sheet1,H37
ANKRD36BP2,TNFa,0,Sheet1,I37
ANKRD36BP2,Trail,0,Sheet1,J37
ANKRD36BP2,VEGF,-1.5458676935105937,Sheet1,K37
ANKRD36BP2,p53,0,Sheet1,L37
ANKRD37,EGFR,0,Sheet1,B38
ANKRD37,Hypoxia,8.4849761519952107,Sheet1,C38
ANKRD37,JAK.STAT,0,Sheet1,D38
ANKRD37,MAPK,0,Sheet1,E38
ANKRD37,NFkB,0,Sheet1,F38
ANKRD37,PI3K,0,Sheet1,G38
ANKRD37,TGFb,0,Sheet1,H38
ANKRD37,TNFa,0,Sheet1,I38
ANKRD37,Trail,0,Sheet1,J38
ANKRD37,VEGF,0,Sheet1,K38
ANKRD37,p53,0,Sheet1,L38
ANKS1B,EGFR,0,Sheet1,B39
ANKS1B,Hypoxia,0,Sheet1,C39
ANKS1B,JAK.STAT,0,Sheet1,D39
ANKS1B,MAPK,0,Sheet1,E39
ANKS1B,NFkB,0,Sheet1,F39
ANKS1B,PI3K,0,Sheet1,G39
ANKS1B,TGFb,0,Sheet1,H39
ANKS1B,TNFa,0,Sheet1,I39
ANKS1B,Trail,0,Sheet1,J39
ANKS1B,VEGF,-2.5775184908803501,Sheet1,K39
ANKS1B,p53,0,Sheet1,L39
ANKZF1,EGFR,0,Sheet1,B40
ANKZF1,Hypoxia,7.3581628655820355,Sheet1,C40
ANKZF1,JAK.STAT,0,Sheet1,D40
ANKZF1,MAPK,0,Sheet1,E40
ANKZF1,NFkB,0,Sheet1,F40
ANKZF1,PI3K,0,Sheet1,G40
ANKZF1,TGFb,0,Sheet1,H40
ANKZF1,TNFa,0,Sheet1,I40
ANKZF1,Trail,0,Sheet1,J40
ANKZF1,VEGF,0,Sheet1,K40
ANKZF1,p53,0,Sheet1,L40
APBA3,EGFR,0,Sheet1,B41
APBA3,Hypoxia,0,Sheet1,C41
APBA3,JAK.STAT,0,Sheet1,D41
APBA3,MAPK,0,Sheet1,E41
APBA3,NFkB,0,Sheet1,F41
APBA3,PI3K,0,Sheet1,G41
APBA3,TGFb,0,Sheet1,H41
APBA3,TNFa,2.1770857651239188,Sheet1,I41
APBA3,Trail,0,Sheet1,J41
APBA3,VEGF,0,Sheet1,K41
APBA3,p53,0,Sheet1,L41
APOBEC3G,EGFR,0,Sheet1,B42
APOBEC3G,Hypoxia,0,Sheet1,C42
APOBEC3G,JAK.STAT,2.826463109697765,Sheet1,D42
APOBEC3G,MAPK,0,Sheet1,E42
APOBEC3G,NFkB,0,Sheet1,F42
APOBEC3G,PI3K,0,Sheet1,G42
APOBEC3G,TGFb,0,Sheet1,H42
APOBEC3G,TNFa,0,Sheet1,I42
APOBEC3G,Trail,0,Sheet1,J42
APOBEC3G,VEGF,0,Sheet1,K42
APOBEC3G,p53,0,Sheet1,L42
APOC1,EGFR,0,Sheet1,B43
APOC1,Hypoxia,0,Sheet1,C43
APOC1,JAK.STAT,0,Sheet1,D43
APOC1,MAPK,0,Sheet1,E43
APOC1,NFkB,0,Sheet1,F43
APOC1,PI3K,-5.0613101468535611,Sheet1,G43
APOC1,TGFb,0,Sheet1,H43
APOC1,TNFa,0,Sheet1,I43
APOC1,Trail,0,Sheet1,J43
APOC1,VEGF,0,Sheet1,K43
APOC1,p53,0,Sheet1,L43
APOL1,EGFR,0,Sheet1,B44
APOL1,Hypoxia,0,Sheet1,C44
APOL1,JAK.STAT,5.3474991227014188,Sheet1,D44
APOL1,MAPK,0,Sheet1,E44
APOL1,NFkB,0,Sheet1,F44
APOL1,PI3K,0,Sheet1,G44
APOL1,TGFb,0,Sheet1,H44
APOL1,TNFa,0,Sheet1,I44
APOL1,Trail,0,Sheet1,J44
APOL1,VEGF,0,Sheet1,K44
APOL1,p53,0,Sheet1,L44
APOL2,EGFR,0,Sheet1,B45
APOL2,Hypoxia,0,Sheet1,C45
APOL2,JAK.STAT,3.6560576648790022,Sheet1,D45
APOL2,MAPK,0,Sheet1,E45
APOL2,NFkB,0,Sheet1,F45
APOL2,PI3K,0,Sheet1,G45
APOL2,TGFb,0,Sheet1,H45
APOL2,TNFa,0,Sheet1,I45
APOL2,Trail,0,Sheet1,J45
APOL2,VEGF,0,Sheet1,K45
APOL2,p53,0,Sheet1,L45
APOL3,EGFR,0,Sheet1,B46
APOL3,Hypoxia,0,Sheet1,C46
APOL3,JAK.STAT,4.845007401792425,Sheet1,D46
APOL3,MAPK,0,Sheet1,E46
APOL3,NFkB,0,Sheet1,F46
APOL3,PI3K,0,Sheet1,G46
APOL3,TGFb,0,Sheet1,H46
APOL3,TNFa,0,Sheet1,I46
APOL3,Trail,0,Sheet1,J46
APOL3,VEGF,0,Sheet1,K46
APOL3,p53,0,Sheet1,L46
APOL4,EGFR,0,Sheet1,B47
APOL4,Hypoxia,0,Sheet1,C47
APOL4,JAK.STAT,2.514465674898156,Sheet1,D47
APOL4,MAPK,0,Sheet1,E47
APOL4,NFkB,0,Sheet1,F47
APOL4,PI3K,0,Sheet1,G47
APOL4,TGFb,0,Sheet1,H47
APOL4,TNFa,0,Sheet1,I47
APOL4,Trail,0,Sheet1,J47
APOL4,VEGF,0,Sheet1,K47
APOL4,p53,0,Sheet1,L47
APOL6,EGFR,0,Sheet1,B48
APOL6,Hypoxia,0,Sheet1,C48
APOL6,JAK.STAT,6.4749208830348648,Sheet1,D48
APOL6,MAPK,0,Sheet1,E48
APOL6,NFkB,0,Sheet1,F48
APOL6,PI3K,0,Sheet1,G48
APOL6,TGFb,0,Sheet1,H48
APOL6,TNFa,0,Sheet1,I48
APOL6,Trail,0,Sheet1,J48
APOL6,VEGF,0,Sheet1,K48
APOL6,p53,0,Sheet1,L48
AREG,EGFR,0,Sheet1,B49
AREG,Hypoxia,0,Sheet1,C49
AREG,JAK.STAT,0,Sheet1,D49
AREG,MAPK,4.9322864163768028,Sheet1,E49
AREG,NFkB,0,Sheet1,F49
AREG,PI3K,0,Sheet1,G49
AREG,TGFb,0,Sheet1,H49
AREG,TNFa,0,Sheet1,I49
AREG,Trail,0,Sheet1,J49
AREG,VEGF,0,Sheet1,K49
AREG,p53,0,Sheet1,L49
ARHGAP11A,EGFR,0,Sheet1,B50
ARHGAP11A,Hypoxia,0,Sheet1,C50
ARHGAP11A,JAK.STAT,0,Sheet1,D50
ARHGAP11A,MAPK,0,Sheet1,E50
ARHGAP11A,NFkB,0,Sheet1,F50
ARHGAP11A,PI3K,0,Sheet1,G50
ARHGAP11A,TGFb,0,Sheet1,H50
ARHGAP11A,TNFa,0,Sheet1,I50
ARHGAP11A,Trail,0,Sheet1,J50
ARHGAP11A,VEGF,0,Sheet1,K50
ARHGAP11A,p53,-7.9762263632849244,Sheet1,L50
ARHGEF17,EGFR,0,Sheet1,B51
ARHGEF17,Hypoxia,0,Sheet1,C51
ARHGEF17,JAK.STAT,0,Sheet1,D51
ARHGEF17,MAPK,-1.3968910912288417,Sheet1,E51
ARHGEF17,NFkB,0,Sheet1,F51
ARHGEF17,PI3K,0,Sheet1,G51
ARHGEF17,TGFb,0,Sheet1,H51
ARHGEF17,TNFa,0,Sheet1,I51
ARHGEF17,Trail,0,Sheet1,J51
ARHGEF17,VEGF,0,Sheet1,K51
ARHGEF17,p53,0,Sheet1,L51
ARSJ,EGFR,0,Sheet1,B52
ARSJ,Hypoxia,0,Sheet1,C52
ARSJ,JAK.STAT,0,Sheet1,D52
ARSJ,MAPK,0,Sheet1,E52
ARSJ,NFkB,0,Sheet1,F52
ARSJ,PI3K,7.0610807818792356,Sheet1,G52
ARSJ,TGFb,0,Sheet1,H52
ARSJ,TNFa,0,Sheet1,I52
ARSJ,Trail,0,Sheet1,J52
ARSJ,VEGF,0,Sheet1,K52
ARSJ,p53,0,Sheet1,L52
ART4,EGFR,0,Sheet1,B53
ART4,Hypoxia,0,Sheet1,C53
ART4,JAK.STAT,0,Sheet1,D53
ART4,MAPK,0,Sheet1,E53
ART4,NFkB,0,Sheet1,F53
ART4,PI3K,0,Sheet1,G53
ART4,TGFb,0,Sheet1,H53
ART4,TNFa,0,Sheet1,I53
ART4,Trail,0,Sheet1,J53
ART4,VEGF,-2.064522495593021,Sheet1,K53
ART4,p53,0,Sheet1,L53
ASB8,EGFR,0,Sheet1,B54
ASB8,Hypoxia,0,Sheet1,C54
ASB8,JAK.STAT,0,Sheet1,D54
ASB8,MAPK,-1.6939961535174084,Sheet1,E54
ASB8,NFkB,0,Sheet1,F54
ASB8,PI3K,0,Sheet1,G54
ASB8,TGFb,0,Sheet1,H54
ASB8,TNFa,0,Sheet1,I54
ASB8,Trail,0,Sheet1,J54
ASB8,VEGF,0,Sheet1,K54
ASB8,p53,0,Sheet1,L54
ATG2B,EGFR,-1.6455804469932764,Sheet1,B55
ATG2B,Hypoxia,0,Sheet1,C55
ATG2B,JAK.STAT,0,Sheet1,D55
ATG2B,MAPK,0,Sheet1,E55
ATG2B,NFkB,0,Sheet1,F55
ATG2B,PI3K,0,Sheet1,G55
ATG2B,TGFb,0,Sheet1,H55
ATG2B,TNFa,0,Sheet1,I55
ATG2B,Trail,0,Sheet1,J55
ATG2B,VEGF,0,Sheet1,K55
ATG2B,p53,0,Sheet1,L55
ATP10A,EGFR,0,Sheet1,B56
ATP10A,Hypoxia,0,Sheet1,C56
ATP10A,JAK.STAT,0,Sheet1,D56
ATP10A,MAPK,0,Sheet1,E56
ATP10A,NFkB,0,Sheet1,F56
ATP10A,PI3K,0,Sheet1,G56
ATP10A,TGFb,2.7848571465769938,Sheet1,H56
ATP10A,TNFa,0,Sheet1,I56
ATP10A,Trail,0,Sheet1,J56
ATP10A,VEGF,0,Sheet1,K56
ATP10A,p53,0,Sheet1,L56
ATP5E,EGFR,0,Sheet1,B57
ATP5E,Hypoxia,0,Sheet1,C57
ATP5E,JAK.STAT,0,Sheet1,D57
ATP5E,MAPK,0,Sheet1,E57
ATP5E,NFkB,0,Sheet1,F57
ATP5E,PI3K,0,Sheet1,G57
ATP5E,TGFb,0,Sheet1,H57
ATP5E,TNFa,0,Sheet1,I57
ATP5E,Trail,1.4563903905956763,Sheet1,J57
ATP5E,VEGF,0,Sheet1,K57
ATP5E,p53,0,Sheet1,L57
ATP6V1G2,EGFR,0,Sheet1,B58
ATP6V1G2,Hypoxia,0,Sheet1,C58
ATP6V1G2,JAK.STAT,0,Sheet1,D58
ATP6V1G2,MAPK,0,Sheet1,E58
ATP6V1G2,NFkB,0,Sheet1,F58
ATP6V1G2,PI3K,-7.2373462276251299,Sheet1,G58
ATP6V1G2,TGFb,0,Sheet1,H58
ATP6V1G2,TNFa,0,Sheet1,I58
ATP6V1G2,Trail,0,Sheet1,J58
ATP6V1G2,VEGF,0,Sheet1,K58
ATP6V1G2,p53,0,Sheet1,L58
ATXN3,EGFR,-1.2742786737691196,Sheet1,B59
ATXN3,Hypoxia,0,Sheet1,C59
ATXN3,JAK.STAT,0,Sheet1,D59
ATXN3,MAPK,0,Sheet1,E59
ATXN3,NFkB,0,Sheet1,F59
ATXN3,PI3K,0,Sheet1,G59
ATXN3,TGFb,0,Sheet1,H59
ATXN3,TNFa,0,Sheet1,I59
ATXN3,Trail,0,Sheet1,J59
ATXN3,VEGF,0,Sheet1,K59
ATXN3,p53,0,Sheet1,L59
B4GALT1,EGFR,0,Sheet1,B60
B4GALT1,Hypoxia,0,Sheet1,C60
B4GALT1,JAK.STAT,0,Sheet1,D60
B4GALT1,MAPK,0,Sheet1,E60
B4GALT1,NFkB,2.5361987179736172,Sheet1,F60
B4GALT1,PI3K,0,Sheet1,G60
B4GALT1,TGFb,0,Sheet1,H60
B4GALT1,TNFa,2.7458532611816775,Sheet1,I60
B4GALT1,Trail,0,Sheet1,J60
B4GALT1,VEGF,0,Sheet1,K60
B4GALT1,p53,0,Sheet1,L60
BAAT,EGFR,0,Sheet1,B61
BAAT,Hypoxia,0,Sheet1,C61
BAAT,JAK.STAT,0,Sheet1,D61
BAAT,MAPK,0,Sheet1,E61
BAAT,NFkB,0,Sheet1,F61
BAAT,PI3K,-3.5575387810909405,Sheet1,G61
BAAT,TGFb,0,Sheet1,H61
BAAT,TNFa,0,Sheet1,I61
BAAT,Trail,0,Sheet1,J61
BAAT,VEGF,0,Sheet1,K61
BAAT,p53,0,Sheet1,L61
BACH2,EGFR,0,Sheet1,B62
BACH2,Hypoxia,0,Sheet1,C62
BACH2,JAK.STAT,0,Sheet1,D62
BACH2,MAPK,0,Sheet1,E62
BACH2,NFkB,0,Sheet1,F62
BACH2,PI3K,0,Sheet1,G62
BACH2,TGFb,0,Sheet1,H62
BACH2,TNFa,0,Sheet1,I62
BACH2,Trail,1.939233902245995,Sheet1,J62
BACH2,VEGF,0,Sheet1,K62
BACH2,p53,0,Sheet1,L62
BATF2,EGFR,0,Sheet1,B63
BATF2,Hypoxia,0,Sheet1,C63
BATF2,JAK.STAT,8.6134951061027074,Sheet1,D63
BATF2,MAPK,0,Sheet1,E63
BATF2,NFkB,0,Sheet1,F63
BATF2,PI3K,0,Sheet1,G63
BATF2,TGFb,0,Sheet1,H63
BATF2,TNFa,0,Sheet1,I63
BATF2,Trail,0,Sheet1,J63
BATF2,VEGF,0,Sheet1,K63
BATF2,p53,0,Sheet1,L63
BBIP1,EGFR,-1.1843189582329221,Sheet1,B64
BBIP1,Hypoxia,0,Sheet1,C64
BBIP1,JAK.STAT,0,Sheet1,D64
BBIP1,MAPK,0,Sheet1,E64
BBIP1,NFkB,0,Sheet1,F64
BBIP1,PI3K,0,Sheet1,G64
BBIP1,TGFb,0,Sheet1,H64
BBIP1,TNFa,0,Sheet1,I64
BBIP1,Trail,0,Sheet1,J64
BBIP1,VEGF,0,Sheet1,K64
BBIP1,p53,0,Sheet1,L64
BCAR3,EGFR,0,Sheet1,B65
BCAR3,Hypoxia,0,Sheet1,C65
BCAR3,JAK.STAT,0,Sheet1,D65
BCAR3,MAPK,0,Sheet1,E65
BCAR3,NFkB,0,Sheet1,F65
BCAR3,PI3K,0,Sheet1,G65
BCAR3,TGFb,0,Sheet1,H65
BCAR3,TNFa,0,Sheet1,I65
BCAR3,Trail,0,Sheet1,J65
BCAR3,VEGF,5.8320103931604352,Sheet1,K65
BCAR3,p53,0,Sheet1,L65
BCKDK,EGFR,0,Sheet1,B66
BCKDK,Hypoxia,2.6450387919461429,Sheet1,C66
BCKDK,JAK.STAT,0,Sheet1,D66
BCKDK,MAPK,0,Sheet1,E66
BCKDK,NFkB,0,Sheet1,F66
BCKDK,PI3K,0,Sheet1,G66
BCKDK,TGFb,0,Sheet1,H66
BCKDK,TNFa,0,Sheet1,I66
BCKDK,Trail,0,Sheet1,J66
BCKDK,VEGF,0,Sheet1,K66
BCKDK,p53,0,Sheet1,L66
BCL2A1,EGFR,0,Sheet1,B67
BCL2A1,Hypoxia,0,Sheet1,C67
BCL2A1,JAK.STAT,0,Sheet1,D67
BCL2A1,MAPK,0,Sheet1,E67
BCL2A1,NFkB,14.416924573771935,Sheet1,F67
BCL2A1,PI3K,0,Sheet1,G67
BCL2A1,TGFb,0,Sheet1,H67
BCL2A1,TNFa,17.225007605154179,Sheet1,I67
BCL2A1,Trail,0,Sheet1,J67
BCL2A1,VEGF,0,Sheet1,K67
BCL2A1,p53,0,Sheet1,L67
BCOR,EGFR,0,Sheet1,B68
BCOR,Hypoxia,0,Sheet1,C68
BCOR,JAK.STAT,0,Sheet1,D68
BCOR,MAPK,0,Sheet1,E68
BCOR,NFkB,0,Sheet1,F68
BCOR,PI3K,0,Sheet1,G68
BCOR,TGFb,2.7357464929231829,Sheet1,H68
BCOR,TNFa,0,Sheet1,I68
BCOR,Trail,0,Sheet1,J68
BCOR,VEGF,0,Sheet1,K68
BCOR,p53,0,Sheet1,L68
BDH2,EGFR,0,Sheet1,B69
BDH2,Hypoxia,0,Sheet1,C69
BDH2,JAK.STAT,0,Sheet1,D69
BDH2,MAPK,-2.4965908679407463,Sheet1,E69
BDH2,NFkB,0,Sheet1,F69
BDH2,PI3K,0,Sheet1,G69
BDH2,TGFb,0,Sheet1,H69
BDH2,TNFa,0,Sheet1,I69
BDH2,Trail,0,Sheet1,J69
BDH2,VEGF,0,Sheet1,K69
BDH2,p53,0,Sheet1,L69
BDKRB1,EGFR,0,Sheet1,B70
BDKRB1,Hypoxia,0,Sheet1,C70
BDKRB1,JAK.STAT,0,Sheet1,D70
BDKRB1,MAPK,0,Sheet1,E70
BDKRB1,NFkB,0,Sheet1,F70
BDKRB1,PI3K,0,Sheet1,G70
BDKRB1,TGFb,0,Sheet1,H70
BDKRB1,TNFa,4.9223060518212822,Sheet1,I70
BDKRB1,Trail,0,Sheet1,J70
BDKRB1,VEGF,0,Sheet1,K70
BDKRB1,p53,0,Sheet1,L70
BEGAIN,EGFR,0,Sheet1,B71
BEGAIN,Hypoxia,0,Sheet1,C71
BEGAIN,JAK.STAT,0,Sheet1,D71
BEGAIN,MAPK,0,Sheet1,E71
BEGAIN,NFkB,0,Sheet1,F71
BEGAIN,PI3K,-4.19647716673333,Sheet1,G71
BEGAIN,TGFb,0,Sheet1,H71
BEGAIN,TNFa,0,Sheet1,I71
BEGAIN,Trail,0,Sheet1,J71
BEGAIN,VEGF,0,Sheet1,K71
BEGAIN,p53,0,Sheet1,L71
BEND4,EGFR,0,Sheet1,B72
BEND4,Hypoxia,0,Sheet1,C72
BEND4,JAK.STAT,0,Sheet1,D72
BEND4,MAPK,0,Sheet1,E72
BEND4,NFkB,0,Sheet1,F72
BEND4,PI3K,0,Sheet1,G72
BEND4,TGFb,0,Sheet1,H72
BEND4,TNFa,0,Sheet1,I72
BEND4,Trail,0,Sheet1,J72
BEND4,VEGF,-2.4709284354371168,Sheet1,K72
BEND4,p53,0,Sheet1,L72
BGN,EGFR,0,Sheet1,B73
BGN,Hypoxia,0,Sheet1,C73
BGN,JAK.STAT,0,Sheet1,D73
BGN,MAPK,0,Sheet1,E73
BGN,NFkB,0,Sheet1,F73
BGN,PI3K,0,Sheet1,G73
BGN,TGFb,3.2378399997614276,Sheet1,H73
BGN,TNFa,0,Sheet1,I73
BGN,Trail,0,Sheet1,J73
BGN,VEGF,0,Sheet1,K73
BGN,p53,0,Sheet1,L73
BHLHE40,EGFR,0,Sheet1,B74
BHLHE40,Hypoxia,15.242359597309465,Sheet1,C74
BHLHE40,JAK.STAT,0,Sheet1,D74
BHLHE40,MAPK,0,Sheet1,E74
BHLHE40,NFkB,0,Sheet1,F74
BHLHE40,PI3K,0,Sheet1,G74
BHLHE40,TGFb,0,Sheet1,H74
BHLHE40,TNFa,0,Sheet1,I74
BHLHE40,Trail,0,Sheet1,J74
BHLHE40,VEGF,0,Sheet1,K74
BHLHE40,p53,0,Sheet1,L74
BHMT,EGFR,0,Sheet1,B75
BHMT,Hypoxia,0,Sheet1,C75
BHMT,JAK.STAT,0,Sheet1,D75
BHMT,MAPK,0,Sheet1,E75
BHMT,NFkB,0,Sheet1,F75
BHMT,PI3K,0,Sheet1,G75
BHMT,TGFb,0,Sheet1,H75
BHMT,TNFa,0,Sheet1,I75
BHMT,Trail,1.2766723826364819,Sheet1,J75
BHMT,VEGF,0,Sheet1,K75
BHMT,p53,0,Sheet1,L75
BID,EGFR,0,Sheet1,B76
BID,Hypoxia,0,Sheet1,C76
BID,JAK.STAT,0,Sheet1,D76
BID,MAPK,0,Sheet1,E76
BID,NFkB,4.7298235392274508,Sheet1,F76
BID,PI3K,0,Sheet1,G76
BID,TGFb,0,Sheet1,H76
BID,TNFa,5.6041317627879899,Sheet1,I76
BID,Trail,0,Sheet1,J76
BID,VEGF,0,Sheet1,K76
BID,p53,0,Sheet1,L76
BIRC2,EGFR,0,Sheet1,B77
BIRC2,Hypoxia,0,Sheet1,C77
BIRC2,JAK.STAT,0,Sheet1,D77
BIRC2,MAPK,0,Sheet1,E77
BIRC2,NFkB,4.0113793294825895,Sheet1,F77
BIRC2,PI3K,0,Sheet1,G77
BIRC2,TGFb,0,Sheet1,H77
BIRC2,TNFa,4.6716612506693043,Sheet1,I77
BIRC2,Trail,0,Sheet1,J77
BIRC2,VEGF,0,Sheet1,K77
BIRC2,p53,0,Sheet1,L77
BIRC3,EGFR,0,Sheet1,B78
BIRC3,Hypoxia,0,Sheet1,C78
BIRC3,JAK.STAT,0,Sheet1,D78
BIRC3,MAPK,0,Sheet1,E78
BIRC3,NFkB,12.457612174206727,Sheet1,F78
BIRC3,PI3K,0,Sheet1,G78
BIRC3,TGFb,0,Sheet1,H78
BIRC3,TNFa,13.582045497557385,Sheet1,I78
BIRC3,Trail,0,Sheet1,J78
BIRC3,VEGF,0,Sheet1,K78
BIRC3,p53,0,Sheet1,L78
BLOC1S2,EGFR,0,Sheet1,B79
BLOC1S2,Hypoxia,0,Sheet1,C79
BLOC1S2,JAK.STAT,0,Sheet1,D79
BLOC1S2,MAPK,0,Sheet1,E79
BLOC1S2,NFkB,0,Sheet1,F79
BLOC1S2,PI3K,0,Sheet1,G79
BLOC1S2,TGFb,0,Sheet1,H79
BLOC1S2,TNFa,0,Sheet1,I79
BLOC1S2,Trail,0,Sheet1,J79
BLOC1S2,VEGF,0,Sheet1,K79
BLOC1S2,p53,7.4126232607137439,Sheet1,L79
BMP2,EGFR,0,Sheet1,B80
BMP2,Hypoxia,0,Sheet1,C80
BMP2,JAK.STAT,0,Sheet1,D80
BMP2,MAPK,0,Sheet1,E80
BMP2,NFkB,0,Sheet1,F80
BMP2,PI3K,0,Sheet1,G80
BMP2,TGFb,0,Sheet1,H80
BMP2,TNFa,8.5824461648355541,Sheet1,I80
BMP2,Trail,0,Sheet1,J80
BMP2,VEGF,0,Sheet1,K80
BMP2,p53,0,Sheet1,L80
BMPR2,EGFR,0,Sheet1,B81
BMPR2,Hypoxia,0,Sheet1,C81
BMPR2,JAK.STAT,0,Sheet1,D81
BMPR2,MAPK,0,Sheet1,E81
BMPR2,NFkB,0,Sheet1,F81
BMPR2,PI3K,0,Sheet1,G81
BMPR2,TGFb,4.0155050314681517,Sheet1,H81
BMPR2,TNFa,0,Sheet1,I81
BMPR2,Trail,0,Sheet1,J81
BMPR2,VEGF,0,Sheet1,K81
BMPR2,p53,0,Sheet1,L81
BMS1P5,EGFR,0,Sheet1,B82
BMS1P5,Hypoxia,0,Sheet1,C82
BMS1P5,JAK.STAT,0,Sheet1,D82
BMS1P5,MAPK,0,Sheet1,E82
BMS1P5,NFkB,0,Sheet1,F82
BMS1P5,PI3K,0,Sheet1,G82
BMS1P5,TGFb,0,Sheet1,H82
BMS1P5,TNFa,0,Sheet1,I82
BMS1P5,Trail,-2.104570971169573,Sheet1,J82
BMS1P5,VEGF,0,Sheet1,K82
BMS1P5,p53,0,Sheet1,L82
BNIP3,EGFR,0,Sheet1,B83
BNIP3,Hypoxia,19.417974039561351,Sheet1,C83
BNIP3,JAK.STAT,0,Sheet1,D83
BNIP3,MAPK,0,Sheet1,E83
BNIP3,NFkB,0,Sheet1,F83
BNIP3,PI3K,0,Sheet1,G83
BNIP3,TGFb,0,Sheet1,H83
BNIP3,TNFa,0,Sheet1,I83
BNIP3,Trail,0,Sheet1,J83
BNIP3,VEGF,0,Sheet1,K83
BNIP3,p53,0,Sheet1,L83
BNIP3L,EGFR,0,Sheet1,B84
BNIP3L,Hypoxia,14.120302370563392,Sheet1,C84
BNIP3L,JAK.STAT,0,Sheet1,D84
BNIP3L,MAPK,0,Sheet1,E84
BNIP3L,NFkB,0,Sheet1,F84
BNIP3L,PI3K,0,Sheet1,G84
BNIP3L,TGFb,0,Sheet1,H84
BNIP3L,TNFa,0,Sheet1,I84
BNIP3L,Trail,0,Sheet1,J84
BNIP3L,VEGF,0,Sheet1,K84
BNIP3L,p53,0,Sheet1,L84
BRIX1,EGFR,0,Sheet1,B85
BRIX1,Hypoxia,0,Sheet1,C85
BRIX1,JAK.STAT,0,Sheet1,D85
BRIX1,MAPK,2.8667490600742616,Sheet1,E85
BRIX1,NFkB,0,Sheet1,F85
BRIX1,PI3K,0,Sheet1,G85
BRIX1,TGFb,0,Sheet1,H85
BRIX1,TNFa,0,Sheet1,I85
BRIX1,Trail,0,Sheet1,J85
BRIX1,VEGF,0,Sheet1,K85
BRIX1,p53,0,Sheet1,L85
BRS3,EGFR,0,Sheet1,B86
BRS3,Hypoxia,0,Sheet1,C86
BRS3,JAK.STAT,0,Sheet1,D86
BRS3,MAPK,0,Sheet1,E86
BRS3,NFkB,0,Sheet1,F86
BRS3,PI3K,0,Sheet1,G86
BRS3,TGFb,0,Sheet1,H86
BRS3,TNFa,0,Sheet1,I86
BRS3,Trail,0.85747356127800434,Sheet1,J86
BRS3,VEGF,0,Sheet1,K86
BRS3,p53,0,Sheet1,L86
BSDC1,EGFR,-1.2693689680961624,Sheet1,B87
BSDC1,Hypoxia,0,Sheet1,C87
BSDC1,JAK.STAT,0,Sheet1,D87
BSDC1,MAPK,0,Sheet1,E87
BSDC1,NFkB,0,Sheet1,F87
BSDC1,PI3K,0,Sheet1,G87
BSDC1,TGFb,0,Sheet1,H87
BSDC1,TNFa,0,Sheet1,I87
BSDC1,Trail,0,Sheet1,J87
BSDC1,VEGF,0,Sheet1,K87
BSDC1,p53,0,Sheet1,L87
BST2,EGFR,0,Sheet1,B88
BST2,Hypoxia,0,Sheet1,C88
BST2,JAK.STAT,8.1049935854722328,Sheet1,D88
BST2,MAPK,0,Sheet1,E88
BST2,NFkB,0,Sheet1,F88
BST2,PI3K,0,Sheet1,G88
BST2,TGFb,0,Sheet1,H88
BST2,TNFa,0,Sheet1,I88
BST2,Trail,0,Sheet1,J88
BST2,VEGF,0,Sheet1,K88
BST2,p53,0,Sheet1,L88
BZW1,EGFR,2.7461519494889828,Sheet1,B89
BZW1,Hypoxia,0,Sheet1,C89
BZW1,JAK.STAT,0,Sheet1,D89
BZW1,MAPK,2.7810854305400725,Sheet1,E89
BZW1,NFkB,0,Sheet1,F89
BZW1,PI3K,0,Sheet1,G89
BZW1,TGFb,0,Sheet1,H89
BZW1,TNFa,0,Sheet1,I89
BZW1,Trail,0,Sheet1,J89
BZW1,VEGF,0,Sheet1,K89
BZW1,p53,0,Sheet1,L89
C10orf128,EGFR,0,Sheet1,B90
C10orf128,Hypoxia,0,Sheet1,C90
C10orf128,JAK.STAT,0,Sheet1,D90
C10orf128,MAPK,0,Sheet1,E90
C10orf128,NFkB,0,Sheet1,F90
C10orf128,PI3K,0,Sheet1,G90
C10orf128,TGFb,0,Sheet1,H90
C10orf128,TNFa,0,Sheet1,I90
C10orf128,Trail,2.0389521808061852,Sheet1,J90
C10orf128,VEGF,0,Sheet1,K90
C10orf128,p53,0,Sheet1,L90
C11orf1,EGFR,0,Sheet1,B91
C11orf1,Hypoxia,0,Sheet1,C91
C11orf1,JAK.STAT,0,Sheet1,D91
C11orf1,MAPK,0,Sheet1,E91
C11orf1,NFkB,0,Sheet1,F91
C11orf1,PI3K,-3.3342727465854152,Sheet1,G91
C11orf1,TGFb,0,Sheet1,H91
C11orf1,TNFa,0,Sheet1,I91
C11orf1,Trail,0,Sheet1,J91
C11orf1,VEGF,0,Sheet1,K91
C11orf1,p53,0,Sheet1,L91
C11orf71,EGFR,0,Sheet1,B92
C11orf71,Hypoxia,0,Sheet1,C92
C11orf71,JAK.STAT,0,Sheet1,D92
C11orf71,MAPK,-2.3667576128473327,Sheet1,E92
C11orf71,NFkB,0,Sheet1,F92
C11orf71,PI3K,0,Sheet1,G92
C11orf71,TGFb,0,Sheet1,H92
C11orf71,TNFa,0,Sheet1,I92
C11orf71,Trail,0,Sheet1,J92
C11orf71,VEGF,0,Sheet1,K92
C11orf71,p53,0,Sheet1,L92
C11orf96,EGFR,0,Sheet1,B93
C11orf96,Hypoxia,0,Sheet1,C93
C11orf96,JAK.STAT,0,Sheet1,D93
C11orf96,MAPK,0,Sheet1,E93
C11orf96,NFkB,4.5662260649030086,Sheet1,F93
C11orf96,PI3K,0,Sheet1,G93
C11orf96,TGFb,0,Sheet1,H93
C11orf96,TNFa,4.7666690506666924,Sheet1,I93
C11orf96,Trail,0,Sheet1,J93
C11orf96,VEGF,0,Sheet1,K93
C11orf96,p53,0,Sheet1,L93
C12orf77,EGFR,0,Sheet1,B94
C12orf77,Hypoxia,0,Sheet1,C94
C12orf77,JAK.STAT,0,Sheet1,D94
C12orf77,MAPK,0,Sheet1,E94
C12orf77,NFkB,0,Sheet1,F94
C12orf77,PI3K,0,Sheet1,G94
C12orf77,TGFb,0,Sheet1,H94
C12orf77,TNFa,0,Sheet1,I94
C12orf77,Trail,0,Sheet1,J94
C12orf77,VEGF,-4.8379680959455058,Sheet1,K94
C12orf77,p53,0,Sheet1,L94
C15orf54,EGFR,0,Sheet1,B95
C15orf54,Hypoxia,0,Sheet1,C95
C15orf54,JAK.STAT,0,Sheet1,D95
C15orf54,MAPK,0,Sheet1,E95
C15orf54,NFkB,0,Sheet1,F95
C15orf54,PI3K,5.811047984831319,Sheet1,G95
C15orf54,TGFb,0,Sheet1,H95
C15orf54,TNFa,0,Sheet1,I95
C15orf54,Trail,0,Sheet1,J95
C15orf54,VEGF,0,Sheet1,K95
C15orf54,p53,0,Sheet1,L95
C17orf82,EGFR,0,Sheet1,B96
C17orf82,Hypoxia,0,Sheet1,C96
C17orf82,JAK.STAT,0,Sheet1,D96
C17orf82,MAPK,0,Sheet1,E96
C17orf82,NFkB,0,Sheet1,F96
C17orf82,PI3K,0,Sheet1,G96
C17orf82,TGFb,0,Sheet1,H96
C17orf82,TNFa,0,Sheet1,I96
C17orf82,Trail,0,Sheet1,J96
C17orf82,VEGF,0,Sheet1,K96
C17orf82,p53,3.2782830579474624,Sheet1,L96
C17orf99,EGFR,0,Sheet1,B97
C17orf99,Hypoxia,0,Sheet1,C97
C17orf99,JAK.STAT,0,Sheet1,D97
C17orf99,MAPK,0,Sheet1,E97
C17orf99,NFkB,0,Sheet1,F97
C17orf99,PI3K,0,Sheet1,G97
C17orf99,TGFb,0,Sheet1,H97
C17orf99,TNFa,0,Sheet1,I97
C17orf99,Trail,2.213003215232074,Sheet1,J97
C17orf99,VEGF,0,Sheet1,K97
C17orf99,p53,0,Sheet1,L97
C19orf66,EGFR,0,Sheet1,B98
C19orf66,Hypoxia,0,Sheet1,C98
C19orf66,JAK.STAT,5.4781260498580631,Sheet1,D98
C19orf66,MAPK,0,Sheet1,E98
C19orf66,NFkB,0,Sheet1,F98
C19orf66,PI3K,0,Sheet1,G98
C19orf66,TGFb,0,Sheet1,H98
C19orf66,TNFa,0,Sheet1,I98
C19orf66,Trail,0,Sheet1,J98
C19orf66,VEGF,0,Sheet1,K98
C19orf66,p53,0,Sheet1,L98
C1QTNF1,EGFR,0,Sheet1,B99
C1QTNF1,Hypoxia,0,Sheet1,C99
C1QTNF1,JAK.STAT,0,Sheet1,D99
C1QTNF1,MAPK,0,Sheet1,E99
C1QTNF1,NFkB,0,Sheet1,F99
C1QTNF1,PI3K,0,Sheet1,G99
C1QTNF1,TGFb,0,Sheet1,H99
C1QTNF1,TNFa,5.7622913564184248,Sheet1,I99
C1QTNF1,Trail,0,Sheet1,J99
C1QTNF1,VEGF,0,Sheet1,K99
C1QTNF1,p53,0,Sheet1,L99
C1QTNF4,EGFR,0,Sheet1,B100
C1QTNF4,Hypoxia,0,Sheet1,C100
C1QTNF4,JAK.STAT,0,Sheet1,D100
C1QTNF4,MAPK,0,Sheet1,E100
C1QTNF4,NFkB,0,Sheet1,F100
C1QTNF4,PI3K,0,Sheet1,G100
C1QTNF4,TGFb,0,Sheet1,H100
C1QTNF4,TNFa,0,Sheet1,I100
C1QTNF4,Trail,0,Sheet1,J100
C1QTNF4,VEGF,-1.859168026274888,Sheet1,K100
C1QTNF4,p53,0,Sheet1,L100
C2CD5,EGFR,-1.9390430701590122,Sheet1,B101
C2CD5,Hypoxia,0,Sheet1,C101
C2CD5,JAK.STAT,0,Sheet1,D101
C2CD5,MAPK,0,Sheet1,E101
C2CD5,NFkB,0,Sheet1,F101
C2CD5,PI3K,0,Sheet1,G101
C2CD5,TGFb,0,Sheet1,H101
C2CD5,TNFa,0,Sheet1,I101
C2CD5,Trail,0,Sheet1,J101
C2CD5,VEGF,0,Sheet1,K101
C2CD5,p53,0,Sheet1,L101
C2orf66,EGFR,0,Sheet1,B102
C2orf66,Hypoxia,0,Sheet1,C102
C2orf66,JAK.STAT,0,Sheet1,D102
C2orf66,MAPK,0,Sheet1,E102
C2orf66,NFkB,0,Sheet1,F102
C2orf66,PI3K,0,Sheet1,G102
C2orf66,TGFb,0,Sheet1,H102
C2orf66,TNFa,0,Sheet1,I102
C2orf66,Trail,0,Sheet1,J102
C2orf66,VEGF,0,Sheet1,K102
C2orf66,p53,11.503174325222073,Sheet1,L102
C3,EGFR,0,Sheet1,B103
C3,Hypoxia,0,Sheet1,C103
C3,JAK.STAT,0,Sheet1,D103
C3,MAPK,0,Sheet1,E103
C3,NFkB,0,Sheet1,F103
C3,PI3K,0,Sheet1,G103
C3,TGFb,0,Sheet1,H103
C3,TNFa,9.8984378914002793,Sheet1,I103
C3,Trail,0,Sheet1,J103
C3,VEGF,0,Sheet1,K103
C3,p53,0,Sheet1,L103
C3orf80,EGFR,0,Sheet1,B104
C3orf80,Hypoxia,0,Sheet1,C104
C3orf80,JAK.STAT,0,Sheet1,D104
C3orf80,MAPK,0,Sheet1,E104
C3orf80,NFkB,0,Sheet1,F104
C3orf80,PI3K,0,Sheet1,G104
C3orf80,TGFb,4.8090374633887008,Sheet1,H104
C3orf80,TNFa,0,Sheet1,I104
C3orf80,Trail,0,Sheet1,J104
C3orf80,VEGF,0,Sheet1,K104
C3orf80,p53,0,Sheet1,L104
C4orf3,EGFR,0,Sheet1,B105
C4orf3,Hypoxia,7.4379188878702607,Sheet1,C105
C4orf3,JAK.STAT,0,Sheet1,D105
C4orf3,MAPK,0,Sheet1,E105
C4orf3,NFkB,0,Sheet1,F105
C4orf3,PI3K,0,Sheet1,G105
C4orf3,TGFb,0,Sheet1,H105
C4orf3,TNFa,0,Sheet1,I105
C4orf3,Trail,0,Sheet1,J105
C4orf3,VEGF,0,Sheet1,K105
C4orf3,p53,0,Sheet1,L105
C4orf47,EGFR,0,Sheet1,B106
C4orf47,Hypoxia,6.0533009220977778,Sheet1,C106
C4orf47,JAK.STAT,0,Sheet1,D106
C4orf47,MAPK,0,Sheet1,E106
C4orf47,NFkB,0,Sheet1,F106
C4orf47,PI3K,0,Sheet1,G106
C4orf47,TGFb,0,Sheet1,H106
C4orf47,TNFa,0,Sheet1,I106
C4orf47,Trail,0,Sheet1,J106
C4orf47,VEGF,0,Sheet1,K106
C4orf47,p53,0,Sheet1,L106
C5orf52,EGFR,0,Sheet1,B107
C5orf52,Hypoxia,0,Sheet1,C107
C5orf52,JAK.STAT,0,Sheet1,D107
C5orf52,MAPK,0,Sheet1,E107
C5orf52,NFkB,0,Sheet1,F107
C5orf52,PI3K,12.239808955056201,Sheet1,G107
C5orf52,TGFb,0,Sheet1,H107
C5orf52,TNFa,0,Sheet1,I107
C5orf52,Trail,0,Sheet1,J107
C5orf52,VEGF,0,Sheet1,K107
C5orf52,p53,0,Sheet1,L107
C7orf77,EGFR,0,Sheet1,B108
C7orf77,Hypoxia,0,Sheet1,C108
C7orf77,JAK.STAT,0,Sheet1,D108
C7orf77,MAPK,0,Sheet1,E108
C7orf77,NFkB,0,Sheet1,F108
C7orf77,PI3K,0,Sheet1,G108
C7orf77,TGFb,0,Sheet1,H108
C7orf77,TNFa,0,Sheet1,I108
C7orf77,Trail,-1.4306194255117199,Sheet1,J108
C7orf77,VEGF,0,Sheet1,K108
C7orf77,p53,0,Sheet1,L108
C8orf4,EGFR,0,Sheet1,B109
C8orf4,Hypoxia,0,Sheet1,C109
C8orf4,JAK.STAT,0,Sheet1,D109
C8orf4,MAPK,0,Sheet1,E109
C8orf4,NFkB,0,Sheet1,F109
C8orf4,PI3K,0,Sheet1,G109
C8orf4,TGFb,0,Sheet1,H109
C8orf4,TNFa,8.4727239210022933,Sheet1,I109
C8orf4,Trail,0,Sheet1,J109
C8orf4,VEGF,0,Sheet1,K109
C8orf4,p53,0,Sheet1,L109
C8orf58,EGFR,0,Sheet1,B110
C8orf58,Hypoxia,3.1078714347082625,Sheet1,C110
C8orf58,JAK.STAT,0,Sheet1,D110
C8orf58,MAPK,0,Sheet1,E110
C8orf58,NFkB,0,Sheet1,F110
C8orf58,PI3K,0,Sheet1,G110
C8orf58,TGFb,0,Sheet1,H110
C8orf58,TNFa,0,Sheet1,I110
C8orf58,Trail,0,Sheet1,J110
C8orf58,VEGF,0,Sheet1,K110
C8orf58,p53,0,Sheet1,L110
CA14,EGFR,0,Sheet1,B111
CA14,Hypoxia,0,Sheet1,C111
CA14,JAK.STAT,0,Sheet1,D111
CA14,MAPK,0,Sheet1,E111
CA14,NFkB,0,Sheet1,F111
CA14,PI3K,-4.8380402218900445,Sheet1,G111
CA14,TGFb,0,Sheet1,H111
CA14,TNFa,0,Sheet1,I111
CA14,Trail,0,Sheet1,J111
CA14,VEGF,0,Sheet1,K111
CA14,p53,0,Sheet1,L111
CA9,EGFR,0,Sheet1,B112
CA9,Hypoxia,13.961067838986262,Sheet1,C112
CA9,JAK.STAT,0,Sheet1,D112
CA9,MAPK,0,Sheet1,E112
CA9,NFkB,0,Sheet1,F112
CA9,PI3K,0,Sheet1,G112
CA9,TGFb,0,Sheet1,H112
CA9,TNFa,0,Sheet1,I112
CA9,Trail,0,Sheet1,J112
CA9,VEGF,0,Sheet1,K112
CA9,p53,0,Sheet1,L112
CABYR,EGFR,0,Sheet1,B113
CABYR,Hypoxia,0,Sheet1,C113
CABYR,JAK.STAT,0,Sheet1,D113
CABYR,MAPK,0,Sheet1,E113
CABYR,NFkB,0,Sheet1,F113
CABYR,PI3K,0,Sheet1,G113
CABYR,TGFb,0,Sheet1,H113
CABYR,TNFa,0,Sheet1,I113
CABYR,Trail,0,Sheet1,J113
CABYR,VEGF,0,Sheet1,K113
CABYR,p53,6.1254719121919736,Sheet1,L113
CALD1,EGFR,0,Sheet1,B114
CALD1,Hypoxia,0,Sheet1,C114
CALD1,JAK.STAT,0,Sheet1,D114
CALD1,MAPK,0,Sheet1,E114
CALD1,NFkB,0,Sheet1,F114
CALD1,PI3K,0,Sheet1,G114
CALD1,TGFb,3.0516355894313545,Sheet1,H114
CALD1,TNFa,0,Sheet1,I114
CALD1,Trail,0,Sheet1,J114
CALD1,VEGF,0,Sheet1,K114
CALD1,p53,0,Sheet1,L114
CALML6,EGFR,0,Sheet1,B115
CALML6,Hypoxia,0,Sheet1,C115
CALML6,JAK.STAT,0,Sheet1,D115
CALML6,MAPK,0,Sheet1,E115
CALML6,NFkB,0,Sheet1,F115
CALML6,PI3K,0,Sheet1,G115
CALML6,TGFb,0,Sheet1,H115
CALML6,TNFa,0,Sheet1,I115
CALML6,Trail,1.6775881055019897,Sheet1,J115
CALML6,VEGF,0,Sheet1,K115
CALML6,p53,0,Sheet1,L115
CAMK4,EGFR,0,Sheet1,B116
CAMK4,Hypoxia,0,Sheet1,C116
CAMK4,JAK.STAT,0,Sheet1,D116
CAMK4,MAPK,0,Sheet1,E116
CAMK4,NFkB,0,Sheet1,F116
CAMK4,PI3K,0,Sheet1,G116
CAMK4,TGFb,0,Sheet1,H116
CAMK4,TNFa,0,Sheet1,I116
CAMK4,Trail,0,Sheet1,J116
CAMK4,VEGF,-2.5470576373038605,Sheet1,K116
CAMK4,p53,0,Sheet1,L116
CAMLG,EGFR,0,Sheet1,B117
CAMLG,Hypoxia,0,Sheet1,C117
CAMLG,JAK.STAT,0,Sheet1,D117
CAMLG,MAPK,0,Sheet1,E117
CAMLG,NFkB,0,Sheet1,F117
CAMLG,PI3K,-5.795703744854614,Sheet1,G117
CAMLG,TGFb,0,Sheet1,H117
CAMLG,TNFa,0,Sheet1,I117
CAMLG,Trail,0,Sheet1,J117
CAMLG,VEGF,0,Sheet1,K117
CAMLG,p53,0,Sheet1,L117
CARF,EGFR,-1.6012840814043696,Sheet1,B118
CARF,Hypoxia,0,Sheet1,C118
CARF,JAK.STAT,0,Sheet1,D118
CARF,MAPK,0,Sheet1,E118
CARF,NFkB,0,Sheet1,F118
CARF,PI3K,0,Sheet1,G118
CARF,TGFb,0,Sheet1,H118
CARF,TNFa,0,Sheet1,I118
CARF,Trail,0,Sheet1,J118
CARF,VEGF,0,Sheet1,K118
CARF,p53,0,Sheet1,L118
CARMN,EGFR,0,Sheet1,B119
CARMN,Hypoxia,0,Sheet1,C119
CARMN,JAK.STAT,0,Sheet1,D119
CARMN,MAPK,0,Sheet1,E119
CARMN,NFkB,0,Sheet1,F119
CARMN,PI3K,0,Sheet1,G119
CARMN,TGFb,3.0462635347518012,Sheet1,H119
CARMN,TNFa,0,Sheet1,I119
CARMN,Trail,0,Sheet1,J119
CARMN,VEGF,0,Sheet1,K119
CARMN,p53,0,Sheet1,L119
CARNS1,EGFR,0,Sheet1,B120
CARNS1,Hypoxia,0,Sheet1,C120
CARNS1,JAK.STAT,0,Sheet1,D120
CARNS1,MAPK,0,Sheet1,E120
CARNS1,NFkB,0,Sheet1,F120
CARNS1,PI3K,0,Sheet1,G120
CARNS1,TGFb,0,Sheet1,H120
CARNS1,TNFa,0,Sheet1,I120
CARNS1,Trail,0,Sheet1,J120
CARNS1,VEGF,0,Sheet1,K120
CARNS1,p53,4.5387338446912784,Sheet1,L120
CASC10,EGFR,0,Sheet1,B121
CASC10,Hypoxia,0,Sheet1,C121
CASC10,JAK.STAT,0,Sheet1,D121
CASC10,MAPK,0,Sheet1,E121
CASC10,NFkB,0,Sheet1,F121
CASC10,PI3K,4.9527414847020639,Sheet1,G121
CASC10,TGFb,0,Sheet1,H121
CASC10,TNFa,0,Sheet1,I121
CASC10,Trail,0,Sheet1,J121
CASC10,VEGF,0,Sheet1,K121
CASC10,p53,0,Sheet1,L121
CASP4,EGFR,0,Sheet1,B122
CASP4,Hypoxia,0,Sheet1,C122
CASP4,JAK.STAT,2.4265774802501459,Sheet1,D122
CASP4,MAPK,0,Sheet1,E122
CASP4,NFkB,0,Sheet1,F122
CASP4,PI3K,0,Sheet1,G122
CASP4,TGFb,0,Sheet1,H122
CASP4,TNFa,0,Sheet1,I122
CASP4,Trail,0,Sheet1,J122
CASP4,VEGF,0,Sheet1,K122
CASP4,p53,0,Sheet1,L122
CBARP,EGFR,0.97944247862188072,Sheet1,B123
CBARP,Hypoxia,0,Sheet1,C123
CBARP,JAK.STAT,0,Sheet1,D123
CBARP,MAPK,0,Sheet1,E123
CBARP,NFkB,0,Sheet1,F123
CBARP,PI3K,0,Sheet1,G123
CBARP,TGFb,0,Sheet1,H123
CBARP,TNFa,0,Sheet1,I123
CBARP,Trail,0,Sheet1,J123
CBARP,VEGF,0,Sheet1,K123
CBARP,p53,0,Sheet1,L123
CBFA2T3,EGFR,0,Sheet1,B124
CBFA2T3,Hypoxia,0,Sheet1,C124
CBFA2T3,JAK.STAT,0,Sheet1,D124
CBFA2T3,MAPK,0,Sheet1,E124
CBFA2T3,NFkB,0,Sheet1,F124
CBFA2T3,PI3K,0,Sheet1,G124
CBFA2T3,TGFb,0,Sheet1,H124
CBFA2T3,TNFa,0,Sheet1,I124
CBFA2T3,Trail,2.0847503708249637,Sheet1,J124
CBFA2T3,VEGF,0,Sheet1,K124
CBFA2T3,p53,0,Sheet1,L124
CBFB,EGFR,0,Sheet1,B125
CBFB,Hypoxia,0,Sheet1,C125
CBFB,JAK.STAT,0,Sheet1,D125
CBFB,MAPK,2.3399982054575696,Sheet1,E125
CBFB,NFkB,0,Sheet1,F125
CBFB,PI3K,0,Sheet1,G125
CBFB,TGFb,0,Sheet1,H125
CBFB,TNFa,0,Sheet1,I125
CBFB,Trail,0,Sheet1,J125
CBFB,VEGF,0,Sheet1,K125
CBFB,p53,0,Sheet1,L125
CBX7,EGFR,0,Sheet1,B126
CBX7,Hypoxia,0,Sheet1,C126
CBX7,JAK.STAT,0,Sheet1,D126
CBX7,MAPK,0,Sheet1,E126
CBX7,NFkB,0,Sheet1,F126
CBX7,PI3K,-6.4372202528496256,Sheet1,G126
CBX7,TGFb,0,Sheet1,H126
CBX7,TNFa,0,Sheet1,I126
CBX7,Trail,0,Sheet1,J126
CBX7,VEGF,0,Sheet1,K126
CBX7,p53,0,Sheet1,L126
CCDC155,EGFR,0,Sheet1,B127
CCDC155,Hypoxia,0,Sheet1,C127
CCDC155,JAK.STAT,0,Sheet1,D127
CCDC155,MAPK,0,Sheet1,E127
CCDC155,NFkB,0,Sheet1,F127
CCDC155,PI3K,0,Sheet1,G127
CCDC155,TGFb,0,Sheet1,H127
CCDC155,TNFa,0,Sheet1,I127
CCDC155,Trail,1.6994590812716333,Sheet1,J127
CCDC155,VEGF,0,Sheet1,K127
CCDC155,p53,0,Sheet1,L127
CCDC25,EGFR,0,Sheet1,B128
CCDC25,Hypoxia,0,Sheet1,C128
CCDC25,JAK.STAT,0,Sheet1,D128
CCDC25,MAPK,0,Sheet1,E128
CCDC25,NFkB,0,Sheet1,F128
CCDC25,PI3K,-4.3392713072147711,Sheet1,G128
CCDC25,TGFb,0,Sheet1,H128
CCDC25,TNFa,0,Sheet1,I128
CCDC25,Trail,0,Sheet1,J128
CCDC25,VEGF,0,Sheet1,K128
CCDC25,p53,0,Sheet1,L128
CCDC28A,EGFR,-3.1018147713203996,Sheet1,B129
CCDC28A,Hypoxia,0,Sheet1,C129
CCDC28A,JAK.STAT,0,Sheet1,D129
CCDC28A,MAPK,0,Sheet1,E129
CCDC28A,NFkB,0,Sheet1,F129
CCDC28A,PI3K,-8.0606784412082249,Sheet1,G129
CCDC28A,TGFb,0,Sheet1,H129
CCDC28A,TNFa,0,Sheet1,I129
CCDC28A,Trail,0,Sheet1,J129
CCDC28A,VEGF,0,Sheet1,K129
CCDC28A,p53,0,Sheet1,L129
CCDC53,EGFR,0,Sheet1,B130
CCDC53,Hypoxia,0,Sheet1,C130
CCDC53,JAK.STAT,0,Sheet1,D130
CCDC53,MAPK,-2.2605473395375135,Sheet1,E130
CCDC53,NFkB,0,Sheet1,F130
CCDC53,PI3K,0,Sheet1,G130
CCDC53,TGFb,0,Sheet1,H130
CCDC53,TNFa,0,Sheet1,I130
CCDC53,Trail,0,Sheet1,J130
CCDC53,VEGF,0,Sheet1,K130
CCDC53,p53,0,Sheet1,L130
CCDC81,EGFR,0,Sheet1,B131
CCDC81,Hypoxia,0,Sheet1,C131
CCDC81,JAK.STAT,0,Sheet1,D131
CCDC81,MAPK,0,Sheet1,E131
CCDC81,NFkB,0,Sheet1,F131
CCDC81,PI3K,0,Sheet1,G131
CCDC81,TGFb,0,Sheet1,H131
CCDC81,TNFa,0,Sheet1,I131
CCDC81,Trail,0,Sheet1,J131
CCDC81,VEGF,-2.3013636649140867,Sheet1,K131
CCDC81,p53,0,Sheet1,L131
CCDC90B,EGFR,0,Sheet1,B132
CCDC90B,Hypoxia,0,Sheet1,C132
CCDC90B,JAK.STAT,0,Sheet1,D132
CCDC90B,MAPK,0,Sheet1,E132
CCDC90B,NFkB,0,Sheet1,F132
CCDC90B,PI3K,0,Sheet1,G132
CCDC90B,TGFb,0,Sheet1,H132
CCDC90B,TNFa,0,Sheet1,I132
CCDC90B,Trail,0,Sheet1,J132
CCDC90B,VEGF,0,Sheet1,K132
CCDC90B,p53,3.3881094626363772,Sheet1,L132
CCL2,EGFR,0,Sheet1,B133
CCL2,Hypoxia,0,Sheet1,C133
CCL2,JAK.STAT,0,Sheet1,D133
CCL2,MAPK,0,Sheet1,E133
CCL2,NFkB,17.565991832535509,Sheet1,F133
CCL2,PI3K,0,Sheet1,G133
CCL2,TGFb,0,Sheet1,H133
CCL2,TNFa,19.846182760400069,Sheet1,I133
CCL2,Trail,0,Sheet1,J133
CCL2,VEGF,0,Sheet1,K133
CCL2,p53,0,Sheet1,L133
CCL20,EGFR,0,Sheet1,B134
CCL20,Hypoxia,0,Sheet1,C134
CCL20,JAK.STAT,0,Sheet1,D134
CCL20,MAPK,0,Sheet1,E134
CCL20,NFkB,36.697307868259337,Sheet1,F134
CCL20,PI3K,0,Sheet1,G134
CCL20,TGFb,0,Sheet1,H134
CCL20,TNFa,38.387967124360003,Sheet1,I134
CCL20,Trail,0,Sheet1,J134
CCL20,VEGF,0,Sheet1,K134
CCL20,p53,0,Sheet1,L134
CCM2,EGFR,0,Sheet1,B135
CCM2,Hypoxia,0,Sheet1,C135
CCM2,JAK.STAT,0,Sheet1,D135
CCM2,MAPK,0,Sheet1,E135
CCM2,NFkB,0,Sheet1,F135
CCM2,PI3K,0,Sheet1,G135
CCM2,TGFb,0,Sheet1,H135
CCM2,TNFa,0,Sheet1,I135
CCM2,Trail,0,Sheet1,J135
CCM2,VEGF,4.2745651690248732,Sheet1,K135
CCM2,p53,0,Sheet1,L135
CCND1,EGFR,0,Sheet1,B136
CCND1,Hypoxia,0,Sheet1,C136
CCND1,JAK.STAT,0,Sheet1,D136
CCND1,MAPK,6.2630116054599556,Sheet1,E136
CCND1,NFkB,0,Sheet1,F136
CCND1,PI3K,0,Sheet1,G136
CCND1,TGFb,0,Sheet1,H136
CCND1,TNFa,0,Sheet1,I136
CCND1,Trail,0,Sheet1,J136
CCND1,VEGF,0,Sheet1,K136
CCND1,p53,0,Sheet1,L136
CCNG2,EGFR,0,Sheet1,B137
CCNG2,Hypoxia,7.3258406692828464,Sheet1,C137
CCNG2,JAK.STAT,0,Sheet1,D137
CCNG2,MAPK,0,Sheet1,E137
CCNG2,NFkB,0,Sheet1,F137
CCNG2,PI3K,0,Sheet1,G137
CCNG2,TGFb,0,Sheet1,H137
CCNG2,TNFa,0,Sheet1,I137
CCNG2,Trail,0,Sheet1,J137
CCNG2,VEGF,0,Sheet1,K137
CCNG2,p53,0,Sheet1,L137
CD1A,EGFR,0,Sheet1,B138
CD1A,Hypoxia,0,Sheet1,C138
CD1A,JAK.STAT,0,Sheet1,D138
CD1A,MAPK,0,Sheet1,E138
CD1A,NFkB,0,Sheet1,F138
CD1A,PI3K,0,Sheet1,G138
CD1A,TGFb,0,Sheet1,H138
CD1A,TNFa,0,Sheet1,I138
CD1A,Trail,1.6916094831884643,Sheet1,J138
CD1A,VEGF,0,Sheet1,K138
CD1A,p53,0,Sheet1,L138
CD40,EGFR,0,Sheet1,B139
CD40,Hypoxia,0,Sheet1,C139
CD40,JAK.STAT,0,Sheet1,D139
CD40,MAPK,0,Sheet1,E139
CD40,NFkB,3.5202135906865246,Sheet1,F139
CD40,PI3K,0,Sheet1,G139
CD40,TGFb,0,Sheet1,H139
CD40,TNFa,0,Sheet1,I139
CD40,Trail,0,Sheet1,J139
CD40,VEGF,0,Sheet1,K139
CD40,p53,0,Sheet1,L139
CD72,EGFR,0,Sheet1,B140
CD72,Hypoxia,0,Sheet1,C140
CD72,JAK.STAT,0,Sheet1,D140
CD72,MAPK,0,Sheet1,E140
CD72,NFkB,0,Sheet1,F140
CD72,PI3K,0,Sheet1,G140
CD72,TGFb,0,Sheet1,H140
CD72,TNFa,0,Sheet1,I140
CD72,Trail,0,Sheet1,J140
CD72,VEGF,-2.7177263885332832,Sheet1,K140
CD72,p53,0,Sheet1,L140
CD80,EGFR,0,Sheet1,B141
CD80,Hypoxia,0,Sheet1,C141
CD80,JAK.STAT,0,Sheet1,D141
CD80,MAPK,0,Sheet1,E141
CD80,NFkB,3.7956150755271807,Sheet1,F141
CD80,PI3K,0,Sheet1,G141
CD80,TGFb,0,Sheet1,H141
CD80,TNFa,0,Sheet1,I141
CD80,Trail,0,Sheet1,J141
CD80,VEGF,0,Sheet1,K141
CD80,p53,0,Sheet1,L141
CD83,EGFR,0,Sheet1,B142
CD83,Hypoxia,0,Sheet1,C142
CD83,JAK.STAT,0,Sheet1,D142
CD83,MAPK,0,Sheet1,E142
CD83,NFkB,10.451370868343178,Sheet1,F142
CD83,PI3K,0,Sheet1,G142
CD83,TGFb,0,Sheet1,H142
CD83,TNFa,11.002664858510604,Sheet1,I142
CD83,Trail,0,Sheet1,J142
CD83,VEGF,0,Sheet1,K142
CD83,p53,0,Sheet1,L142
CD93,EGFR,0,Sheet1,B143
CD93,Hypoxia,0,Sheet1,C143
CD93,JAK.STAT,0,Sheet1,D143
CD93,MAPK,0,Sheet1,E143
CD93,NFkB,0,Sheet1,F143
CD93,PI3K,0,Sheet1,G143
CD93,TGFb,0,Sheet1,H143
CD93,TNFa,0,Sheet1,I143
CD93,Trail,0,Sheet1,J143
CD93,VEGF,3.0804602514285708,Sheet1,K143
CD93,p53,0,Sheet1,L143
CDC37L1,EGFR,0,Sheet1,B144
CDC37L1,Hypoxia,0,Sheet1,C144
CDC37L1,JAK.STAT,0,Sheet1,D144
CDC37L1,MAPK,0,Sheet1,E144
CDC37L1,NFkB,0,Sheet1,F144
CDC37L1,PI3K,0,Sheet1,G144
CDC37L1,TGFb,0,Sheet1,H144
CDC37L1,TNFa,0,Sheet1,I144
CDC37L1,Trail,0,Sheet1,J144
CDC37L1,VEGF,3.3029194866435816,Sheet1,K144
CDC37L1,p53,0,Sheet1,L144
CDCA4,EGFR,0,Sheet1,B145
CDCA4,Hypoxia,0,Sheet1,C145
CDCA4,JAK.STAT,0,Sheet1,D145
CDCA4,MAPK,3.0102812615697476,Sheet1,E145
CDCA4,NFkB,0,Sheet1,F145
CDCA4,PI3K,0,Sheet1,G145
CDCA4,TGFb,0,Sheet1,H145
CDCA4,TNFa,0,Sheet1,I145
CDCA4,Trail,0,Sheet1,J145
CDCA4,VEGF,0,Sheet1,K145
CDCA4,p53,0,Sheet1,L145
CDH2,EGFR,0,Sheet1,B146
CDH2,Hypoxia,0,Sheet1,C146
CDH2,JAK.STAT,0,Sheet1,D146
CDH2,MAPK,0,Sheet1,E146
CDH2,NFkB,0,Sheet1,F146
CDH2,PI3K,0,Sheet1,G146
CDH2,TGFb,3.2883102380649416,Sheet1,H146
CDH2,TNFa,0,Sheet1,I146
CDH2,Trail,0,Sheet1,J146
CDH2,VEGF,0,Sheet1,K146
CDH2,p53,0,Sheet1,L146
CDIP1,EGFR,0,Sheet1,B147
CDIP1,Hypoxia,0,Sheet1,C147
CDIP1,JAK.STAT,0,Sheet1,D147
CDIP1,MAPK,0,Sheet1,E147
CDIP1,NFkB,0,Sheet1,F147
CDIP1,PI3K,0,Sheet1,G147
CDIP1,TGFb,0,Sheet1,H147
CDIP1,TNFa,0,Sheet1,I147
CDIP1,Trail,0,Sheet1,J147
CDIP1,VEGF,0,Sheet1,K147
CDIP1,p53,5.0494435822824357,Sheet1,L147
CDK5RAP3,EGFR,0,Sheet1,B148
CDK5RAP3,Hypoxia,0,Sheet1,C148
CDK5RAP3,JAK.STAT,0,Sheet1,D148
CDK5RAP3,MAPK,0,Sheet1,E148
CDK5RAP3,NFkB,0,Sheet1,F148
CDK5RAP3,PI3K,-5.2547665876429646,Sheet1,G148
CDK5RAP3,TGFb,0,Sheet1,H148
CDK5RAP3,TNFa,0,Sheet1,I148
CDK5RAP3,Trail,0,Sheet1,J148
CDK5RAP3,VEGF,0,Sheet1,K148
CDK5RAP3,p53,0,Sheet1,L148
CDKN1A,EGFR,0,Sheet1,B149
CDKN1A,Hypoxia,0,Sheet1,C149
CDKN1A,JAK.STAT,0,Sheet1,D149
CDKN1A,MAPK,0,Sheet1,E149
CDKN1A,NFkB,0,Sheet1,F149
CDKN1A,PI3K,0,Sheet1,G149
CDKN1A,TGFb,0,Sheet1,H149
CDKN1A,TNFa,0,Sheet1,I149
CDKN1A,Trail,0,Sheet1,J149
CDKN1A,VEGF,0,Sheet1,K149
CDKN1A,p53,15.956970310754725,Sheet1,L149
CDKN2B,EGFR,0,Sheet1,B150
CDKN2B,Hypoxia,0,Sheet1,C150
CDKN2B,JAK.STAT,0,Sheet1,D150
CDKN2B,MAPK,0,Sheet1,E150
CDKN2B,NFkB,0,Sheet1,F150
CDKN2B,PI3K,0,Sheet1,G150
CDKN2B,TGFb,3.373728102887283,Sheet1,H150
CDKN2B,TNFa,0,Sheet1,I150
CDKN2B,Trail,0,Sheet1,J150
CDKN2B,VEGF,0,Sheet1,K150
CDKN2B,p53,0,Sheet1,L150
CEL,EGFR,0,Sheet1,B151
CEL,Hypoxia,0,Sheet1,C151
CEL,JAK.STAT,0,Sheet1,D151
CEL,MAPK,0,Sheet1,E151
CEL,NFkB,0,Sheet1,F151
CEL,PI3K,0,Sheet1,G151
CEL,TGFb,0,Sheet1,H151
CEL,TNFa,0,Sheet1,I151
CEL,Trail,0,Sheet1,J151
CEL,VEGF,0,Sheet1,K151
CEL,p53,4.0495346722634329,Sheet1,L151
CEPT1,EGFR,-0.99459373412426422,Sheet1,B152
CEPT1,Hypoxia,0,Sheet1,C152
CEPT1,JAK.STAT,0,Sheet1,D152
CEPT1,MAPK,0,Sheet1,E152
CEPT1,NFkB,0,Sheet1,F152
CEPT1,PI3K,0,Sheet1,G152
CEPT1,TGFb,0,Sheet1,H152
CEPT1,TNFa,0,Sheet1,I152
CEPT1,Trail,0,Sheet1,J152
CEPT1,VEGF,0,Sheet1,K152
CEPT1,p53,0,Sheet1,L152
CES2,EGFR,0,Sheet1,B153
CES2,Hypoxia,0,Sheet1,C153
CES2,JAK.STAT,0,Sheet1,D153
CES2,MAPK,0,Sheet1,E153
CES2,NFkB,0,Sheet1,F153
CES2,PI3K,0,Sheet1,G153
CES2,TGFb,0,Sheet1,H153
CES2,TNFa,0,Sheet1,I153
CES2,Trail,0,Sheet1,J153
CES2,VEGF,0,Sheet1,K153
CES2,p53,7.2803848415668231,Sheet1,L153
CFB,EGFR,0,Sheet1,B154
CFB,Hypoxia,0,Sheet1,C154
CFB,JAK.STAT,0,Sheet1,D154
CFB,MAPK,0,Sheet1,E154
CFB,NFkB,6.3135199400462598,Sheet1,F154
CFB,PI3K,0,Sheet1,G154
CFB,TGFb,0,Sheet1,H154
CFB,TNFa,7.4267354264803815,Sheet1,I154
CFB,Trail,0,Sheet1,J154
CFB,VEGF,0,Sheet1,K154
CFB,p53,0,Sheet1,L154
CFL1,EGFR,1.3292454786626662,Sheet1,B155
CFL1,Hypoxia,0,Sheet1,C155
CFL1,JAK.STAT,0,Sheet1,D155
CFL1,MAPK,0,Sheet1,E155
CFL1,NFkB,0,Sheet1,F155
CFL1,PI3K,0,Sheet1,G155
CFL1,TGFb,0,Sheet1,H155
CFL1,TNFa,0,Sheet1,I155
CFL1,Trail,0,Sheet1,J155
CFL1,VEGF,0,Sheet1,K155
CFL1,p53,0,Sheet1,L155
CFLAR,EGFR,0,Sheet1,B156
CFLAR,Hypoxia,0,Sheet1,C156
CFLAR,JAK.STAT,0,Sheet1,D156
CFLAR,MAPK,0,Sheet1,E156
CFLAR,NFkB,4.0167115882187581,Sheet1,F156
CFLAR,PI3K,0,Sheet1,G156
CFLAR,TGFb,0,Sheet1,H156
CFLAR,TNFa,3.7265442353972937,Sheet1,I156
CFLAR,Trail,0,Sheet1,J156
CFLAR,VEGF,0,Sheet1,K156
CFLAR,p53,0,Sheet1,L156
CHRNA10,EGFR,0.689980899769992,Sheet1,B157
CHRNA10,Hypoxia,0,Sheet1,C157
CHRNA10,JAK.STAT,0,Sheet1,D157
CHRNA10,MAPK,0,Sheet1,E157
CHRNA10,NFkB,0,Sheet1,F157
CHRNA10,PI3K,0,Sheet1,G157
CHRNA10,TGFb,0,Sheet1,H157
CHRNA10,TNFa,0,Sheet1,I157
CHRNA10,Trail,0,Sheet1,J157
CHRNA10,VEGF,0,Sheet1,K157
CHRNA10,p53,0,Sheet1,L157
CHST3,EGFR,0,Sheet1,B158
CHST3,Hypoxia,0,Sheet1,C158
CHST3,JAK.STAT,0,Sheet1,D158
CHST3,MAPK,0,Sheet1,E158
CHST3,NFkB,0,Sheet1,F158
CHST3,PI3K,0,Sheet1,G158
CHST3,TGFb,2.2218008572948271,Sheet1,H158
CHST3,TNFa,0,Sheet1,I158
CHST3,Trail,0,Sheet1,J158
CHST3,VEGF,0,Sheet1,K158
CHST3,p53,0,Sheet1,L158
CILP,EGFR,0,Sheet1,B159
CILP,Hypoxia,0,Sheet1,C159
CILP,JAK.STAT,0,Sheet1,D159
CILP,MAPK,0,Sheet1,E159
CILP,NFkB,0,Sheet1,F159
CILP,PI3K,0,Sheet1,G159
CILP,TGFb,4.6510039636615552,Sheet1,H159
CILP,TNFa,0,Sheet1,I159
CILP,Trail,0,Sheet1,J159
CILP,VEGF,0,Sheet1,K159
CILP,p53,0,Sheet1,L159
CIR1,EGFR,0,Sheet1,B160
CIR1,Hypoxia,0,Sheet1,C160
CIR1,JAK.STAT,0,Sheet1,D160
CIR1,MAPK,0,Sheet1,E160
CIR1,NFkB,0,Sheet1,F160
CIR1,PI3K,-5.0231611828514389,Sheet1,G160
CIR1,TGFb,0,Sheet1,H160
CIR1,TNFa,0,Sheet1,I160
CIR1,Trail,0,Sheet1,J160
CIR1,VEGF,0,Sheet1,K160
CIR1,p53,0,Sheet1,L160
CLCA2,EGFR,0,Sheet1,B161
CLCA2,Hypoxia,0,Sheet1,C161
CLCA2,JAK.STAT,0,Sheet1,D161
CLCA2,MAPK,0,Sheet1,E161
CLCA2,NFkB,0,Sheet1,F161
CLCA2,PI3K,0,Sheet1,G161
CLCA2,TGFb,0,Sheet1,H161
CLCA2,TNFa,0,Sheet1,I161
CLCA2,Trail,0,Sheet1,J161
CLCA2,VEGF,0,Sheet1,K161
CLCA2,p53,10.519255935623086,Sheet1,L161
CLDN1,EGFR,0,Sheet1,B162
CLDN1,Hypoxia,0,Sheet1,C162
CLDN1,JAK.STAT,0,Sheet1,D162
CLDN1,MAPK,0,Sheet1,E162
CLDN1,NFkB,0,Sheet1,F162
CLDN1,PI3K,0,Sheet1,G162
CLDN1,TGFb,0,Sheet1,H162
CLDN1,TNFa,9.0899555951641222,Sheet1,I162
CLDN1,Trail,0,Sheet1,J162
CLDN1,VEGF,0,Sheet1,K162
CLDN1,p53,0,Sheet1,L162
CLDN11,EGFR,0,Sheet1,B163
CLDN11,Hypoxia,0,Sheet1,C163
CLDN11,JAK.STAT,0,Sheet1,D163
CLDN11,MAPK,0,Sheet1,E163
CLDN11,NFkB,0,Sheet1,F163
CLDN11,PI3K,0,Sheet1,G163
CLDN11,TGFb,-3.6902833957792103,Sheet1,H163
CLDN11,TNFa,0,Sheet1,I163
CLDN11,Trail,0,Sheet1,J163
CLDN11,VEGF,0,Sheet1,K163
CLDN11,p53,0,Sheet1,L163
CLDN8,EGFR,-2.0187078484873311,Sheet1,B164
CLDN8,Hypoxia,0,Sheet1,C164
CLDN8,JAK.STAT,0,Sheet1,D164
CLDN8,MAPK,0,Sheet1,E164
CLDN8,NFkB,0,Sheet1,F164
CLDN8,PI3K,0,Sheet1,G164
CLDN8,TGFb,0,Sheet1,H164
CLDN8,TNFa,0,Sheet1,I164
CLDN8,Trail,0,Sheet1,J164
CLDN8,VEGF,0,Sheet1,K164
CLDN8,p53,0,Sheet1,L164
CLK3,EGFR,0,Sheet1,B165
CLK3,Hypoxia,3.5640137670809371,Sheet1,C165
CLK3,JAK.STAT,0,Sheet1,D165
CLK3,MAPK,0,Sheet1,E165
CLK3,NFkB,0,Sheet1,F165
CLK3,PI3K,0,Sheet1,G165
CLK3,TGFb,0,Sheet1,H165
CLK3,TNFa,0,Sheet1,I165
CLK3,Trail,0,Sheet1,J165
CLK3,VEGF,0,Sheet1,K165
CLK3,p53,0,Sheet1,L165
CLUHP3,EGFR,0,Sheet1,B166
CLUHP3,Hypoxia,0,Sheet1,C166
CLUHP3,JAK.STAT,0,Sheet1,D166
CLUHP3,MAPK,0,Sheet1,E166
CLUHP3,NFkB,0,Sheet1,F166
CLUHP3,PI3K,0,Sheet1,G166
CLUHP3,TGFb,0,Sheet1,H166
CLUHP3,TNFa,1.9472882155556552,Sheet1,I166
CLUHP3,Trail,0,Sheet1,J166
CLUHP3,VEGF,0,Sheet1,K166
CLUHP3,p53,0,Sheet1,L166
CMBL,EGFR,0,Sheet1,B167
CMBL,Hypoxia,0,Sheet1,C167
CMBL,JAK.STAT,0,Sheet1,D167
CMBL,MAPK,0,Sheet1,E167
CMBL,NFkB,0,Sheet1,F167
CMBL,PI3K,0,Sheet1,G167
CMBL,TGFb,0,Sheet1,H167
CMBL,TNFa,0,Sheet1,I167
CMBL,Trail,0,Sheet1,J167
CMBL,VEGF,0,Sheet1,K167
CMBL,p53,5.0508557292028229,Sheet1,L167
CMPK2,EGFR,0,Sheet1,B168
CMPK2,Hypoxia,0,Sheet1,C168
CMPK2,JAK.STAT,15.928771442465818,Sheet1,D168
CMPK2,MAPK,0,Sheet1,E168
CMPK2,NFkB,0,Sheet1,F168
CMPK2,PI3K,0,Sheet1,G168
CMPK2,TGFb,0,Sheet1,H168
CMPK2,TNFa,0,Sheet1,I168
CMPK2,Trail,0,Sheet1,J168
CMPK2,VEGF,0,Sheet1,K168
CMPK2,p53,0,Sheet1,L168
CMTR1,EGFR,0,Sheet1,B169
CMTR1,Hypoxia,0,Sheet1,C169
CMTR1,JAK.STAT,2.7808605002963298,Sheet1,D169
CMTR1,MAPK,0,Sheet1,E169
CMTR1,NFkB,0,Sheet1,F169
CMTR1,PI3K,0,Sheet1,G169
CMTR1,TGFb,0,Sheet1,H169
CMTR1,TNFa,0,Sheet1,I169
CMTR1,Trail,0,Sheet1,J169
CMTR1,VEGF,0,Sheet1,K169
CMTR1,p53,0,Sheet1,L169
CNN1,EGFR,0,Sheet1,B170
CNN1,Hypoxia,0,Sheet1,C170
CNN1,JAK.STAT,0,Sheet1,D170
CNN1,MAPK,0,Sheet1,E170
CNN1,NFkB,0,Sheet1,F170
CNN1,PI3K,0,Sheet1,G170
CNN1,TGFb,4.9534712486596835,Sheet1,H170
CNN1,TNFa,0,Sheet1,I170
CNN1,Trail,0,Sheet1,J170
CNN1,VEGF,0,Sheet1,K170
CNN1,p53,0,Sheet1,L170
CNP,EGFR,0,Sheet1,B171
CNP,Hypoxia,0,Sheet1,C171
CNP,JAK.STAT,2.9606567575687763,Sheet1,D171
CNP,MAPK,0,Sheet1,E171
CNP,NFkB,0,Sheet1,F171
CNP,PI3K,0,Sheet1,G171
CNP,TGFb,0,Sheet1,H171
CNP,TNFa,0,Sheet1,I171
CNP,Trail,0,Sheet1,J171
CNP,VEGF,0,Sheet1,K171
CNP,p53,0,Sheet1,L171
CNR1,EGFR,0,Sheet1,B172
CNR1,Hypoxia,0,Sheet1,C172
CNR1,JAK.STAT,0,Sheet1,D172
CNR1,MAPK,0,Sheet1,E172
CNR1,NFkB,0,Sheet1,F172
CNR1,PI3K,0,Sheet1,G172
CNR1,TGFb,0,Sheet1,H172
CNR1,TNFa,0,Sheet1,I172
CNR1,Trail,0,Sheet1,J172
CNR1,VEGF,-1.4561375900150673,Sheet1,K172
CNR1,p53,0,Sheet1,L172
COL1A1,EGFR,0,Sheet1,B173
COL1A1,Hypoxia,0,Sheet1,C173
COL1A1,JAK.STAT,0,Sheet1,D173
COL1A1,MAPK,0,Sheet1,E173
COL1A1,NFkB,0,Sheet1,F173
COL1A1,PI3K,0,Sheet1,G173
COL1A1,TGFb,3.5660810423552558,Sheet1,H173
COL1A1,TNFa,0,Sheet1,I173
COL1A1,Trail,0,Sheet1,J173
COL1A1,VEGF,0,Sheet1,K173
COL1A1,p53,0,Sheet1,L173
COL4A1,EGFR,0,Sheet1,B174
COL4A1,Hypoxia,0,Sheet1,C174
COL4A1,JAK.STAT,0,Sheet1,D174
COL4A1,MAPK,0,Sheet1,E174
COL4A1,NFkB,0,Sheet1,F174
COL4A1,PI3K,0,Sheet1,G174
COL4A1,TGFb,6.3374895748324231,Sheet1,H174
COL4A1,TNFa,0,Sheet1,I174
COL4A1,Trail,0,Sheet1,J174
COL4A1,VEGF,0,Sheet1,K174
COL4A1,p53,0,Sheet1,L174
COL4A2,EGFR,0,Sheet1,B175
COL4A2,Hypoxia,0,Sheet1,C175
COL4A2,JAK.STAT,0,Sheet1,D175
COL4A2,MAPK,0,Sheet1,E175
COL4A2,NFkB,0,Sheet1,F175
COL4A2,PI3K,0,Sheet1,G175
COL4A2,TGFb,4.2212636778339165,Sheet1,H175
COL4A2,TNFa,0,Sheet1,I175
COL4A2,Trail,0,Sheet1,J175
COL4A2,VEGF,0,Sheet1,K175
COL4A2,p53,0,Sheet1,L175
COL5A1,EGFR,0,Sheet1,B176
COL5A1,Hypoxia,0,Sheet1,C176
COL5A1,JAK.STAT,0,Sheet1,D176
COL5A1,MAPK,0,Sheet1,E176
COL5A1,NFkB,0,Sheet1,F176
COL5A1,PI3K,0,Sheet1,G176
COL5A1,TGFb,5.221051245569531,Sheet1,H176
COL5A1,TNFa,0,Sheet1,I176
COL5A1,Trail,0,Sheet1,J176
COL5A1,VEGF,0,Sheet1,K176
COL5A1,p53,0,Sheet1,L176
COMMD6,EGFR,0,Sheet1,B177
COMMD6,Hypoxia,0,Sheet1,C177
COMMD6,JAK.STAT,0,Sheet1,D177
COMMD6,MAPK,0,Sheet1,E177
COMMD6,NFkB,0,Sheet1,F177
COMMD6,PI3K,-3.4624391132898946,Sheet1,G177
COMMD6,TGFb,0,Sheet1,H177
COMMD6,TNFa,0,Sheet1,I177
COMMD6,Trail,0,Sheet1,J177
COMMD6,VEGF,0,Sheet1,K177
COMMD6,p53,0,Sheet1,L177
COMP,EGFR,0,Sheet1,B178
COMP,Hypoxia,0,Sheet1,C178
COMP,JAK.STAT,0,Sheet1,D178
COMP,MAPK,0,Sheet1,E178
COMP,NFkB,0,Sheet1,F178
COMP,PI3K,0,Sheet1,G178
COMP,TGFb,9.8992499603551742,Sheet1,H178
COMP,TNFa,0,Sheet1,I178
COMP,Trail,0,Sheet1,J178
COMP,VEGF,0,Sheet1,K178
COMP,p53,0,Sheet1,L178
COQ8A,EGFR,0,Sheet1,B179
COQ8A,Hypoxia,0,Sheet1,C179
COQ8A,JAK.STAT,0,Sheet1,D179
COQ8A,MAPK,0,Sheet1,E179
COQ8A,NFkB,0,Sheet1,F179
COQ8A,PI3K,-6.3882123748854989,Sheet1,G179
COQ8A,TGFb,0,Sheet1,H179
COQ8A,TNFa,0,Sheet1,I179
COQ8A,Trail,0,Sheet1,J179
COQ8A,VEGF,0,Sheet1,K179
COQ8A,p53,0,Sheet1,L179
CPA6,EGFR,0,Sheet1,B180
CPA6,Hypoxia,0,Sheet1,C180
CPA6,JAK.STAT,0,Sheet1,D180
CPA6,MAPK,0,Sheet1,E180
CPA6,NFkB,0,Sheet1,F180
CPA6,PI3K,0,Sheet1,G180
CPA6,TGFb,0,Sheet1,H180
CPA6,TNFa,0,Sheet1,I180
CPA6,Trail,0,Sheet1,J180
CPA6,VEGF,-2.5637682550218517,Sheet1,K180
CPA6,p53,0,Sheet1,L180
CREB3L4,EGFR,0,Sheet1,B181
CREB3L4,Hypoxia,0,Sheet1,C181
CREB3L4,JAK.STAT,0,Sheet1,D181
CREB3L4,MAPK,0,Sheet1,E181
CREB3L4,NFkB,0,Sheet1,F181
CREB3L4,PI3K,-9.1026516534913835,Sheet1,G181
CREB3L4,TGFb,0,Sheet1,H181
CREB3L4,TNFa,0,Sheet1,I181
CREB3L4,Trail,0,Sheet1,J181
CREB3L4,VEGF,0,Sheet1,K181
CREB3L4,p53,0,Sheet1,L181
CREBRF,EGFR,0,Sheet1,B182
CREBRF,Hypoxia,0,Sheet1,C182
CREBRF,JAK.STAT,0,Sheet1,D182
CREBRF,MAPK,0,Sheet1,E182
CREBRF,NFkB,0,Sheet1,F182
CREBRF,PI3K,-10.446075274188333,Sheet1,G182
CREBRF,TGFb,0,Sheet1,H182
CREBRF,TNFa,0,Sheet1,I182
CREBRF,Trail,0,Sheet1,J182
CREBRF,VEGF,0,Sheet1,K182
CREBRF,p53,0,Sheet1,L182
CRIPT,EGFR,-2.0449378698683227,Sheet1,B183
CRIPT,Hypoxia,0,Sheet1,C183
CRIPT,JAK.STAT,0,Sheet1,D183
CRIPT,MAPK,0,Sheet1,E183
CRIPT,NFkB,0,Sheet1,F183
CRIPT,PI3K,0,Sheet1,G183
CRIPT,TGFb,0,Sheet1,H183
CRIPT,TNFa,0,Sheet1,I183
CRIPT,Trail,0,Sheet1,J183
CRIPT,VEGF,0,Sheet1,K183
CRIPT,p53,0,Sheet1,L183
CRKL,EGFR,0,Sheet1,B184
CRKL,Hypoxia,2.554734213406757,Sheet1,C184
CRKL,JAK.STAT,0,Sheet1,D184
CRKL,MAPK,0,Sheet1,E184
CRKL,NFkB,0,Sheet1,F184
CRKL,PI3K,0,Sheet1,G184
CRKL,TGFb,0,Sheet1,H184
CRKL,TNFa,0,Sheet1,I184
CRKL,Trail,0,Sheet1,J184
CRKL,VEGF,0,Sheet1,K184
CRKL,p53,0,Sheet1,L184
CRLF1,EGFR,0,Sheet1,B185
CRLF1,Hypoxia,0,Sheet1,C185
CRLF1,JAK.STAT,0,Sheet1,D185
CRLF1,MAPK,0,Sheet1,E185
CRLF1,NFkB,0,Sheet1,F185
CRLF1,PI3K,0,Sheet1,G185
CRLF1,TGFb,4.8252931118197413,Sheet1,H185
CRLF1,TNFa,0,Sheet1,I185
CRLF1,Trail,0,Sheet1,J185
CRLF1,VEGF,0,Sheet1,K185
CRLF1,p53,0,Sheet1,L185
CRYL1,EGFR,0,Sheet1,B186
CRYL1,Hypoxia,0,Sheet1,C186
CRYL1,JAK.STAT,0,Sheet1,D186
CRYL1,MAPK,0,Sheet1,E186
CRYL1,NFkB,0,Sheet1,F186
CRYL1,PI3K,-7.3330261790771276,Sheet1,G186
CRYL1,TGFb,0,Sheet1,H186
CRYL1,TNFa,0,Sheet1,I186
CRYL1,Trail,0,Sheet1,J186
CRYL1,VEGF,0,Sheet1,K186
CRYL1,p53,0,Sheet1,L186
CRYM,EGFR,0,Sheet1,B187
CRYM,Hypoxia,0,Sheet1,C187
CRYM,JAK.STAT,0,Sheet1,D187
CRYM,MAPK,0,Sheet1,E187
CRYM,NFkB,0,Sheet1,F187
CRYM,PI3K,0,Sheet1,G187
CRYM,TGFb,0,Sheet1,H187
CRYM,TNFa,0,Sheet1,I187
CRYM,Trail,0,Sheet1,J187
CRYM,VEGF,3.4610332609011807,Sheet1,K187
CRYM,p53,0,Sheet1,L187
CSF2,EGFR,0,Sheet1,B188
CSF2,Hypoxia,0,Sheet1,C188
CSF2,JAK.STAT,0,Sheet1,D188
CSF2,MAPK,0,Sheet1,E188
CSF2,NFkB,5.9035262779130617,Sheet1,F188
CSF2,PI3K,0,Sheet1,G188
CSF2,TGFb,0,Sheet1,H188
CSF2,TNFa,8.3554806373020796,Sheet1,I188
CSF2,Trail,0,Sheet1,J188
CSF2,VEGF,0,Sheet1,K188
CSF2,p53,0,Sheet1,L188
CSF3,EGFR,0,Sheet1,B189
CSF3,Hypoxia,0,Sheet1,C189
CSF3,JAK.STAT,0,Sheet1,D189
CSF3,MAPK,0,Sheet1,E189
CSF3,NFkB,4.9031843413131,Sheet1,F189
CSF3,PI3K,0,Sheet1,G189
CSF3,TGFb,0,Sheet1,H189
CSF3,TNFa,6.3431403754268976,Sheet1,I189
CSF3,Trail,0,Sheet1,J189
CSF3,VEGF,0,Sheet1,K189
CSF3,p53,0,Sheet1,L189
CSMD3,EGFR,0,Sheet1,B190
CSMD3,Hypoxia,0,Sheet1,C190
CSMD3,JAK.STAT,0,Sheet1,D190
CSMD3,MAPK,0,Sheet1,E190
CSMD3,NFkB,0,Sheet1,F190
CSMD3,PI3K,0,Sheet1,G190
CSMD3,TGFb,0,Sheet1,H190
CSMD3,TNFa,0,Sheet1,I190
CSMD3,Trail,0,Sheet1,J190
CSMD3,VEGF,0,Sheet1,K190
CSMD3,p53,4.8126014630068932,Sheet1,L190
CST7,EGFR,0,Sheet1,B191
CST7,Hypoxia,0,Sheet1,C191
CST7,JAK.STAT,0,Sheet1,D191
CST7,MAPK,0,Sheet1,E191
CST7,NFkB,0,Sheet1,F191
CST7,PI3K,0,Sheet1,G191
CST7,TGFb,0,Sheet1,H191
CST7,TNFa,0,Sheet1,I191
CST7,Trail,2.084534800857333,Sheet1,J191
CST7,VEGF,0,Sheet1,K191
CST7,p53,0,Sheet1,L191
CSTA,EGFR,0,Sheet1,B192
CSTA,Hypoxia,0,Sheet1,C192
CSTA,JAK.STAT,0,Sheet1,D192
CSTA,MAPK,0,Sheet1,E192
CSTA,NFkB,0,Sheet1,F192
CSTA,PI3K,0,Sheet1,G192
CSTA,TGFb,0,Sheet1,H192
CSTA,TNFa,0,Sheet1,I192
CSTA,Trail,0,Sheet1,J192
CSTA,VEGF,0,Sheet1,K192
CSTA,p53,9.0060777037077333,Sheet1,L192
CTD-2297D10.2,EGFR,0,Sheet1,B193
CTD-2297D10.2,Hypoxia,0,Sheet1,C193
CTD-2297D10.2,JAK.STAT,0,Sheet1,D193
CTD-2297D10.2,MAPK,0,Sheet1,E193
CTD-2297D10.2,NFkB,0,Sheet1,F193
CTD-2297D10.2,PI3K,0,Sheet1,G193
CTD-2297D10.2,TGFb,0,Sheet1,H193
CTD-2297D10.2,TNFa,0,Sheet1,I193
CTD-2297D10.2,Trail,-1.2688720152384787,Sheet1,J193
CTD-2297D10.2,VEGF,0,Sheet1,K193
CTD-2297D10.2,p53,0,Sheet1,L193
CTDSP1,EGFR,0,Sheet1,B194
CTDSP1,Hypoxia,0,Sheet1,C194
CTDSP1,JAK.STAT,0,Sheet1,D194
CTDSP1,MAPK,0,Sheet1,E194
CTDSP1,NFkB,0,Sheet1,F194
CTDSP1,PI3K,-5.5675693175324739,Sheet1,G194
CTDSP1,TGFb,0,Sheet1,H194
CTDSP1,TNFa,0,Sheet1,I194
CTDSP1,Trail,0,Sheet1,J194
CTDSP1,VEGF,0,Sheet1,K194
CTDSP1,p53,0,Sheet1,L194
CTHRC1,EGFR,0,Sheet1,B195
CTHRC1,Hypoxia,0,Sheet1,C195
CTHRC1,JAK.STAT,0,Sheet1,D195
CTHRC1,MAPK,0,Sheet1,E195
CTHRC1,NFkB,0,Sheet1,F195
CTHRC1,PI3K,0,Sheet1,G195
CTHRC1,TGFb,0,Sheet1,H195
CTHRC1,TNFa,9.4595602821160458,Sheet1,I195
CTHRC1,Trail,0,Sheet1,J195
CTHRC1,VEGF,0,Sheet1,K195
CTHRC1,p53,0,Sheet1,L195
CTSF,EGFR,0,Sheet1,B196
CTSF,Hypoxia,0,Sheet1,C196
CTSF,JAK.STAT,0,Sheet1,D196
CTSF,MAPK,0,Sheet1,E196
CTSF,NFkB,0,Sheet1,F196
CTSF,PI3K,-9.1721427351910378,Sheet1,G196
CTSF,TGFb,0,Sheet1,H196
CTSF,TNFa,0,Sheet1,I196
CTSF,Trail,0,Sheet1,J196
CTSF,VEGF,0,Sheet1,K196
CTSF,p53,0,Sheet1,L196
CTSS,EGFR,0,Sheet1,B197
CTSS,Hypoxia,0,Sheet1,C197
CTSS,JAK.STAT,0,Sheet1,D197
CTSS,MAPK,0,Sheet1,E197
CTSS,NFkB,0,Sheet1,F197
CTSS,PI3K,0,Sheet1,G197
CTSS,TGFb,0,Sheet1,H197
CTSS,TNFa,6.3975388341766894,Sheet1,I197
CTSS,Trail,0,Sheet1,J197
CTSS,VEGF,0,Sheet1,K197
CTSS,p53,0,Sheet1,L197
CXCL1,EGFR,0,Sheet1,B198
CXCL1,Hypoxia,0,Sheet1,C198
CXCL1,JAK.STAT,0,Sheet1,D198
CXCL1,MAPK,0,Sheet1,E198
CXCL1,NFkB,23.421858781118814,Sheet1,F198
CXCL1,PI3K,0,Sheet1,G198
CXCL1,TGFb,0,Sheet1,H198
CXCL1,TNFa,20.426545983466958,Sheet1,I198
CXCL1,Trail,0,Sheet1,J198
CXCL1,VEGF,0,Sheet1,K198
CXCL1,p53,0,Sheet1,L198
CXCL11,EGFR,0,Sheet1,B199
CXCL11,Hypoxia,0,Sheet1,C199
CXCL11,JAK.STAT,15.007662719331066,Sheet1,D199
CXCL11,MAPK,0,Sheet1,E199
CXCL11,NFkB,15.834366797407496,Sheet1,F199
CXCL11,PI3K,0,Sheet1,G199
CXCL11,TGFb,0,Sheet1,H199
CXCL11,TNFa,0,Sheet1,I199
CXCL11,Trail,0,Sheet1,J199
CXCL11,VEGF,0,Sheet1,K199
CXCL11,p53,0,Sheet1,L199
CXCL2,EGFR,0,Sheet1,B200
CXCL2,Hypoxia,0,Sheet1,C200
CXCL2,JAK.STAT,0,Sheet1,D200
CXCL2,MAPK,0,Sheet1,E200
CXCL2,NFkB,9.4034599575371729,Sheet1,F200
CXCL2,PI3K,0,Sheet1,G200
CXCL2,TGFb,0,Sheet1,H200
CXCL2,TNFa,8.9547595746715434,Sheet1,I200
CXCL2,Trail,0,Sheet1,J200
CXCL2,VEGF,0,Sheet1,K200
CXCL2,p53,0,Sheet1,L200
CXCL3,EGFR,0,Sheet1,B201
CXCL3,Hypoxia,0,Sheet1,C201
CXCL3,JAK.STAT,0,Sheet1,D201
CXCL3,MAPK,0,Sheet1,E201
CXCL3,NFkB,22.946114218850756,Sheet1,F201
CXCL3,PI3K,0,Sheet1,G201
CXCL3,TGFb,0,Sheet1,H201
CXCL3,TNFa,23.758105672194567,Sheet1,I201
CXCL3,Trail,0,Sheet1,J201
CXCL3,VEGF,0,Sheet1,K201
CXCL3,p53,0,Sheet1,L201
CXCL5,EGFR,0,Sheet1,B202
CXCL5,Hypoxia,0,Sheet1,C202
CXCL5,JAK.STAT,0,Sheet1,D202
CXCL5,MAPK,0,Sheet1,E202
CXCL5,NFkB,7.1796479165782516,Sheet1,F202
CXCL5,PI3K,0,Sheet1,G202
CXCL5,TGFb,0,Sheet1,H202
CXCL5,TNFa,10.081367932472133,Sheet1,I202
CXCL5,Trail,0,Sheet1,J202
CXCL5,VEGF,0,Sheet1,K202
CXCL5,p53,0,Sheet1,L202
CXCL6,EGFR,0,Sheet1,B203
CXCL6,Hypoxia,0,Sheet1,C203
CXCL6,JAK.STAT,0,Sheet1,D203
CXCL6,MAPK,0,Sheet1,E203
CXCL6,NFkB,8.7254014273715068,Sheet1,F203
CXCL6,PI3K,0,Sheet1,G203
CXCL6,TGFb,0,Sheet1,H203
CXCL6,TNFa,10.517614056873304,Sheet1,I203
CXCL6,Trail,0,Sheet1,J203
CXCL6,VEGF,0,Sheet1,K203
CXCL6,p53,0,Sheet1,L203
CXCL8,EGFR,0,Sheet1,B204
CXCL8,Hypoxia,0,Sheet1,C204
CXCL8,JAK.STAT,0,Sheet1,D204
CXCL8,MAPK,0,Sheet1,E204
CXCL8,NFkB,38.517928689387205,Sheet1,F204
CXCL8,PI3K,0,Sheet1,G204
CXCL8,TGFb,0,Sheet1,H204
CXCL8,TNFa,45.441827216238877,Sheet1,I204
CXCL8,Trail,0,Sheet1,J204
CXCL8,VEGF,0,Sheet1,K204
CXCL8,p53,0,Sheet1,L204
CXorf56,EGFR,0,Sheet1,B205
CXorf56,Hypoxia,0,Sheet1,C205
CXorf56,JAK.STAT,0,Sheet1,D205
CXorf56,MAPK,0,Sheet1,E205
CXorf56,NFkB,0,Sheet1,F205
CXorf56,PI3K,0,Sheet1,G205
CXorf56,TGFb,0,Sheet1,H205
CXorf56,TNFa,0,Sheet1,I205
CXorf56,Trail,-1.3793938976580724,Sheet1,J205
CXorf56,VEGF,0,Sheet1,K205
CXorf56,p53,0,Sheet1,L205
CYFIP2,EGFR,0,Sheet1,B206
CYFIP2,Hypoxia,0,Sheet1,C206
CYFIP2,JAK.STAT,0,Sheet1,D206
CYFIP2,MAPK,0,Sheet1,E206
CYFIP2,NFkB,0,Sheet1,F206
CYFIP2,PI3K,0,Sheet1,G206
CYFIP2,TGFb,0,Sheet1,H206
CYFIP2,TNFa,0,Sheet1,I206
CYFIP2,Trail,0,Sheet1,J206
CYFIP2,VEGF,0,Sheet1,K206
CYFIP2,p53,7.0609045596148619,Sheet1,L206
CYLD,EGFR,0,Sheet1,B207
CYLD,Hypoxia,0,Sheet1,C207
CYLD,JAK.STAT,0,Sheet1,D207
CYLD,MAPK,0,Sheet1,E207
CYLD,NFkB,2.7733142337565222,Sheet1,F207
CYLD,PI3K,0,Sheet1,G207
CYLD,TGFb,0,Sheet1,H207
CYLD,TNFa,2.875463653861722,Sheet1,I207
CYLD,Trail,0,Sheet1,J207
CYLD,VEGF,0,Sheet1,K207
CYLD,p53,0,Sheet1,L207
CYP2J2,EGFR,0,Sheet1,B208
CYP2J2,Hypoxia,0,Sheet1,C208
CYP2J2,JAK.STAT,2.0935776003100353,Sheet1,D208
CYP2J2,MAPK,0,Sheet1,E208
CYP2J2,NFkB,0,Sheet1,F208
CYP2J2,PI3K,0,Sheet1,G208
CYP2J2,TGFb,0,Sheet1,H208
CYP2J2,TNFa,0,Sheet1,I208
CYP2J2,Trail,0,Sheet1,J208
CYP2J2,VEGF,0,Sheet1,K208
CYP2J2,p53,0,Sheet1,L208
CYP4F2,EGFR,0,Sheet1,B209
CYP4F2,Hypoxia,0,Sheet1,C209
CYP4F2,JAK.STAT,0,Sheet1,D209
CYP4F2,MAPK,0,Sheet1,E209
CYP4F2,NFkB,0,Sheet1,F209
CYP4F2,PI3K,0,Sheet1,G209
CYP4F2,TGFb,0,Sheet1,H209
CYP4F2,TNFa,0,Sheet1,I209
CYP4F2,Trail,0,Sheet1,J209
CYP4F2,VEGF,0,Sheet1,K209
CYP4F2,p53,4.1394348540747821,Sheet1,L209
CYSRT1,EGFR,0,Sheet1,B210
CYSRT1,Hypoxia,0,Sheet1,C210
CYSRT1,JAK.STAT,0,Sheet1,D210
CYSRT1,MAPK,0,Sheet1,E210
CYSRT1,NFkB,0,Sheet1,F210
CYSRT1,PI3K,0,Sheet1,G210
CYSRT1,TGFb,0,Sheet1,H210
CYSRT1,TNFa,0,Sheet1,I210
CYSRT1,Trail,0,Sheet1,J210
CYSRT1,VEGF,0,Sheet1,K210
CYSRT1,p53,5.0764307587317807,Sheet1,L210
CYTL1,EGFR,0,Sheet1,B211
CYTL1,Hypoxia,0,Sheet1,C211
CYTL1,JAK.STAT,0,Sheet1,D211
CYTL1,MAPK,0,Sheet1,E211
CYTL1,NFkB,0,Sheet1,F211
CYTL1,PI3K,-4.865441636391191,Sheet1,G211
CYTL1,TGFb,0,Sheet1,H211
CYTL1,TNFa,0,Sheet1,I211
CYTL1,Trail,0,Sheet1,J211
CYTL1,VEGF,3.4783279013951853,Sheet1,K211
CYTL1,p53,0,Sheet1,L211
DACT1,EGFR,0,Sheet1,B212
DACT1,Hypoxia,0,Sheet1,C212
DACT1,JAK.STAT,0,Sheet1,D212
DACT1,MAPK,0,Sheet1,E212
DACT1,NFkB,0,Sheet1,F212
DACT1,PI3K,0,Sheet1,G212
DACT1,TGFb,6.2208796855215596,Sheet1,H212
DACT1,TNFa,0,Sheet1,I212
DACT1,Trail,0,Sheet1,J212
DACT1,VEGF,0,Sheet1,K212
DACT1,p53,0,Sheet1,L212
DARS,EGFR,0,Sheet1,B213
DARS,Hypoxia,3.6708158441807912,Sheet1,C213
DARS,JAK.STAT,0,Sheet1,D213
DARS,MAPK,0,Sheet1,E213
DARS,NFkB,0,Sheet1,F213
DARS,PI3K,0,Sheet1,G213
DARS,TGFb,0,Sheet1,H213
DARS,TNFa,0,Sheet1,I213
DARS,Trail,0,Sheet1,J213
DARS,VEGF,0,Sheet1,K213
DARS,p53,0,Sheet1,L213
DAZAP2,EGFR,0,Sheet1,B214
DAZAP2,Hypoxia,0,Sheet1,C214
DAZAP2,JAK.STAT,0,Sheet1,D214
DAZAP2,MAPK,-1.4077949825542642,Sheet1,E214
DAZAP2,NFkB,0,Sheet1,F214
DAZAP2,PI3K,0,Sheet1,G214
DAZAP2,TGFb,0,Sheet1,H214
DAZAP2,TNFa,0,Sheet1,I214
DAZAP2,Trail,0,Sheet1,J214
DAZAP2,VEGF,0,Sheet1,K214
DAZAP2,p53,0,Sheet1,L214
DCAF13,EGFR,1.4342329570502361,Sheet1,B215
DCAF13,Hypoxia,0,Sheet1,C215
DCAF13,JAK.STAT,0,Sheet1,D215
DCAF13,MAPK,0,Sheet1,E215
DCAF13,NFkB,0,Sheet1,F215
DCAF13,PI3K,0,Sheet1,G215
DCAF13,TGFb,0,Sheet1,H215
DCAF13,TNFa,0,Sheet1,I215
DCAF13,Trail,0,Sheet1,J215
DCAF13,VEGF,0,Sheet1,K215
DCAF13,p53,0,Sheet1,L215
DCBLD2,EGFR,0,Sheet1,B216
DCBLD2,Hypoxia,0,Sheet1,C216
DCBLD2,JAK.STAT,0,Sheet1,D216
DCBLD2,MAPK,3.3715156847873708,Sheet1,E216
DCBLD2,NFkB,0,Sheet1,F216
DCBLD2,PI3K,0,Sheet1,G216
DCBLD2,TGFb,0,Sheet1,H216
DCBLD2,TNFa,0,Sheet1,I216
DCBLD2,Trail,0,Sheet1,J216
DCBLD2,VEGF,0,Sheet1,K216
DCBLD2,p53,0,Sheet1,L216
DCHS2,EGFR,0,Sheet1,B217
DCHS2,Hypoxia,0,Sheet1,C217
DCHS2,JAK.STAT,0,Sheet1,D217
DCHS2,MAPK,0,Sheet1,E217
DCHS2,NFkB,0,Sheet1,F217
DCHS2,PI3K,0,Sheet1,G217
DCHS2,TGFb,0,Sheet1,H217
DCHS2,TNFa,0,Sheet1,I217
DCHS2,Trail,0,Sheet1,J217
DCHS2,VEGF,-1.7317454315883085,Sheet1,K217
DCHS2,p53,0,Sheet1,L217
DDB2,EGFR,0,Sheet1,B218
DDB2,Hypoxia,0,Sheet1,C218
DDB2,JAK.STAT,0,Sheet1,D218
DDB2,MAPK,0,Sheet1,E218
DDB2,NFkB,0,Sheet1,F218
DDB2,PI3K,0,Sheet1,G218
DDB2,TGFb,0,Sheet1,H218
DDB2,TNFa,0,Sheet1,I218
DDB2,Trail,0,Sheet1,J218
DDB2,VEGF,0,Sheet1,K218
DDB2,p53,8.1855832601451688,Sheet1,L218
DDX19A,EGFR,0,Sheet1,B219
DDX19A,Hypoxia,0,Sheet1,C219
DDX19A,JAK.STAT,0,Sheet1,D219
DDX19A,MAPK,0,Sheet1,E219
DDX19A,NFkB,0,Sheet1,F219
DDX19A,PI3K,0,Sheet1,G219
DDX19A,TGFb,0,Sheet1,H219
DDX19A,TNFa,0,Sheet1,I219
DDX19A,Trail,-1.4562586132251549,Sheet1,J219
DDX19A,VEGF,0,Sheet1,K219
DDX19A,p53,0,Sheet1,L219
DDX58,EGFR,0,Sheet1,B220
DDX58,Hypoxia,0,Sheet1,C220
DDX58,JAK.STAT,12.965378249415931,Sheet1,D220
DDX58,MAPK,0,Sheet1,E220
DDX58,NFkB,0,Sheet1,F220
DDX58,PI3K,0,Sheet1,G220
DDX58,TGFb,0,Sheet1,H220
DDX58,TNFa,0,Sheet1,I220
DDX58,Trail,0,Sheet1,J220
DDX58,VEGF,0,Sheet1,K220
DDX58,p53,0,Sheet1,L220
DDX60,EGFR,0,Sheet1,B221
DDX60,Hypoxia,0,Sheet1,C221
DDX60,JAK.STAT,12.198233209424696,Sheet1,D221
DDX60,MAPK,0,Sheet1,E221
DDX60,NFkB,0,Sheet1,F221
DDX60,PI3K,0,Sheet1,G221
DDX60,TGFb,0,Sheet1,H221
DDX60,TNFa,0,Sheet1,I221
DDX60,Trail,0,Sheet1,J221
DDX60,VEGF,0,Sheet1,K221
DDX60,p53,0,Sheet1,L221
DDX60L,EGFR,0,Sheet1,B222
DDX60L,Hypoxia,0,Sheet1,C222
DDX60L,JAK.STAT,7.2022830331221579,Sheet1,D222
DDX60L,MAPK,0,Sheet1,E222
DDX60L,NFkB,0,Sheet1,F222
DDX60L,PI3K,0,Sheet1,G222
DDX60L,TGFb,0,Sheet1,H222
DDX60L,TNFa,0,Sheet1,I222
DDX60L,Trail,0,Sheet1,J222
DDX60L,VEGF,0,Sheet1,K222
DDX60L,p53,0,Sheet1,L222
DERL3,EGFR,0,Sheet1,B223
DERL3,Hypoxia,0,Sheet1,C223
DERL3,JAK.STAT,0,Sheet1,D223
DERL3,MAPK,0,Sheet1,E223
DERL3,NFkB,0,Sheet1,F223
DERL3,PI3K,-4.0336794248105132,Sheet1,G223
DERL3,TGFb,0,Sheet1,H223
DERL3,TNFa,0,Sheet1,I223
DERL3,Trail,0,Sheet1,J223
DERL3,VEGF,0,Sheet1,K223
DERL3,p53,0,Sheet1,L223
DGKA,EGFR,0,Sheet1,B224
DGKA,Hypoxia,0,Sheet1,C224
DGKA,JAK.STAT,0,Sheet1,D224
DGKA,MAPK,0,Sheet1,E224
DGKA,NFkB,0,Sheet1,F224
DGKA,PI3K,0,Sheet1,G224
DGKA,TGFb,0,Sheet1,H224
DGKA,TNFa,0,Sheet1,I224
DGKA,Trail,0,Sheet1,J224
DGKA,VEGF,0,Sheet1,K224
DGKA,p53,5.3815056342530978,Sheet1,L224
DGKI,EGFR,0,Sheet1,B225
DGKI,Hypoxia,0,Sheet1,C225
DGKI,JAK.STAT,0,Sheet1,D225
DGKI,MAPK,0,Sheet1,E225
DGKI,NFkB,0,Sheet1,F225
DGKI,PI3K,0,Sheet1,G225
DGKI,TGFb,2.2411436132070746,Sheet1,H225
DGKI,TNFa,0,Sheet1,I225
DGKI,Trail,0,Sheet1,J225
DGKI,VEGF,0,Sheet1,K225
DGKI,p53,0,Sheet1,L225
DHRS12,EGFR,0,Sheet1,B226
DHRS12,Hypoxia,0,Sheet1,C226
DHRS12,JAK.STAT,0,Sheet1,D226
DHRS12,MAPK,0,Sheet1,E226
DHRS12,NFkB,0,Sheet1,F226
DHRS12,PI3K,-3.4073498190950291,Sheet1,G226
DHRS12,TGFb,0,Sheet1,H226
DHRS12,TNFa,0,Sheet1,I226
DHRS12,Trail,0,Sheet1,J226
DHRS12,VEGF,0,Sheet1,K226
DHRS12,p53,0,Sheet1,L226
DHX58,EGFR,0,Sheet1,B227
DHX58,Hypoxia,0,Sheet1,C227
DHX58,JAK.STAT,4.9099421347870988,Sheet1,D227
DHX58,MAPK,0,Sheet1,E227
DHX58,NFkB,0,Sheet1,F227
DHX58,PI3K,0,Sheet1,G227
DHX58,TGFb,0,Sheet1,H227
DHX58,TNFa,0,Sheet1,I227
DHX58,Trail,0,Sheet1,J227
DHX58,VEGF,0,Sheet1,K227
DHX58,p53,0,Sheet1,L227
DLEU7-AS1,EGFR,0,Sheet1,B228
DLEU7-AS1,Hypoxia,0,Sheet1,C228
DLEU7-AS1,JAK.STAT,0,Sheet1,D228
DLEU7-AS1,MAPK,0,Sheet1,E228
DLEU7-AS1,NFkB,0,Sheet1,F228
DLEU7-AS1,PI3K,0,Sheet1,G228
DLEU7-AS1,TGFb,0,Sheet1,H228
DLEU7-AS1,TNFa,0,Sheet1,I228
DLEU7-AS1,Trail,0,Sheet1,J228
DLEU7-AS1,VEGF,-4.0210843286344131,Sheet1,K228
DLEU7-AS1,p53,0,Sheet1,L228
DMRTC2,EGFR,0,Sheet1,B229
DMRTC2,Hypoxia,0,Sheet1,C229
DMRTC2,JAK.STAT,0,Sheet1,D229
DMRTC2,MAPK,0,Sheet1,E229
DMRTC2,NFkB,0,Sheet1,F229
DMRTC2,PI3K,0,Sheet1,G229
DMRTC2,TGFb,0,Sheet1,H229
DMRTC2,TNFa,0,Sheet1,I229
DMRTC2,Trail,-1.4874649932723798,Sheet1,J229
DMRTC2,VEGF,0,Sheet1,K229
DMRTC2,p53,0,Sheet1,L229
DNAJB8,EGFR,0,Sheet1,B230
DNAJB8,Hypoxia,0,Sheet1,C230
DNAJB8,JAK.STAT,0,Sheet1,D230
DNAJB8,MAPK,0,Sheet1,E230
DNAJB8,NFkB,0,Sheet1,F230
DNAJB8,PI3K,0,Sheet1,G230
DNAJB8,TGFb,0,Sheet1,H230
DNAJB8,TNFa,0,Sheet1,I230
DNAJB8,Trail,-1.3663966648633838,Sheet1,J230
DNAJB8,VEGF,0,Sheet1,K230
DNAJB8,p53,0,Sheet1,L230
DNAL4,EGFR,0,Sheet1,B231
DNAL4,Hypoxia,0,Sheet1,C231
DNAL4,JAK.STAT,0,Sheet1,D231
DNAL4,MAPK,0,Sheet1,E231
DNAL4,NFkB,0,Sheet1,F231
DNAL4,PI3K,-4.4458672749880943,Sheet1,G231
DNAL4,TGFb,0,Sheet1,H231
DNAL4,TNFa,0,Sheet1,I231
DNAL4,Trail,0,Sheet1,J231
DNAL4,VEGF,0,Sheet1,K231
DNAL4,p53,0,Sheet1,L231
DNASE2,EGFR,0,Sheet1,B232
DNASE2,Hypoxia,0,Sheet1,C232
DNASE2,JAK.STAT,0,Sheet1,D232
DNASE2,MAPK,-1.8218204163370102,Sheet1,E232
DNASE2,NFkB,0,Sheet1,F232
DNASE2,PI3K,0,Sheet1,G232
DNASE2,TGFb,0,Sheet1,H232
DNASE2,TNFa,0,Sheet1,I232
DNASE2,Trail,0,Sheet1,J232
DNASE2,VEGF,0,Sheet1,K232
DNASE2,p53,0,Sheet1,L232
DOLK,EGFR,0,Sheet1,B233
DOLK,Hypoxia,-3.4641716715903721,Sheet1,C233
DOLK,JAK.STAT,0,Sheet1,D233
DOLK,MAPK,0,Sheet1,E233
DOLK,NFkB,0,Sheet1,F233
DOLK,PI3K,0,Sheet1,G233
DOLK,TGFb,0,Sheet1,H233
DOLK,TNFa,0,Sheet1,I233
DOLK,Trail,0,Sheet1,J233
DOLK,VEGF,0,Sheet1,K233
DOLK,p53,0,Sheet1,L233
DPY19L1P1,EGFR,-1.34731132585061,Sheet1,B234
DPY19L1P1,Hypoxia,0,Sheet1,C234
DPY19L1P1,JAK.STAT,0,Sheet1,D234
DPY19L1P1,MAPK,0,Sheet1,E234
DPY19L1P1,NFkB,0,Sheet1,F234
DPY19L1P1,PI3K,0,Sheet1,G234
DPY19L1P1,TGFb,0,Sheet1,H234
DPY19L1P1,TNFa,0,Sheet1,I234
DPY19L1P1,Trail,0,Sheet1,J234
DPY19L1P1,VEGF,0,Sheet1,K234
DPY19L1P1,p53,0,Sheet1,L234
DQX1,EGFR,0,Sheet1,B235
DQX1,Hypoxia,0,Sheet1,C235
DQX1,JAK.STAT,0,Sheet1,D235
DQX1,MAPK,0,Sheet1,E235
DQX1,NFkB,0,Sheet1,F235
DQX1,PI3K,0,Sheet1,G235
DQX1,TGFb,0,Sheet1,H235
DQX1,TNFa,0,Sheet1,I235
DQX1,Trail,0,Sheet1,J235
DQX1,VEGF,0,Sheet1,K235
DQX1,p53,4.3871161059376158,Sheet1,L235
DRAM1,EGFR,0,Sheet1,B236
DRAM1,Hypoxia,0,Sheet1,C236
DRAM1,JAK.STAT,0,Sheet1,D236
DRAM1,MAPK,0,Sheet1,E236
DRAM1,NFkB,9.5477003571551045,Sheet1,F236
DRAM1,PI3K,0,Sheet1,G236
DRAM1,TGFb,0,Sheet1,H236
DRAM1,TNFa,10.758252373531665,Sheet1,I236
DRAM1,Trail,0,Sheet1,J236
DRAM1,VEGF,0,Sheet1,K236
DRAM1,p53,0,Sheet1,L236
DRAXIN,EGFR,0,Sheet1,B237
DRAXIN,Hypoxia,0,Sheet1,C237
DRAXIN,JAK.STAT,0,Sheet1,D237
DRAXIN,MAPK,0,Sheet1,E237
DRAXIN,NFkB,0,Sheet1,F237
DRAXIN,PI3K,0,Sheet1,G237
DRAXIN,TGFb,0,Sheet1,H237
DRAXIN,TNFa,0,Sheet1,I237
DRAXIN,Trail,0,Sheet1,J237
DRAXIN,VEGF,0,Sheet1,K237
DRAXIN,p53,6.0144052448526324,Sheet1,L237
DSPP,EGFR,2.3503871126951883,Sheet1,B238
DSPP,Hypoxia,0,Sheet1,C238
DSPP,JAK.STAT,0,Sheet1,D238
DSPP,MAPK,0,Sheet1,E238
DSPP,NFkB,0,Sheet1,F238
DSPP,PI3K,0,Sheet1,G238
DSPP,TGFb,0,Sheet1,H238
DSPP,TNFa,0,Sheet1,I238
DSPP,Trail,0,Sheet1,J238
DSPP,VEGF,0,Sheet1,K238
DSPP,p53,0,Sheet1,L238
DTX2,EGFR,0,Sheet1,B239
DTX2,Hypoxia,0,Sheet1,C239
DTX2,JAK.STAT,0,Sheet1,D239
DTX2,MAPK,0,Sheet1,E239
DTX2,NFkB,0,Sheet1,F239
DTX2,PI3K,0,Sheet1,G239
DTX2,TGFb,0,Sheet1,H239
DTX2,TNFa,2.9313197283249459,Sheet1,I239
DTX2,Trail,0,Sheet1,J239
DTX2,VEGF,0,Sheet1,K239
DTX2,p53,0,Sheet1,L239
DTX3L,EGFR,0,Sheet1,B240
DTX3L,Hypoxia,0,Sheet1,C240
DTX3L,JAK.STAT,8.3584186979641792,Sheet1,D240
DTX3L,MAPK,0,Sheet1,E240
DTX3L,NFkB,0,Sheet1,F240
DTX3L,PI3K,0,Sheet1,G240
DTX3L,TGFb,0,Sheet1,H240
DTX3L,TNFa,0,Sheet1,I240
DTX3L,Trail,0,Sheet1,J240
DTX3L,VEGF,0,Sheet1,K240
DTX3L,p53,0,Sheet1,L240
DUSP4,EGFR,6.9671796714740868,Sheet1,B241
DUSP4,Hypoxia,0,Sheet1,C241
DUSP4,JAK.STAT,0,Sheet1,D241
DUSP4,MAPK,7.8048159596963798,Sheet1,E241
DUSP4,NFkB,0,Sheet1,F241
DUSP4,PI3K,0,Sheet1,G241
DUSP4,TGFb,0,Sheet1,H241
DUSP4,TNFa,0,Sheet1,I241
DUSP4,Trail,0,Sheet1,J241
DUSP4,VEGF,0,Sheet1,K241
DUSP4,p53,0,Sheet1,L241
DUSP5,EGFR,7.943039506997307,Sheet1,B242
DUSP5,Hypoxia,0,Sheet1,C242
DUSP5,JAK.STAT,0,Sheet1,D242
DUSP5,MAPK,7.9200301425831627,Sheet1,E242
DUSP5,NFkB,0,Sheet1,F242
DUSP5,PI3K,0,Sheet1,G242
DUSP5,TGFb,0,Sheet1,H242
DUSP5,TNFa,0,Sheet1,I242
DUSP5,Trail,0,Sheet1,J242
DUSP5,VEGF,0,Sheet1,K242
DUSP5,p53,0,Sheet1,L242
DUSP6,EGFR,12.629312588446037,Sheet1,B243
DUSP6,Hypoxia,0,Sheet1,C243
DUSP6,JAK.STAT,0,Sheet1,D243
DUSP6,MAPK,16.859015828017647,Sheet1,E243
DUSP6,NFkB,0,Sheet1,F243
DUSP6,PI3K,0,Sheet1,G243
DUSP6,TGFb,0,Sheet1,H243
DUSP6,TNFa,0,Sheet1,I243
DUSP6,Trail,0,Sheet1,J243
DUSP6,VEGF,0,Sheet1,K243
DUSP6,p53,0,Sheet1,L243
DUSP7,EGFR,0,Sheet1,B244
DUSP7,Hypoxia,0,Sheet1,C244
DUSP7,JAK.STAT,0,Sheet1,D244
DUSP7,MAPK,2.4525082633813482,Sheet1,E244
DUSP7,NFkB,0,Sheet1,F244
DUSP7,PI3K,0,Sheet1,G244
DUSP7,TGFb,0,Sheet1,H244
DUSP7,TNFa,0,Sheet1,I244
DUSP7,Trail,0,Sheet1,J244
DUSP7,VEGF,0,Sheet1,K244
DUSP7,p53,0,Sheet1,L244
DYNC2LI1,EGFR,-1.4302386019583069,Sheet1,B245
DYNC2LI1,Hypoxia,0,Sheet1,C245
DYNC2LI1,JAK.STAT,0,Sheet1,D245
DYNC2LI1,MAPK,0,Sheet1,E245
DYNC2LI1,NFkB,0,Sheet1,F245
DYNC2LI1,PI3K,0,Sheet1,G245
DYNC2LI1,TGFb,0,Sheet1,H245
DYNC2LI1,TNFa,0,Sheet1,I245
DYNC2LI1,Trail,0,Sheet1,J245
DYNC2LI1,VEGF,0,Sheet1,K245
DYNC2LI1,p53,0,Sheet1,L245
E2F3,EGFR,0,Sheet1,B246
E2F3,Hypoxia,0,Sheet1,C246
E2F3,JAK.STAT,0,Sheet1,D246
E2F3,MAPK,2.0343484754869108,Sheet1,E246
E2F3,NFkB,0,Sheet1,F246
E2F3,PI3K,0,Sheet1,G246
E2F3,TGFb,0,Sheet1,H246
E2F3,TNFa,0,Sheet1,I246
E2F3,Trail,0,Sheet1,J246
E2F3,VEGF,0,Sheet1,K246
E2F3,p53,0,Sheet1,L246
EAPP,EGFR,-2.2398997303308854,Sheet1,B247
EAPP,Hypoxia,0,Sheet1,C247
EAPP,JAK.STAT,0,Sheet1,D247
EAPP,MAPK,0,Sheet1,E247
EAPP,NFkB,0,Sheet1,F247
EAPP,PI3K,0,Sheet1,G247
EAPP,TGFb,0,Sheet1,H247
EAPP,TNFa,0,Sheet1,I247
EAPP,Trail,0,Sheet1,J247
EAPP,VEGF,0,Sheet1,K247
EAPP,p53,0,Sheet1,L247
EBI3,EGFR,0,Sheet1,B248
EBI3,Hypoxia,0,Sheet1,C248
EBI3,JAK.STAT,0,Sheet1,D248
EBI3,MAPK,0,Sheet1,E248
EBI3,NFkB,7.5461852100646292,Sheet1,F248
EBI3,PI3K,0,Sheet1,G248
EBI3,TGFb,0,Sheet1,H248
EBI3,TNFa,0,Sheet1,I248
EBI3,Trail,0,Sheet1,J248
EBI3,VEGF,0,Sheet1,K248
EBI3,p53,0,Sheet1,L248
ECH1,EGFR,0,Sheet1,B249
ECH1,Hypoxia,0,Sheet1,C249
ECH1,JAK.STAT,0,Sheet1,D249
ECH1,MAPK,-2.2897420836192053,Sheet1,E249
ECH1,NFkB,0,Sheet1,F249
ECH1,PI3K,0,Sheet1,G249
ECH1,TGFb,0,Sheet1,H249
ECH1,TNFa,0,Sheet1,I249
ECH1,Trail,0,Sheet1,J249
ECH1,VEGF,0,Sheet1,K249
ECH1,p53,0,Sheet1,L249
EDA2R,EGFR,0,Sheet1,B250
EDA2R,Hypoxia,0,Sheet1,C250
EDA2R,JAK.STAT,0,Sheet1,D250
EDA2R,MAPK,0,Sheet1,E250
EDA2R,NFkB,0,Sheet1,F250
EDA2R,PI3K,0,Sheet1,G250
EDA2R,TGFb,0,Sheet1,H250
EDA2R,TNFa,0,Sheet1,I250
EDA2R,Trail,0,Sheet1,J250
EDA2R,VEGF,0,Sheet1,K250
EDA2R,p53,3.1791323026964338,Sheet1,L250
EDN1,EGFR,0,Sheet1,B251
EDN1,Hypoxia,0,Sheet1,C251
EDN1,JAK.STAT,0,Sheet1,D251
EDN1,MAPK,0,Sheet1,E251
EDN1,NFkB,0,Sheet1,F251
EDN1,PI3K,0,Sheet1,G251
EDN1,TGFb,0,Sheet1,H251
EDN1,TNFa,7.5856238027757437,Sheet1,I251
EDN1,Trail,0,Sheet1,J251
EDN1,VEGF,0,Sheet1,K251
EDN1,p53,0,Sheet1,L251
EFHC1,EGFR,-2.0346036601314106,Sheet1,B252
EFHC1,Hypoxia,0,Sheet1,C252
EFHC1,JAK.STAT,0,Sheet1,D252
EFHC1,MAPK,0,Sheet1,E252
EFHC1,NFkB,0,Sheet1,F252
EFHC1,PI3K,0,Sheet1,G252
EFHC1,TGFb,0,Sheet1,H252
EFHC1,TNFa,0,Sheet1,I252
EFHC1,Trail,0,Sheet1,J252
EFHC1,VEGF,0,Sheet1,K252
EFHC1,p53,0,Sheet1,L252
EFNA1,EGFR,0,Sheet1,B253
EFNA1,Hypoxia,0,Sheet1,C253
EFNA1,JAK.STAT,0,Sheet1,D253
EFNA1,MAPK,0,Sheet1,E253
EFNA1,NFkB,11.433295392016355,Sheet1,F253
EFNA1,PI3K,0,Sheet1,G253
EFNA1,TGFb,0,Sheet1,H253
EFNA1,TNFa,18.631109384930614,Sheet1,I253
EFNA1,Trail,0,Sheet1,J253
EFNA1,VEGF,0,Sheet1,K253
EFNA1,p53,0,Sheet1,L253
EFNA3,EGFR,0,Sheet1,B254
EFNA3,Hypoxia,4.2117400893778791,Sheet1,C254
EFNA3,JAK.STAT,0,Sheet1,D254
EFNA3,MAPK,0,Sheet1,E254
EFNA3,NFkB,0,Sheet1,F254
EFNA3,PI3K,0,Sheet1,G254
EFNA3,TGFb,0,Sheet1,H254
EFNA3,TNFa,0,Sheet1,I254
EFNA3,Trail,0,Sheet1,J254
EFNA3,VEGF,0,Sheet1,K254
EFNA3,p53,0,Sheet1,L254
EFNB1,EGFR,0,Sheet1,B255
EFNB1,Hypoxia,0,Sheet1,C255
EFNB1,JAK.STAT,0,Sheet1,D255
EFNB1,MAPK,0,Sheet1,E255
EFNB1,NFkB,0,Sheet1,F255
EFNB1,PI3K,0,Sheet1,G255
EFNB1,TGFb,0,Sheet1,H255
EFNB1,TNFa,0,Sheet1,I255
EFNB1,Trail,0,Sheet1,J255
EFNB1,VEGF,0,Sheet1,K255
EFNB1,p53,2.8656789911934504,Sheet1,L255
EFR3B,EGFR,0,Sheet1,B256
EFR3B,Hypoxia,0,Sheet1,C256
EFR3B,JAK.STAT,0,Sheet1,D256
EFR3B,MAPK,0,Sheet1,E256
EFR3B,NFkB,0,Sheet1,F256
EFR3B,PI3K,0,Sheet1,G256
EFR3B,TGFb,1.3343499021654321,Sheet1,H256
EFR3B,TNFa,0,Sheet1,I256
EFR3B,Trail,0,Sheet1,J256
EFR3B,VEGF,0,Sheet1,K256
EFR3B,p53,0,Sheet1,L256
EGLN1,EGFR,0,Sheet1,B257
EGLN1,Hypoxia,9.5944500216630946,Sheet1,C257
EGLN1,JAK.STAT,0,Sheet1,D257
EGLN1,MAPK,0,Sheet1,E257
EGLN1,NFkB,0,Sheet1,F257
EGLN1,PI3K,0,Sheet1,G257
EGLN1,TGFb,0,Sheet1,H257
EGLN1,TNFa,0,Sheet1,I257
EGLN1,Trail,0,Sheet1,J257
EGLN1,VEGF,0,Sheet1,K257
EGLN1,p53,0,Sheet1,L257
EGLN3,EGFR,0,Sheet1,B258
EGLN3,Hypoxia,11.655727921145276,Sheet1,C258
EGLN3,JAK.STAT,0,Sheet1,D258
EGLN3,MAPK,0,Sheet1,E258
EGLN3,NFkB,0,Sheet1,F258
EGLN3,PI3K,0,Sheet1,G258
EGLN3,TGFb,0,Sheet1,H258
EGLN3,TNFa,0,Sheet1,I258
EGLN3,Trail,0,Sheet1,J258
EGLN3,VEGF,0,Sheet1,K258
EGLN3,p53,0,Sheet1,L258
EGR3,EGFR,6.2714155011131894,Sheet1,B259
EGR3,Hypoxia,0,Sheet1,C259
EGR3,JAK.STAT,0,Sheet1,D259
EGR3,MAPK,0,Sheet1,E259
EGR3,NFkB,0,Sheet1,F259
EGR3,PI3K,0,Sheet1,G259
EGR3,TGFb,0,Sheet1,H259
EGR3,TNFa,0,Sheet1,I259
EGR3,Trail,0,Sheet1,J259
EGR3,VEGF,0,Sheet1,K259
EGR3,p53,0,Sheet1,L259
EGR4,EGFR,2.9530763854223228,Sheet1,B260
EGR4,Hypoxia,0,Sheet1,C260
EGR4,JAK.STAT,0,Sheet1,D260
EGR4,MAPK,0,Sheet1,E260
EGR4,NFkB,0,Sheet1,F260
EGR4,PI3K,0,Sheet1,G260
EGR4,TGFb,0,Sheet1,H260
EGR4,TNFa,0,Sheet1,I260
EGR4,Trail,0,Sheet1,J260
EGR4,VEGF,0,Sheet1,K260
EGR4,p53,0,Sheet1,L260
EHD1,EGFR,0,Sheet1,B261
EHD1,Hypoxia,0,Sheet1,C261
EHD1,JAK.STAT,0,Sheet1,D261
EHD1,MAPK,0,Sheet1,E261
EHD1,NFkB,5.8716073842959258,Sheet1,F261
EHD1,PI3K,0,Sheet1,G261
EHD1,TGFb,0,Sheet1,H261
EHD1,TNFa,0,Sheet1,I261
EHD1,Trail,0,Sheet1,J261
EHD1,VEGF,0,Sheet1,K261
EHD1,p53,0,Sheet1,L261
EI24,EGFR,0,Sheet1,B262
EI24,Hypoxia,0,Sheet1,C262
EI24,JAK.STAT,0,Sheet1,D262
EI24,MAPK,0,Sheet1,E262
EI24,NFkB,0,Sheet1,F262
EI24,PI3K,0,Sheet1,G262
EI24,TGFb,0,Sheet1,H262
EI24,TNFa,0,Sheet1,I262
EI24,Trail,0,Sheet1,J262
EI24,VEGF,0,Sheet1,K262
EI24,p53,4.09203042424567,Sheet1,L262
EIF2AK2,EGFR,0,Sheet1,B263
EIF2AK2,Hypoxia,0,Sheet1,C263
EIF2AK2,JAK.STAT,5.7230163248751165,Sheet1,D263
EIF2AK2,MAPK,0,Sheet1,E263
EIF2AK2,NFkB,0,Sheet1,F263
EIF2AK2,PI3K,0,Sheet1,G263
EIF2AK2,TGFb,0,Sheet1,H263
EIF2AK2,TNFa,0,Sheet1,I263
EIF2AK2,Trail,0,Sheet1,J263
EIF2AK2,VEGF,0,Sheet1,K263
EIF2AK2,p53,0,Sheet1,L263
ELF2,EGFR,-1.3429287000126269,Sheet1,B264
ELF2,Hypoxia,0,Sheet1,C264
ELF2,JAK.STAT,0,Sheet1,D264
ELF2,MAPK,0,Sheet1,E264
ELF2,NFkB,0,Sheet1,F264
ELF2,PI3K,0,Sheet1,G264
ELF2,TGFb,0,Sheet1,H264
ELF2,TNFa,0,Sheet1,I264
ELF2,Trail,0,Sheet1,J264
ELF2,VEGF,0,Sheet1,K264
ELF2,p53,0,Sheet1,L264
ELK3,EGFR,0,Sheet1,B265
ELK3,Hypoxia,0,Sheet1,C265
ELK3,JAK.STAT,0,Sheet1,D265
ELK3,MAPK,2.9961403928388033,Sheet1,E265
ELK3,NFkB,0,Sheet1,F265
ELK3,PI3K,0,Sheet1,G265
ELK3,TGFb,0,Sheet1,H265
ELK3,TNFa,0,Sheet1,I265
ELK3,Trail,0,Sheet1,J265
ELK3,VEGF,0,Sheet1,K265
ELK3,p53,0,Sheet1,L265
ELOVL7,EGFR,0,Sheet1,B266
ELOVL7,Hypoxia,0,Sheet1,C266
ELOVL7,JAK.STAT,0,Sheet1,D266
ELOVL7,MAPK,0,Sheet1,E266
ELOVL7,NFkB,8.7921157534434382,Sheet1,F266
ELOVL7,PI3K,0,Sheet1,G266
ELOVL7,TGFb,0,Sheet1,H266
ELOVL7,TNFa,0,Sheet1,I266
ELOVL7,Trail,0,Sheet1,J266
ELOVL7,VEGF,0,Sheet1,K266
ELOVL7,p53,0,Sheet1,L266
ENO1,EGFR,0,Sheet1,B267
ENO1,Hypoxia,6.1038629873978119,Sheet1,C267
ENO1,JAK.STAT,0,Sheet1,D267
ENO1,MAPK,0,Sheet1,E267
ENO1,NFkB,0,Sheet1,F267
ENO1,PI3K,0,Sheet1,G267
ENO1,TGFb,0,Sheet1,H267
ENO1,TNFa,0,Sheet1,I267
ENO1,Trail,0,Sheet1,J267
ENO1,VEGF,0,Sheet1,K267
ENO1,p53,0,Sheet1,L267
ENO2,EGFR,0,Sheet1,B268
ENO2,Hypoxia,14.326939818224215,Sheet1,C268
ENO2,JAK.STAT,0,Sheet1,D268
ENO2,MAPK,0,Sheet1,E268
ENO2,NFkB,0,Sheet1,F268
ENO2,PI3K,0,Sheet1,G268
ENO2,TGFb,0,Sheet1,H268
ENO2,TNFa,0,Sheet1,I268
ENO2,Trail,0,Sheet1,J268
ENO2,VEGF,0,Sheet1,K268
ENO2,p53,0,Sheet1,L268
EPB41L4A-AS1,EGFR,0,Sheet1,B269
EPB41L4A-AS1,Hypoxia,0,Sheet1,C269
EPB41L4A-AS1,JAK.STAT,0,Sheet1,D269
EPB41L4A-AS1,MAPK,0,Sheet1,E269
EPB41L4A-AS1,NFkB,0,Sheet1,F269
EPB41L4A-AS1,PI3K,-12.274861316622637,Sheet1,G269
EPB41L4A-AS1,TGFb,0,Sheet1,H269
EPB41L4A-AS1,TNFa,0,Sheet1,I269
EPB41L4A-AS1,Trail,0,Sheet1,J269
EPB41L4A-AS1,VEGF,0,Sheet1,K269
EPB41L4A-AS1,p53,0,Sheet1,L269
EPHA2,EGFR,5.4111841020654285,Sheet1,B270
EPHA2,Hypoxia,0,Sheet1,C270
EPHA2,JAK.STAT,0,Sheet1,D270
EPHA2,MAPK,6.3140124466607563,Sheet1,E270
EPHA2,NFkB,0,Sheet1,F270
EPHA2,PI3K,0,Sheet1,G270
EPHA2,TGFb,0,Sheet1,H270
EPHA2,TNFa,0,Sheet1,I270
EPHA2,Trail,0,Sheet1,J270
EPHA2,VEGF,0,Sheet1,K270
EPHA2,p53,0,Sheet1,L270
EPHA3,EGFR,0,Sheet1,B271
EPHA3,Hypoxia,0,Sheet1,C271
EPHA3,JAK.STAT,0,Sheet1,D271
EPHA3,MAPK,0,Sheet1,E271
EPHA3,NFkB,0,Sheet1,F271
EPHA3,PI3K,0,Sheet1,G271
EPHA3,TGFb,0,Sheet1,H271
EPHA3,TNFa,0,Sheet1,I271
EPHA3,Trail,0,Sheet1,J271
EPHA3,VEGF,-4.4340856085806291,Sheet1,K271
EPHA3,p53,0,Sheet1,L271
EPN2,EGFR,0,Sheet1,B272
EPN2,Hypoxia,0,Sheet1,C272
EPN2,JAK.STAT,0,Sheet1,D272
EPN2,MAPK,0,Sheet1,E272
EPN2,NFkB,0,Sheet1,F272
EPN2,PI3K,0,Sheet1,G272
EPN2,TGFb,0,Sheet1,H272
EPN2,TNFa,0,Sheet1,I272
EPN2,Trail,0,Sheet1,J272
EPN2,VEGF,10.766190218432925,Sheet1,K272
EPN2,p53,0,Sheet1,L272
EPSTI1,EGFR,0,Sheet1,B273
EPSTI1,Hypoxia,0,Sheet1,C273
EPSTI1,JAK.STAT,12.08161764162436,Sheet1,D273
EPSTI1,MAPK,0,Sheet1,E273
EPSTI1,NFkB,0,Sheet1,F273
EPSTI1,PI3K,0,Sheet1,G273
EPSTI1,TGFb,0,Sheet1,H273
EPSTI1,TNFa,0,Sheet1,I273
EPSTI1,Trail,0,Sheet1,J273
EPSTI1,VEGF,0,Sheet1,K273
EPSTI1,p53,0,Sheet1,L273
ERICH3-AS1,EGFR,0,Sheet1,B274
ERICH3-AS1,Hypoxia,0,Sheet1,C274
ERICH3-AS1,JAK.STAT,0,Sheet1,D274
ERICH3-AS1,MAPK,0,Sheet1,E274
ERICH3-AS1,NFkB,0,Sheet1,F274
ERICH3-AS1,PI3K,0,Sheet1,G274
ERICH3-AS1,TGFb,0,Sheet1,H274
ERICH3-AS1,TNFa,0,Sheet1,I274
ERICH3-AS1,Trail,1.2441759656070432,Sheet1,J274
ERICH3-AS1,VEGF,0,Sheet1,K274
ERICH3-AS1,p53,0,Sheet1,L274
ERO1A,EGFR,0,Sheet1,B275
ERO1A,Hypoxia,9.6981981878001164,Sheet1,C275
ERO1A,JAK.STAT,0,Sheet1,D275
ERO1A,MAPK,0,Sheet1,E275
ERO1A,NFkB,0,Sheet1,F275
ERO1A,PI3K,0,Sheet1,G275
ERO1A,TGFb,0,Sheet1,H275
ERO1A,TNFa,0,Sheet1,I275
ERO1A,Trail,0,Sheet1,J275
ERO1A,VEGF,0,Sheet1,K275
ERO1A,p53,0,Sheet1,L275
ETFDH,EGFR,-1.668458754983148,Sheet1,B276
ETFDH,Hypoxia,0,Sheet1,C276
ETFDH,JAK.STAT,0,Sheet1,D276
ETFDH,MAPK,0,Sheet1,E276
ETFDH,NFkB,0,Sheet1,F276
ETFDH,PI3K,0,Sheet1,G276
ETFDH,TGFb,0,Sheet1,H276
ETFDH,TNFa,0,Sheet1,I276
ETFDH,Trail,0,Sheet1,J276
ETFDH,VEGF,0,Sheet1,K276
ETFDH,p53,0,Sheet1,L276
ETS1,EGFR,0,Sheet1,B277
ETS1,Hypoxia,0,Sheet1,C277
ETS1,JAK.STAT,0,Sheet1,D277
ETS1,MAPK,0,Sheet1,E277
ETS1,NFkB,0,Sheet1,F277
ETS1,PI3K,0,Sheet1,G277
ETS1,TGFb,0,Sheet1,H277
ETS1,TNFa,4.5911709343546256,Sheet1,I277
ETS1,Trail,0,Sheet1,J277
ETS1,VEGF,0,Sheet1,K277
ETS1,p53,0,Sheet1,L277
ETV1,EGFR,0,Sheet1,B278
ETV1,Hypoxia,0,Sheet1,C278
ETV1,JAK.STAT,0,Sheet1,D278
ETV1,MAPK,3.5634647887567596,Sheet1,E278
ETV1,NFkB,0,Sheet1,F278
ETV1,PI3K,0,Sheet1,G278
ETV1,TGFb,0,Sheet1,H278
ETV1,TNFa,0,Sheet1,I278
ETV1,Trail,0,Sheet1,J278
ETV1,VEGF,0,Sheet1,K278
ETV1,p53,0,Sheet1,L278
ETV4,EGFR,0,Sheet1,B279
ETV4,Hypoxia,0,Sheet1,C279
ETV4,JAK.STAT,0,Sheet1,D279
ETV4,MAPK,5.2937839786054246,Sheet1,E279
ETV4,NFkB,0,Sheet1,F279
ETV4,PI3K,0,Sheet1,G279
ETV4,TGFb,0,Sheet1,H279
ETV4,TNFa,0,Sheet1,I279
ETV4,Trail,0,Sheet1,J279
ETV4,VEGF,0,Sheet1,K279
ETV4,p53,0,Sheet1,L279
ETV5,EGFR,0,Sheet1,B280
ETV5,Hypoxia,0,Sheet1,C280
ETV5,JAK.STAT,0,Sheet1,D280
ETV5,MAPK,5.9887096059442211,Sheet1,E280
ETV5,NFkB,0,Sheet1,F280
ETV5,PI3K,0,Sheet1,G280
ETV5,TGFb,0,Sheet1,H280
ETV5,TNFa,0,Sheet1,I280
ETV5,Trail,0,Sheet1,J280
ETV5,VEGF,0,Sheet1,K280
ETV5,p53,0,Sheet1,L280
ETV7,EGFR,0,Sheet1,B281
ETV7,Hypoxia,0,Sheet1,C281
ETV7,JAK.STAT,4.7795281618951142,Sheet1,D281
ETV7,MAPK,0,Sheet1,E281
ETV7,NFkB,0,Sheet1,F281
ETV7,PI3K,0,Sheet1,G281
ETV7,TGFb,0,Sheet1,H281
ETV7,TNFa,0,Sheet1,I281
ETV7,Trail,0,Sheet1,J281
ETV7,VEGF,0,Sheet1,K281
ETV7,p53,0,Sheet1,L281
EXD3,EGFR,0.77992451347094682,Sheet1,B282
EXD3,Hypoxia,0,Sheet1,C282
EXD3,JAK.STAT,0,Sheet1,D282
EXD3,MAPK,0,Sheet1,E282
EXD3,NFkB,0,Sheet1,F282
EXD3,PI3K,0,Sheet1,G282
EXD3,TGFb,0,Sheet1,H282
EXD3,TNFa,0,Sheet1,I282
EXD3,Trail,0,Sheet1,J282
EXD3,VEGF,0,Sheet1,K282
EXD3,p53,0,Sheet1,L282
FAM134C,EGFR,-2.1223177844002925,Sheet1,B283
FAM134C,Hypoxia,0,Sheet1,C283
FAM134C,JAK.STAT,0,Sheet1,D283
FAM134C,MAPK,0,Sheet1,E283
FAM134C,NFkB,0,Sheet1,F283
FAM134C,PI3K,0,Sheet1,G283
FAM134C,TGFb,0,Sheet1,H283
FAM134C,TNFa,0,Sheet1,I283
FAM134C,Trail,0,Sheet1,J283
FAM134C,VEGF,0,Sheet1,K283
FAM134C,p53,0,Sheet1,L283
FAM13A,EGFR,0,Sheet1,B284
FAM13A,Hypoxia,5.0941798204647561,Sheet1,C284
FAM13A,JAK.STAT,0,Sheet1,D284
FAM13A,MAPK,0,Sheet1,E284
FAM13A,NFkB,0,Sheet1,F284
FAM13A,PI3K,0,Sheet1,G284
FAM13A,TGFb,0,Sheet1,H284
FAM13A,TNFa,0,Sheet1,I284
FAM13A,Trail,0,Sheet1,J284
FAM13A,VEGF,0,Sheet1,K284
FAM13A,p53,0,Sheet1,L284
FAM13C,EGFR,0,Sheet1,B285
FAM13C,Hypoxia,0,Sheet1,C285
FAM13C,JAK.STAT,0,Sheet1,D285
FAM13C,MAPK,0,Sheet1,E285
FAM13C,NFkB,0,Sheet1,F285
FAM13C,PI3K,0,Sheet1,G285
FAM13C,TGFb,0,Sheet1,H285
FAM13C,TNFa,0,Sheet1,I285
FAM13C,Trail,0,Sheet1,J285
FAM13C,VEGF,0,Sheet1,K285
FAM13C,p53,4.3149745338603518,Sheet1,L285
FAM149B1,EGFR,0,Sheet1,B286
FAM149B1,Hypoxia,0,Sheet1,C286
FAM149B1,JAK.STAT,0,Sheet1,D286
FAM149B1,MAPK,-1.3423423225079836,Sheet1,E286
FAM149B1,NFkB,0,Sheet1,F286
FAM149B1,PI3K,0,Sheet1,G286
FAM149B1,TGFb,0,Sheet1,H286
FAM149B1,TNFa,0,Sheet1,I286
FAM149B1,Trail,0,Sheet1,J286
FAM149B1,VEGF,0,Sheet1,K286
FAM149B1,p53,0,Sheet1,L286
FAM162A,EGFR,0,Sheet1,B287
FAM162A,Hypoxia,8.3355515515155592,Sheet1,C287
FAM162A,JAK.STAT,0,Sheet1,D287
FAM162A,MAPK,0,Sheet1,E287
FAM162A,NFkB,0,Sheet1,F287
FAM162A,PI3K,0,Sheet1,G287
FAM162A,TGFb,0,Sheet1,H287
FAM162A,TNFa,0,Sheet1,I287
FAM162A,Trail,0,Sheet1,J287
FAM162A,VEGF,0,Sheet1,K287
FAM162A,p53,0,Sheet1,L287
FAS,EGFR,0,Sheet1,B288
FAS,Hypoxia,0,Sheet1,C288
FAS,JAK.STAT,0,Sheet1,D288
FAS,MAPK,0,Sheet1,E288
FAS,NFkB,0,Sheet1,F288
FAS,PI3K,0,Sheet1,G288
FAS,TGFb,0,Sheet1,H288
FAS,TNFa,0,Sheet1,I288
FAS,Trail,0,Sheet1,J288
FAS,VEGF,0,Sheet1,K288
FAS,p53,12.03060138237465,Sheet1,L288
FAXDC2,EGFR,0,Sheet1,B289
FAXDC2,Hypoxia,0,Sheet1,C289
FAXDC2,JAK.STAT,0,Sheet1,D289
FAXDC2,MAPK,0,Sheet1,E289
FAXDC2,NFkB,0,Sheet1,F289
FAXDC2,PI3K,-12.421273827481306,Sheet1,G289
FAXDC2,TGFb,0,Sheet1,H289
FAXDC2,TNFa,0,Sheet1,I289
FAXDC2,Trail,0,Sheet1,J289
FAXDC2,VEGF,0,Sheet1,K289
FAXDC2,p53,0,Sheet1,L289
FBLN5,EGFR,0,Sheet1,B290
FBLN5,Hypoxia,0,Sheet1,C290
FBLN5,JAK.STAT,0,Sheet1,D290
FBLN5,MAPK,0,Sheet1,E290
FBLN5,NFkB,0,Sheet1,F290
FBLN5,PI3K,0,Sheet1,G290
FBLN5,TGFb,4.9224852562283399,Sheet1,H290
FBLN5,TNFa,0,Sheet1,I290
FBLN5,Trail,0,Sheet1,J290
FBLN5,VEGF,0,Sheet1,K290
FBLN5,p53,0,Sheet1,L290
FBXO22,EGFR,0,Sheet1,B291
FBXO22,Hypoxia,0,Sheet1,C291
FBXO22,JAK.STAT,0,Sheet1,D291
FBXO22,MAPK,0,Sheet1,E291
FBXO22,NFkB,0,Sheet1,F291
FBXO22,PI3K,0,Sheet1,G291
FBXO22,TGFb,0,Sheet1,H291
FBXO22,TNFa,0,Sheet1,I291
FBXO22,Trail,0,Sheet1,J291
FBXO22,VEGF,0,Sheet1,K291
FBXO22,p53,3.6925260016270243,Sheet1,L291
FBXO25,EGFR,0,Sheet1,B292
FBXO25,Hypoxia,0,Sheet1,C292
FBXO25,JAK.STAT,0,Sheet1,D292
FBXO25,MAPK,0,Sheet1,E292
FBXO25,NFkB,0,Sheet1,F292
FBXO25,PI3K,-7.0330297344409178,Sheet1,G292
FBXO25,TGFb,0,Sheet1,H292
FBXO25,TNFa,0,Sheet1,I292
FBXO25,Trail,0,Sheet1,J292
FBXO25,VEGF,0,Sheet1,K292
FBXO25,p53,0,Sheet1,L292
FBXO42,EGFR,0,Sheet1,B293
FBXO42,Hypoxia,2.2572287329470258,Sheet1,C293
FBXO42,JAK.STAT,0,Sheet1,D293
FBXO42,MAPK,0,Sheet1,E293
FBXO42,NFkB,0,Sheet1,F293
FBXO42,PI3K,0,Sheet1,G293
FBXO42,TGFb,0,Sheet1,H293
FBXO42,TNFa,0,Sheet1,I293
FBXO42,Trail,0,Sheet1,J293
FBXO42,VEGF,0,Sheet1,K293
FBXO42,p53,0,Sheet1,L293
FBXW7,EGFR,0,Sheet1,B294
FBXW7,Hypoxia,0,Sheet1,C294
FBXW7,JAK.STAT,0,Sheet1,D294
FBXW7,MAPK,0,Sheet1,E294
FBXW7,NFkB,0,Sheet1,F294
FBXW7,PI3K,0,Sheet1,G294
FBXW7,TGFb,0,Sheet1,H294
FBXW7,TNFa,0,Sheet1,I294
FBXW7,Trail,0,Sheet1,J294
FBXW7,VEGF,0,Sheet1,K294
FBXW7,p53,4.2832855823313212,Sheet1,L294
FCGRT,EGFR,0,Sheet1,B295
FCGRT,Hypoxia,0,Sheet1,C295
FCGRT,JAK.STAT,0,Sheet1,D295
FCGRT,MAPK,0,Sheet1,E295
FCGRT,NFkB,0,Sheet1,F295
FCGRT,PI3K,-6.1702434058396767,Sheet1,G295
FCGRT,TGFb,0,Sheet1,H295
FCGRT,TNFa,0,Sheet1,I295
FCGRT,Trail,0,Sheet1,J295
FCGRT,VEGF,0,Sheet1,K295
FCGRT,p53,0,Sheet1,L295
FCMR,EGFR,0,Sheet1,B296
FCMR,Hypoxia,0,Sheet1,C296
FCMR,JAK.STAT,0,Sheet1,D296
FCMR,MAPK,0,Sheet1,E296
FCMR,NFkB,0,Sheet1,F296
FCMR,PI3K,-4.9268801140836676,Sheet1,G296
FCMR,TGFb,0,Sheet1,H296
FCMR,TNFa,0,Sheet1,I296
FCMR,Trail,0,Sheet1,J296
FCMR,VEGF,0,Sheet1,K296
FCMR,p53,0,Sheet1,L296
FDXR,EGFR,0,Sheet1,B297
FDXR,Hypoxia,0,Sheet1,C297
FDXR,JAK.STAT,0,Sheet1,D297
FDXR,MAPK,0,Sheet1,E297
FDXR,NFkB,0,Sheet1,F297
FDXR,PI3K,0,Sheet1,G297
FDXR,TGFb,0,Sheet1,H297
FDXR,TNFa,0,Sheet1,I297
FDXR,Trail,0,Sheet1,J297
FDXR,VEGF,0,Sheet1,K297
FDXR,p53,11.994495921690353,Sheet1,L297
FERMT1,EGFR,0,Sheet1,B298
FERMT1,Hypoxia,0,Sheet1,C298
FERMT1,JAK.STAT,0,Sheet1,D298
FERMT1,MAPK,2.3337046554602789,Sheet1,E298
FERMT1,NFkB,0,Sheet1,F298
FERMT1,PI3K,0,Sheet1,G298
FERMT1,TGFb,0,Sheet1,H298
FERMT1,TNFa,0,Sheet1,I298
FERMT1,Trail,0,Sheet1,J298
FERMT1,VEGF,0,Sheet1,K298
FERMT1,p53,0,Sheet1,L298
FHIT,EGFR,0,Sheet1,B299
FHIT,Hypoxia,0,Sheet1,C299
FHIT,JAK.STAT,0,Sheet1,D299
FHIT,MAPK,0,Sheet1,E299
FHIT,NFkB,0,Sheet1,F299
FHIT,PI3K,-4.6151669466894418,Sheet1,G299
FHIT,TGFb,0,Sheet1,H299
FHIT,TNFa,0,Sheet1,I299
FHIT,Trail,0,Sheet1,J299
FHIT,VEGF,0,Sheet1,K299
FHIT,p53,0,Sheet1,L299
FLAD1,EGFR,0,Sheet1,B300
FLAD1,Hypoxia,-3.2942166219182485,Sheet1,C300
FLAD1,JAK.STAT,0,Sheet1,D300
FLAD1,MAPK,0,Sheet1,E300
FLAD1,NFkB,0,Sheet1,F300
FLAD1,PI3K,0,Sheet1,G300
FLAD1,TGFb,0,Sheet1,H300
FLAD1,TNFa,0,Sheet1,I300
FLAD1,Trail,0,Sheet1,J300
FLAD1,VEGF,0,Sheet1,K300
FLAD1,p53,0,Sheet1,L300
FLCN,EGFR,0,Sheet1,B301
FLCN,Hypoxia,0,Sheet1,C301
FLCN,JAK.STAT,0,Sheet1,D301
FLCN,MAPK,0,Sheet1,E301
FLCN,NFkB,0,Sheet1,F301
FLCN,PI3K,0,Sheet1,G301
FLCN,TGFb,0,Sheet1,H301
FLCN,TNFa,0,Sheet1,I301
FLCN,Trail,1.5934394482371779,Sheet1,J301
FLCN,VEGF,0,Sheet1,K301
FLCN,p53,0,Sheet1,L301
FMO5,EGFR,0,Sheet1,B302
FMO5,Hypoxia,0,Sheet1,C302
FMO5,JAK.STAT,0,Sheet1,D302
FMO5,MAPK,-1.4972416565697739,Sheet1,E302
FMO5,NFkB,0,Sheet1,F302
FMO5,PI3K,0,Sheet1,G302
FMO5,TGFb,0,Sheet1,H302
FMO5,TNFa,0,Sheet1,I302
FMO5,Trail,0,Sheet1,J302
FMO5,VEGF,0,Sheet1,K302
FMO5,p53,0,Sheet1,L302
FOSL1,EGFR,7.6478297953384162,Sheet1,B303
FOSL1,Hypoxia,0,Sheet1,C303
FOSL1,JAK.STAT,0,Sheet1,D303
FOSL1,MAPK,9.0005223086329469,Sheet1,E303
FOSL1,NFkB,0,Sheet1,F303
FOSL1,PI3K,0,Sheet1,G303
FOSL1,TGFb,0,Sheet1,H303
FOSL1,TNFa,0,Sheet1,I303
FOSL1,Trail,0,Sheet1,J303
FOSL1,VEGF,0,Sheet1,K303
FOSL1,p53,0,Sheet1,L303
FOXN3,EGFR,-1.6795430125990121,Sheet1,B304
FOXN3,Hypoxia,0,Sheet1,C304
FOXN3,JAK.STAT,0,Sheet1,D304
FOXN3,MAPK,0,Sheet1,E304
FOXN3,NFkB,0,Sheet1,F304
FOXN3,PI3K,0,Sheet1,G304
FOXN3,TGFb,0,Sheet1,H304
FOXN3,TNFa,0,Sheet1,I304
FOXN3,Trail,0,Sheet1,J304
FOXN3,VEGF,0,Sheet1,K304
FOXN3,p53,0,Sheet1,L304
FRMPD1,EGFR,0,Sheet1,B305
FRMPD1,Hypoxia,0,Sheet1,C305
FRMPD1,JAK.STAT,0,Sheet1,D305
FRMPD1,MAPK,0,Sheet1,E305
FRMPD1,NFkB,0,Sheet1,F305
FRMPD1,PI3K,0,Sheet1,G305
FRMPD1,TGFb,0,Sheet1,H305
FRMPD1,TNFa,0,Sheet1,I305
FRMPD1,Trail,-2.2346142429872535,Sheet1,J305
FRMPD1,VEGF,0,Sheet1,K305
FRMPD1,p53,0,Sheet1,L305
FSTL3,EGFR,0,Sheet1,B306
FSTL3,Hypoxia,0,Sheet1,C306
FSTL3,JAK.STAT,0,Sheet1,D306
FSTL3,MAPK,0,Sheet1,E306
FSTL3,NFkB,0,Sheet1,F306
FSTL3,PI3K,0,Sheet1,G306
FSTL3,TGFb,6.807359103417256,Sheet1,H306
FSTL3,TNFa,0,Sheet1,I306
FSTL3,Trail,0,Sheet1,J306
FSTL3,VEGF,0,Sheet1,K306
FSTL3,p53,0,Sheet1,L306
FUT11,EGFR,0,Sheet1,B307
FUT11,Hypoxia,11.170582164162454,Sheet1,C307
FUT11,JAK.STAT,0,Sheet1,D307
FUT11,MAPK,0,Sheet1,E307
FUT11,NFkB,0,Sheet1,F307
FUT11,PI3K,0,Sheet1,G307
FUT11,TGFb,0,Sheet1,H307
FUT11,TNFa,0,Sheet1,I307
FUT11,Trail,0,Sheet1,J307
FUT11,VEGF,0,Sheet1,K307
FUT11,p53,0,Sheet1,L307
GAA,EGFR,0,Sheet1,B308
GAA,Hypoxia,0,Sheet1,C308
GAA,JAK.STAT,0,Sheet1,D308
GAA,MAPK,0,Sheet1,E308
GAA,NFkB,0,Sheet1,F308
GAA,PI3K,-5.3677841044226353,Sheet1,G308
GAA,TGFb,0,Sheet1,H308
GAA,TNFa,0,Sheet1,I308
GAA,Trail,0,Sheet1,J308
GAA,VEGF,0,Sheet1,K308
GAA,p53,0,Sheet1,L308
GABARAP,EGFR,0,Sheet1,B309
GABARAP,Hypoxia,0,Sheet1,C309
GABARAP,JAK.STAT,0,Sheet1,D309
GABARAP,MAPK,-2.9616637855482773,Sheet1,E309
GABARAP,NFkB,0,Sheet1,F309
GABARAP,PI3K,0,Sheet1,G309
GABARAP,TGFb,0,Sheet1,H309
GABARAP,TNFa,0,Sheet1,I309
GABARAP,Trail,0,Sheet1,J309
GABARAP,VEGF,0,Sheet1,K309
GABARAP,p53,0,Sheet1,L309
GALNT10,EGFR,0,Sheet1,B310
GALNT10,Hypoxia,0,Sheet1,C310
GALNT10,JAK.STAT,0,Sheet1,D310
GALNT10,MAPK,0,Sheet1,E310
GALNT10,NFkB,0,Sheet1,F310
GALNT10,PI3K,0,Sheet1,G310
GALNT10,TGFb,3.0470770726767569,Sheet1,H310
GALNT10,TNFa,0,Sheet1,I310
GALNT10,Trail,0,Sheet1,J310
GALNT10,VEGF,0,Sheet1,K310
GALNT10,p53,0,Sheet1,L310
GAPDH,EGFR,0,Sheet1,B311
GAPDH,Hypoxia,5.046552543867155,Sheet1,C311
GAPDH,JAK.STAT,0,Sheet1,D311
GAPDH,MAPK,0,Sheet1,E311
GAPDH,NFkB,0,Sheet1,F311
GAPDH,PI3K,0,Sheet1,G311
GAPDH,TGFb,0,Sheet1,H311
GAPDH,TNFa,0,Sheet1,I311
GAPDH,Trail,0,Sheet1,J311
GAPDH,VEGF,0,Sheet1,K311
GAPDH,p53,0,Sheet1,L311
GATAD2A,EGFR,0,Sheet1,B312
GATAD2A,Hypoxia,0,Sheet1,C312
GATAD2A,JAK.STAT,0,Sheet1,D312
GATAD2A,MAPK,1.3592381882946021,Sheet1,E312
GATAD2A,NFkB,0,Sheet1,F312
GATAD2A,PI3K,0,Sheet1,G312
GATAD2A,TGFb,0,Sheet1,H312
GATAD2A,TNFa,0,Sheet1,I312
GATAD2A,Trail,0,Sheet1,J312
GATAD2A,VEGF,0,Sheet1,K312
GATAD2A,p53,0,Sheet1,L312
GBE1,EGFR,0,Sheet1,B313
GBE1,Hypoxia,9.711499344287045,Sheet1,C313
GBE1,JAK.STAT,0,Sheet1,D313
GBE1,MAPK,0,Sheet1,E313
GBE1,NFkB,0,Sheet1,F313
GBE1,PI3K,0,Sheet1,G313
GBE1,TGFb,0,Sheet1,H313
GBE1,TNFa,0,Sheet1,I313
GBE1,Trail,0,Sheet1,J313
GBE1,VEGF,0,Sheet1,K313
GBE1,p53,0,Sheet1,L313
GBP1,EGFR,0,Sheet1,B314
GBP1,Hypoxia,0,Sheet1,C314
GBP1,JAK.STAT,10.3986860770214,Sheet1,D314
GBP1,MAPK,0,Sheet1,E314
GBP1,NFkB,0,Sheet1,F314
GBP1,PI3K,0,Sheet1,G314
GBP1,TGFb,0,Sheet1,H314
GBP1,TNFa,0,Sheet1,I314
GBP1,Trail,0,Sheet1,J314
GBP1,VEGF,0,Sheet1,K314
GBP1,p53,0,Sheet1,L314
GBP4,EGFR,0,Sheet1,B315
GBP4,Hypoxia,0,Sheet1,C315
GBP4,JAK.STAT,8.0846576698246047,Sheet1,D315
GBP4,MAPK,0,Sheet1,E315
GBP4,NFkB,0,Sheet1,F315
GBP4,PI3K,0,Sheet1,G315
GBP4,TGFb,0,Sheet1,H315
GBP4,TNFa,0,Sheet1,I315
GBP4,Trail,0,Sheet1,J315
GBP4,VEGF,0,Sheet1,K315
GBP4,p53,0,Sheet1,L315
GCH1,EGFR,0,Sheet1,B316
GCH1,Hypoxia,0,Sheet1,C316
GCH1,JAK.STAT,0,Sheet1,D316
GCH1,MAPK,0,Sheet1,E316
GCH1,NFkB,14.02604366447971,Sheet1,F316
GCH1,PI3K,0,Sheet1,G316
GCH1,TGFb,0,Sheet1,H316
GCH1,TNFa,0,Sheet1,I316
GCH1,Trail,0,Sheet1,J316
GCH1,VEGF,0,Sheet1,K316
GCH1,p53,0,Sheet1,L316
GDF15,EGFR,0,Sheet1,B317
GDF15,Hypoxia,0,Sheet1,C317
GDF15,JAK.STAT,0,Sheet1,D317
GDF15,MAPK,0,Sheet1,E317
GDF15,NFkB,0,Sheet1,F317
GDF15,PI3K,0,Sheet1,G317
GDF15,TGFb,0,Sheet1,H317
GDF15,TNFa,0,Sheet1,I317
GDF15,Trail,0,Sheet1,J317
GDF15,VEGF,0,Sheet1,K317
GDF15,p53,9.7739816838401889,Sheet1,L317
GDF5,EGFR,0,Sheet1,B318
GDF5,Hypoxia,0,Sheet1,C318
GDF5,JAK.STAT,0,Sheet1,D318
GDF5,MAPK,0,Sheet1,E318
GDF5,NFkB,0,Sheet1,F318
GDF5,PI3K,0,Sheet1,G318
GDF5,TGFb,-1.939559485845836,Sheet1,H318
GDF5,TNFa,0,Sheet1,I318
GDF5,Trail,0,Sheet1,J318
GDF5,VEGF,0,Sheet1,K318
GDF5,p53,0,Sheet1,L318
GEMIN8,EGFR,0,Sheet1,B319
GEMIN8,Hypoxia,0,Sheet1,C319
GEMIN8,JAK.STAT,0,Sheet1,D319
GEMIN8,MAPK,0,Sheet1,E319
GEMIN8,NFkB,0,Sheet1,F319
GEMIN8,PI3K,-4.1331773597269486,Sheet1,G319
GEMIN8,TGFb,0,Sheet1,H319
GEMIN8,TNFa,0,Sheet1,I319
GEMIN8,Trail,0,Sheet1,J319
GEMIN8,VEGF,0,Sheet1,K319
GEMIN8,p53,0,Sheet1,L319
GLI4,EGFR,0,Sheet1,B320
GLI4,Hypoxia,0,Sheet1,C320
GLI4,JAK.STAT,0,Sheet1,D320
GLI4,MAPK,0,Sheet1,E320
GLI4,NFkB,0,Sheet1,F320
GLI4,PI3K,-3.0980704897335043,Sheet1,G320
GLI4,TGFb,0,Sheet1,H320
GLI4,TNFa,0,Sheet1,I320
GLI4,Trail,0,Sheet1,J320
GLI4,VEGF,0,Sheet1,K320
GLI4,p53,0,Sheet1,L320
GLIPR1L1,EGFR,0,Sheet1,B321
GLIPR1L1,Hypoxia,0,Sheet1,C321
GLIPR1L1,JAK.STAT,0,Sheet1,D321
GLIPR1L1,MAPK,0,Sheet1,E321
GLIPR1L1,NFkB,0,Sheet1,F321
GLIPR1L1,PI3K,0,Sheet1,G321
GLIPR1L1,TGFb,0,Sheet1,H321
GLIPR1L1,TNFa,0,Sheet1,I321
GLIPR1L1,Trail,1.1622241729387786,Sheet1,J321
GLIPR1L1,VEGF,0,Sheet1,K321
GLIPR1L1,p53,0,Sheet1,L321
GLS2,EGFR,0,Sheet1,B322
GLS2,Hypoxia,0,Sheet1,C322
GLS2,JAK.STAT,0,Sheet1,D322
GLS2,MAPK,0,Sheet1,E322
GLS2,NFkB,0,Sheet1,F322
GLS2,PI3K,0,Sheet1,G322
GLS2,TGFb,0,Sheet1,H322
GLS2,TNFa,0,Sheet1,I322
GLS2,Trail,0,Sheet1,J322
GLS2,VEGF,0,Sheet1,K322
GLS2,p53,6.4524648846762949,Sheet1,L322
GNL3L,EGFR,0,Sheet1,B323
GNL3L,Hypoxia,0,Sheet1,C323
GNL3L,JAK.STAT,0,Sheet1,D323
GNL3L,MAPK,0,Sheet1,E323
GNL3L,NFkB,0,Sheet1,F323
GNL3L,PI3K,0,Sheet1,G323
GNL3L,TGFb,0,Sheet1,H323
GNL3L,TNFa,0,Sheet1,I323
GNL3L,Trail,-2.0591397338335491,Sheet1,J323
GNL3L,VEGF,0,Sheet1,K323
GNL3L,p53,0,Sheet1,L323
GNPTG,EGFR,0,Sheet1,B324
GNPTG,Hypoxia,0,Sheet1,C324
GNPTG,JAK.STAT,0,Sheet1,D324
GNPTG,MAPK,0,Sheet1,E324
GNPTG,NFkB,0,Sheet1,F324
GNPTG,PI3K,-6.9666095744812617,Sheet1,G324
GNPTG,TGFb,0,Sheet1,H324
GNPTG,TNFa,0,Sheet1,I324
GNPTG,Trail,0,Sheet1,J324
GNPTG,VEGF,0,Sheet1,K324
GNPTG,p53,0,Sheet1,L324
GOLPH3L,EGFR,-2.7415248706060975,Sheet1,B325
GOLPH3L,Hypoxia,0,Sheet1,C325
GOLPH3L,JAK.STAT,0,Sheet1,D325
GOLPH3L,MAPK,0,Sheet1,E325
GOLPH3L,NFkB,0,Sheet1,F325
GOLPH3L,PI3K,0,Sheet1,G325
GOLPH3L,TGFb,0,Sheet1,H325
GOLPH3L,TNFa,0,Sheet1,I325
GOLPH3L,Trail,0,Sheet1,J325
GOLPH3L,VEGF,0,Sheet1,K325
GOLPH3L,p53,0,Sheet1,L325
GOPC,EGFR,0,Sheet1,B326
GOPC,Hypoxia,0,Sheet1,C326
GOPC,JAK.STAT,0,Sheet1,D326
GOPC,MAPK,0,Sheet1,E326
GOPC,NFkB,0,Sheet1,F326
GOPC,PI3K,0,Sheet1,G326
GOPC,TGFb,2.8545176084128645,Sheet1,H326
GOPC,TNFa,0,Sheet1,I326
GOPC,Trail,0,Sheet1,J326
GOPC,VEGF,0,Sheet1,K326
GOPC,p53,0,Sheet1,L326
GP5,EGFR,0,Sheet1,B327
GP5,Hypoxia,0,Sheet1,C327
GP5,JAK.STAT,0,Sheet1,D327
GP5,MAPK,0,Sheet1,E327
GP5,NFkB,0,Sheet1,F327
GP5,PI3K,0,Sheet1,G327
GP5,TGFb,0,Sheet1,H327
GP5,TNFa,0,Sheet1,I327
GP5,Trail,0,Sheet1,J327
GP5,VEGF,-1.5919264340509562,Sheet1,K327
GP5,p53,0,Sheet1,L327
GPI,EGFR,0,Sheet1,B328
GPI,Hypoxia,8.5495802201863818,Sheet1,C328
GPI,JAK.STAT,0,Sheet1,D328
GPI,MAPK,0,Sheet1,E328
GPI,NFkB,0,Sheet1,F328
GPI,PI3K,0,Sheet1,G328
GPI,TGFb,0,Sheet1,H328
GPI,TNFa,0,Sheet1,I328
GPI,Trail,0,Sheet1,J328
GPI,VEGF,0,Sheet1,K328
GPI,p53,0,Sheet1,L328
GPR176,EGFR,0,Sheet1,B329
GPR176,Hypoxia,0,Sheet1,C329
GPR176,JAK.STAT,0,Sheet1,D329
GPR176,MAPK,0,Sheet1,E329
GPR176,NFkB,0,Sheet1,F329
GPR176,PI3K,0,Sheet1,G329
GPR176,TGFb,0,Sheet1,H329
GPR176,TNFa,3.0121862726163635,Sheet1,I329
GPR176,Trail,0,Sheet1,J329
GPR176,VEGF,0,Sheet1,K329
GPR176,p53,0,Sheet1,L329
GPR18,EGFR,0,Sheet1,B330
GPR18,Hypoxia,0,Sheet1,C330
GPR18,JAK.STAT,0,Sheet1,D330
GPR18,MAPK,0,Sheet1,E330
GPR18,NFkB,0,Sheet1,F330
GPR18,PI3K,0,Sheet1,G330
GPR18,TGFb,0,Sheet1,H330
GPR18,TNFa,0,Sheet1,I330
GPR18,Trail,3.2408048258403106,Sheet1,J330
GPR18,VEGF,0,Sheet1,K330
GPR18,p53,0,Sheet1,L330
GPR3,EGFR,0,Sheet1,B331
GPR3,Hypoxia,0,Sheet1,C331
GPR3,JAK.STAT,0,Sheet1,D331
GPR3,MAPK,1.630829259668156,Sheet1,E331
GPR3,NFkB,0,Sheet1,F331
GPR3,PI3K,0,Sheet1,G331
GPR3,TGFb,0,Sheet1,H331
GPR3,TNFa,0,Sheet1,I331
GPR3,Trail,0,Sheet1,J331
GPR3,VEGF,0,Sheet1,K331
GPR3,p53,0,Sheet1,L331
GPR75,EGFR,1.0370395152926324,Sheet1,B332
GPR75,Hypoxia,0,Sheet1,C332
GPR75,JAK.STAT,0,Sheet1,D332
GPR75,MAPK,0,Sheet1,E332
GPR75,NFkB,0,Sheet1,F332
GPR75,PI3K,0,Sheet1,G332
GPR75,TGFb,0,Sheet1,H332
GPR75,TNFa,0,Sheet1,I332
GPR75,Trail,0,Sheet1,J332
GPR75,VEGF,0,Sheet1,K332
GPR75,p53,0,Sheet1,L332
GPR87,EGFR,0,Sheet1,B333
GPR87,Hypoxia,0,Sheet1,C333
GPR87,JAK.STAT,0,Sheet1,D333
GPR87,MAPK,0,Sheet1,E333
GPR87,NFkB,0,Sheet1,F333
GPR87,PI3K,0,Sheet1,G333
GPR87,TGFb,0,Sheet1,H333
GPR87,TNFa,0,Sheet1,I333
GPR87,Trail,0,Sheet1,J333
GPR87,VEGF,0,Sheet1,K333
GPR87,p53,10.836121759977534,Sheet1,L333
GRAMD1C,EGFR,-2.7970919926897237,Sheet1,B334
GRAMD1C,Hypoxia,0,Sheet1,C334
GRAMD1C,JAK.STAT,0,Sheet1,D334
GRAMD1C,MAPK,0,Sheet1,E334
GRAMD1C,NFkB,0,Sheet1,F334
GRAMD1C,PI3K,0,Sheet1,G334
GRAMD1C,TGFb,0,Sheet1,H334
GRAMD1C,TNFa,0,Sheet1,I334
GRAMD1C,Trail,0,Sheet1,J334
GRAMD1C,VEGF,0,Sheet1,K334
GRAMD1C,p53,0,Sheet1,L334
GRHL3,EGFR,0,Sheet1,B335
GRHL3,Hypoxia,0,Sheet1,C335
GRHL3,JAK.STAT,0,Sheet1,D335
GRHL3,MAPK,0,Sheet1,E335
GRHL3,NFkB,0,Sheet1,F335
GRHL3,PI3K,0,Sheet1,G335
GRHL3,TGFb,0,Sheet1,H335
GRHL3,TNFa,0,Sheet1,I335
GRHL3,Trail,0,Sheet1,J335
GRHL3,VEGF,0,Sheet1,K335
GRHL3,p53,8.21231017387999,Sheet1,L335
GRIA3,EGFR,0,Sheet1,B336
GRIA3,Hypoxia,0,Sheet1,C336
GRIA3,JAK.STAT,0,Sheet1,D336
GRIA3,MAPK,0,Sheet1,E336
GRIA3,NFkB,0,Sheet1,F336
GRIA3,PI3K,0,Sheet1,G336
GRIA3,TGFb,1.0868126315283173,Sheet1,H336
GRIA3,TNFa,0,Sheet1,I336
GRIA3,Trail,0,Sheet1,J336
GRIA3,VEGF,0,Sheet1,K336
GRIA3,p53,0,Sheet1,L336
GRID1-AS1,EGFR,0,Sheet1,B337
GRID1-AS1,Hypoxia,0,Sheet1,C337
GRID1-AS1,JAK.STAT,0,Sheet1,D337
GRID1-AS1,MAPK,0,Sheet1,E337
GRID1-AS1,NFkB,0,Sheet1,F337
GRID1-AS1,PI3K,0,Sheet1,G337
GRID1-AS1,TGFb,0,Sheet1,H337
GRID1-AS1,TNFa,0,Sheet1,I337
GRID1-AS1,Trail,1.6301762501321049,Sheet1,J337
GRID1-AS1,VEGF,0,Sheet1,K337
GRID1-AS1,p53,0,Sheet1,L337
GRIN2C,EGFR,0,Sheet1,B338
GRIN2C,Hypoxia,0,Sheet1,C338
GRIN2C,JAK.STAT,0,Sheet1,D338
GRIN2C,MAPK,0,Sheet1,E338
GRIN2C,NFkB,0,Sheet1,F338
GRIN2C,PI3K,0,Sheet1,G338
GRIN2C,TGFb,0,Sheet1,H338
GRIN2C,TNFa,0,Sheet1,I338
GRIN2C,Trail,0,Sheet1,J338
GRIN2C,VEGF,0,Sheet1,K338
GRIN2C,p53,1.839359805817828,Sheet1,L338
GRIP2,EGFR,0,Sheet1,B339
GRIP2,Hypoxia,0,Sheet1,C339
GRIP2,JAK.STAT,0,Sheet1,D339
GRIP2,MAPK,0,Sheet1,E339
GRIP2,NFkB,0,Sheet1,F339
GRIP2,PI3K,0,Sheet1,G339
GRIP2,TGFb,0,Sheet1,H339
GRIP2,TNFa,0,Sheet1,I339
GRIP2,Trail,0,Sheet1,J339
GRIP2,VEGF,0,Sheet1,K339
GRIP2,p53,2.527611464512725,Sheet1,L339
GRPEL1,EGFR,0,Sheet1,B340
GRPEL1,Hypoxia,0,Sheet1,C340
GRPEL1,JAK.STAT,0,Sheet1,D340
GRPEL1,MAPK,2.6694687526648719,Sheet1,E340
GRPEL1,NFkB,0,Sheet1,F340
GRPEL1,PI3K,0,Sheet1,G340
GRPEL1,TGFb,0,Sheet1,H340
GRPEL1,TNFa,0,Sheet1,I340
GRPEL1,Trail,0,Sheet1,J340
GRPEL1,VEGF,0,Sheet1,K340
GRPEL1,p53,0,Sheet1,L340
GSAP,EGFR,0,Sheet1,B341
GSAP,Hypoxia,0,Sheet1,C341
GSAP,JAK.STAT,0,Sheet1,D341
GSAP,MAPK,0,Sheet1,E341
GSAP,NFkB,0,Sheet1,F341
GSAP,PI3K,0,Sheet1,G341
GSAP,TGFb,0,Sheet1,H341
GSAP,TNFa,4.8681624136785908,Sheet1,I341
GSAP,Trail,0,Sheet1,J341
GSAP,VEGF,0,Sheet1,K341
GSAP,p53,0,Sheet1,L341
GVQW2,EGFR,0,Sheet1,B342
GVQW2,Hypoxia,0,Sheet1,C342
GVQW2,JAK.STAT,0,Sheet1,D342
GVQW2,MAPK,0,Sheet1,E342
GVQW2,NFkB,0,Sheet1,F342
GVQW2,PI3K,0,Sheet1,G342
GVQW2,TGFb,0,Sheet1,H342
GVQW2,TNFa,0,Sheet1,I342
GVQW2,Trail,-1.6325330408537919,Sheet1,J342
GVQW2,VEGF,0,Sheet1,K342
GVQW2,p53,0,Sheet1,L342
GYS1,EGFR,0,Sheet1,B343
GYS1,Hypoxia,4.922863343877431,Sheet1,C343
GYS1,JAK.STAT,0,Sheet1,D343
GYS1,MAPK,0,Sheet1,E343
GYS1,NFkB,0,Sheet1,F343
GYS1,PI3K,0,Sheet1,G343
GYS1,TGFb,0,Sheet1,H343
GYS1,TNFa,0,Sheet1,I343
GYS1,Trail,0,Sheet1,J343
GYS1,VEGF,0,Sheet1,K343
GYS1,p53,0,Sheet1,L343
HACD4,EGFR,0,Sheet1,B344
HACD4,Hypoxia,0,Sheet1,C344
HACD4,JAK.STAT,0,Sheet1,D344
HACD4,MAPK,0,Sheet1,E344
HACD4,NFkB,0,Sheet1,F344
HACD4,PI3K,0,Sheet1,G344
HACD4,TGFb,0,Sheet1,H344
HACD4,TNFa,0,Sheet1,I344
HACD4,Trail,0,Sheet1,J344
HACD4,VEGF,-3.7623139197795421,Sheet1,K344
HACD4,p53,0,Sheet1,L344
HAR1A,EGFR,0,Sheet1,B345
HAR1A,Hypoxia,0,Sheet1,C345
HAR1A,JAK.STAT,0,Sheet1,D345
HAR1A,MAPK,0,Sheet1,E345
HAR1A,NFkB,0,Sheet1,F345
HAR1A,PI3K,0,Sheet1,G345
HAR1A,TGFb,0,Sheet1,H345
HAR1A,TNFa,0,Sheet1,I345
HAR1A,Trail,1.5633471710250062,Sheet1,J345
HAR1A,VEGF,0,Sheet1,K345
HAR1A,p53,0,Sheet1,L345
HAS3,EGFR,2.9237377651194891,Sheet1,B346
HAS3,Hypoxia,0,Sheet1,C346
HAS3,JAK.STAT,0,Sheet1,D346
HAS3,MAPK,0,Sheet1,E346
HAS3,NFkB,0,Sheet1,F346
HAS3,PI3K,0,Sheet1,G346
HAS3,TGFb,0,Sheet1,H346
HAS3,TNFa,0,Sheet1,I346
HAS3,Trail,0,Sheet1,J346
HAS3,VEGF,0,Sheet1,K346
HAS3,p53,0,Sheet1,L346
HELZ2,EGFR,0,Sheet1,B347
HELZ2,Hypoxia,0,Sheet1,C347
HELZ2,JAK.STAT,4.7621518844019377,Sheet1,D347
HELZ2,MAPK,0,Sheet1,E347
HELZ2,NFkB,0,Sheet1,F347
HELZ2,PI3K,0,Sheet1,G347
HELZ2,TGFb,0,Sheet1,H347
HELZ2,TNFa,0,Sheet1,I347
HELZ2,Trail,0,Sheet1,J347
HELZ2,VEGF,0,Sheet1,K347
HELZ2,p53,0,Sheet1,L347
HERC5,EGFR,0,Sheet1,B348
HERC5,Hypoxia,0,Sheet1,C348
HERC5,JAK.STAT,9.1196424068944886,Sheet1,D348
HERC5,MAPK,0,Sheet1,E348
HERC5,NFkB,0,Sheet1,F348
HERC5,PI3K,0,Sheet1,G348
HERC5,TGFb,0,Sheet1,H348
HERC5,TNFa,0,Sheet1,I348
HERC5,Trail,0,Sheet1,J348
HERC5,VEGF,0,Sheet1,K348
HERC5,p53,0,Sheet1,L348
HERC6,EGFR,0,Sheet1,B349
HERC6,Hypoxia,0,Sheet1,C349
HERC6,JAK.STAT,8.7696758787049003,Sheet1,D349
HERC6,MAPK,0,Sheet1,E349
HERC6,NFkB,0,Sheet1,F349
HERC6,PI3K,0,Sheet1,G349
HERC6,TGFb,0,Sheet1,H349
HERC6,TNFa,0,Sheet1,I349
HERC6,Trail,0,Sheet1,J349
HERC6,VEGF,0,Sheet1,K349
HERC6,p53,0,Sheet1,L349
HILPDA,EGFR,0,Sheet1,B350
HILPDA,Hypoxia,16.707123547646272,Sheet1,C350
HILPDA,JAK.STAT,0,Sheet1,D350
HILPDA,MAPK,0,Sheet1,E350
HILPDA,NFkB,0,Sheet1,F350
HILPDA,PI3K,0,Sheet1,G350
HILPDA,TGFb,0,Sheet1,H350
HILPDA,TNFa,0,Sheet1,I350
HILPDA,Trail,0,Sheet1,J350
HILPDA,VEGF,0,Sheet1,K350
HILPDA,p53,0,Sheet1,L350
HIVEP1,EGFR,0,Sheet1,B351
HIVEP1,Hypoxia,0,Sheet1,C351
HIVEP1,JAK.STAT,0,Sheet1,D351
HIVEP1,MAPK,0,Sheet1,E351
HIVEP1,NFkB,3.9997148800250222,Sheet1,F351
HIVEP1,PI3K,0,Sheet1,G351
HIVEP1,TGFb,0,Sheet1,H351
HIVEP1,TNFa,0,Sheet1,I351
HIVEP1,Trail,0,Sheet1,J351
HIVEP1,VEGF,0,Sheet1,K351
HIVEP1,p53,0,Sheet1,L351
HIVEP2,EGFR,0,Sheet1,B352
HIVEP2,Hypoxia,0,Sheet1,C352
HIVEP2,JAK.STAT,0,Sheet1,D352
HIVEP2,MAPK,0,Sheet1,E352
HIVEP2,NFkB,3.9514266441061672,Sheet1,F352
HIVEP2,PI3K,0,Sheet1,G352
HIVEP2,TGFb,0,Sheet1,H352
HIVEP2,TNFa,0,Sheet1,I352
HIVEP2,Trail,0,Sheet1,J352
HIVEP2,VEGF,0,Sheet1,K352
HIVEP2,p53,0,Sheet1,L352
HMGA1,EGFR,0,Sheet1,B353
HMGA1,Hypoxia,0,Sheet1,C353
HMGA1,JAK.STAT,0,Sheet1,D353
HMGA1,MAPK,2.8687056823089896,Sheet1,E353
HMGA1,NFkB,0,Sheet1,F353
HMGA1,PI3K,0,Sheet1,G353
HMGA1,TGFb,0,Sheet1,H353
HMGA1,TNFa,0,Sheet1,I353
HMGA1,Trail,0,Sheet1,J353
HMGA1,VEGF,0,Sheet1,K353
HMGA1,p53,0,Sheet1,L353
HMGA2,EGFR,0,Sheet1,B354
HMGA2,Hypoxia,0,Sheet1,C354
HMGA2,JAK.STAT,0,Sheet1,D354
HMGA2,MAPK,3.7279710730494138,Sheet1,E354
HMGA2,NFkB,0,Sheet1,F354
HMGA2,PI3K,0,Sheet1,G354
HMGA2,TGFb,0,Sheet1,H354
HMGA2,TNFa,0,Sheet1,I354
HMGA2,Trail,0,Sheet1,J354
HMGA2,VEGF,0,Sheet1,K354
HMGA2,p53,0,Sheet1,L354
HMHB1,EGFR,0,Sheet1,B355
HMHB1,Hypoxia,0,Sheet1,C355
HMHB1,JAK.STAT,0,Sheet1,D355
HMHB1,MAPK,0,Sheet1,E355
HMHB1,NFkB,0,Sheet1,F355
HMHB1,PI3K,0,Sheet1,G355
HMHB1,TGFb,0,Sheet1,H355
HMHB1,TNFa,0,Sheet1,I355
HMHB1,Trail,0,Sheet1,J355
HMHB1,VEGF,-1.7094532837981149,Sheet1,K355
HMHB1,p53,0,Sheet1,L355
HMOX2,EGFR,1.7196379725677713,Sheet1,B356
HMOX2,Hypoxia,0,Sheet1,C356
HMOX2,JAK.STAT,0,Sheet1,D356
HMOX2,MAPK,0,Sheet1,E356
HMOX2,NFkB,0,Sheet1,F356
HMOX2,PI3K,0,Sheet1,G356
HMOX2,TGFb,0,Sheet1,H356
HMOX2,TNFa,0,Sheet1,I356
HMOX2,Trail,0,Sheet1,J356
HMOX2,VEGF,0,Sheet1,K356
HMOX2,p53,0,Sheet1,L356
HSBP1L1,EGFR,0,Sheet1,B357
HSBP1L1,Hypoxia,0,Sheet1,C357
HSBP1L1,JAK.STAT,0,Sheet1,D357
HSBP1L1,MAPK,0,Sheet1,E357
HSBP1L1,NFkB,0,Sheet1,F357
HSBP1L1,PI3K,-6.8931569144424962,Sheet1,G357
HSBP1L1,TGFb,0,Sheet1,H357
HSBP1L1,TNFa,0,Sheet1,I357
HSBP1L1,Trail,0,Sheet1,J357
HSBP1L1,VEGF,0,Sheet1,K357
HSBP1L1,p53,0,Sheet1,L357
HSD17B6,EGFR,0,Sheet1,B358
HSD17B6,Hypoxia,0,Sheet1,C358
HSD17B6,JAK.STAT,0,Sheet1,D358
HSD17B6,MAPK,0,Sheet1,E358
HSD17B6,NFkB,0,Sheet1,F358
HSD17B6,PI3K,0,Sheet1,G358
HSD17B6,TGFb,4.7825272872772793,Sheet1,H358
HSD17B6,TNFa,0,Sheet1,I358
HSD17B6,Trail,0,Sheet1,J358
HSD17B6,VEGF,0,Sheet1,K358
HSD17B6,p53,0,Sheet1,L358
HSD17B8,EGFR,0,Sheet1,B359
HSD17B8,Hypoxia,0,Sheet1,C359
HSD17B8,JAK.STAT,0,Sheet1,D359
HSD17B8,MAPK,0,Sheet1,E359
HSD17B8,NFkB,0,Sheet1,F359
HSD17B8,PI3K,-8.6015706756491834,Sheet1,G359
HSD17B8,TGFb,0,Sheet1,H359
HSD17B8,TNFa,0,Sheet1,I359
HSD17B8,Trail,0,Sheet1,J359
HSD17B8,VEGF,0,Sheet1,K359
HSD17B8,p53,0,Sheet1,L359
HSD3BP4,EGFR,0,Sheet1,B360
HSD3BP4,Hypoxia,0,Sheet1,C360
HSD3BP4,JAK.STAT,0,Sheet1,D360
HSD3BP4,MAPK,0,Sheet1,E360
HSD3BP4,NFkB,0,Sheet1,F360
HSD3BP4,PI3K,0,Sheet1,G360
HSD3BP4,TGFb,0,Sheet1,H360
HSD3BP4,TNFa,0,Sheet1,I360
HSD3BP4,Trail,0,Sheet1,J360
HSD3BP4,VEGF,0,Sheet1,K360
HSD3BP4,p53,6.3187192139867161,Sheet1,L360
HTR1F,EGFR,0,Sheet1,B361
HTR1F,Hypoxia,0,Sheet1,C361
HTR1F,JAK.STAT,0,Sheet1,D361
HTR1F,MAPK,0,Sheet1,E361
HTR1F,NFkB,0,Sheet1,F361
HTR1F,PI3K,0,Sheet1,G361
HTR1F,TGFb,0,Sheet1,H361
HTR1F,TNFa,0,Sheet1,I361
HTR1F,Trail,-1.436708264256362,Sheet1,J361
HTR1F,VEGF,-2.2364597930220778,Sheet1,K361
HTR1F,p53,0,Sheet1,L361
HVCN1,EGFR,0,Sheet1,B362
HVCN1,Hypoxia,0,Sheet1,C362
HVCN1,JAK.STAT,0,Sheet1,D362
HVCN1,MAPK,0,Sheet1,E362
HVCN1,NFkB,0,Sheet1,F362
HVCN1,PI3K,0,Sheet1,G362
HVCN1,TGFb,0,Sheet1,H362
HVCN1,TNFa,0,Sheet1,I362
HVCN1,Trail,2.1822532622856001,Sheet1,J362
HVCN1,VEGF,0,Sheet1,K362
HVCN1,p53,0,Sheet1,L362
ICAM1,EGFR,0,Sheet1,B363
ICAM1,Hypoxia,0,Sheet1,C363
ICAM1,JAK.STAT,0,Sheet1,D363
ICAM1,MAPK,0,Sheet1,E363
ICAM1,NFkB,18.369385264106057,Sheet1,F363
ICAM1,PI3K,0,Sheet1,G363
ICAM1,TGFb,0,Sheet1,H363
ICAM1,TNFa,22.039340719801569,Sheet1,I363
ICAM1,Trail,0,Sheet1,J363
ICAM1,VEGF,0,Sheet1,K363
ICAM1,p53,0,Sheet1,L363
ID1,EGFR,0,Sheet1,B364
ID1,Hypoxia,0,Sheet1,C364
ID1,JAK.STAT,0,Sheet1,D364
ID1,MAPK,0,Sheet1,E364
ID1,NFkB,0,Sheet1,F364
ID1,PI3K,0,Sheet1,G364
ID1,TGFb,12.354287661061489,Sheet1,H364
ID1,TNFa,0,Sheet1,I364
ID1,Trail,0,Sheet1,J364
ID1,VEGF,0,Sheet1,K364
ID1,p53,0,Sheet1,L364
ID3,EGFR,0,Sheet1,B365
ID3,Hypoxia,0,Sheet1,C365
ID3,JAK.STAT,0,Sheet1,D365
ID3,MAPK,0,Sheet1,E365
ID3,NFkB,0,Sheet1,F365
ID3,PI3K,0,Sheet1,G365
ID3,TGFb,10.481113198178958,Sheet1,H365
ID3,TNFa,0,Sheet1,I365
ID3,Trail,0,Sheet1,J365
ID3,VEGF,0,Sheet1,K365
ID3,p53,0,Sheet1,L365
ID4,EGFR,0,Sheet1,B366
ID4,Hypoxia,0,Sheet1,C366
ID4,JAK.STAT,0,Sheet1,D366
ID4,MAPK,0,Sheet1,E366
ID4,NFkB,0,Sheet1,F366
ID4,PI3K,0,Sheet1,G366
ID4,TGFb,4.1699013501290461,Sheet1,H366
ID4,TNFa,0,Sheet1,I366
ID4,Trail,0,Sheet1,J366
ID4,VEGF,0,Sheet1,K366
ID4,p53,0,Sheet1,L366
IFI16,EGFR,0,Sheet1,B367
IFI16,Hypoxia,0,Sheet1,C367
IFI16,JAK.STAT,7.2845134628468626,Sheet1,D367
IFI16,MAPK,0,Sheet1,E367
IFI16,NFkB,0,Sheet1,F367
IFI16,PI3K,0,Sheet1,G367
IFI16,TGFb,0,Sheet1,H367
IFI16,TNFa,0,Sheet1,I367
IFI16,Trail,0,Sheet1,J367
IFI16,VEGF,0,Sheet1,K367
IFI16,p53,0,Sheet1,L367
IFI27,EGFR,0,Sheet1,B368
IFI27,Hypoxia,0,Sheet1,C368
IFI27,JAK.STAT,11.20265458228107,Sheet1,D368
IFI27,MAPK,0,Sheet1,E368
IFI27,NFkB,0,Sheet1,F368
IFI27,PI3K,0,Sheet1,G368
IFI27,TGFb,0,Sheet1,H368
IFI27,TNFa,0,Sheet1,I368
IFI27,Trail,0,Sheet1,J368
IFI27,VEGF,0,Sheet1,K368
IFI27,p53,0,Sheet1,L368
IFI35,EGFR,0,Sheet1,B369
IFI35,Hypoxia,0,Sheet1,C369
IFI35,JAK.STAT,10.598535682064476,Sheet1,D369
IFI35,MAPK,0,Sheet1,E369
IFI35,NFkB,0,Sheet1,F369
IFI35,PI3K,0,Sheet1,G369
IFI35,TGFb,0,Sheet1,H369
IFI35,TNFa,0,Sheet1,I369
IFI35,Trail,0,Sheet1,J369
IFI35,VEGF,0,Sheet1,K369
IFI35,p53,0,Sheet1,L369
IFI44,EGFR,0,Sheet1,B370
IFI44,Hypoxia,0,Sheet1,C370
IFI44,JAK.STAT,12.450862527212522,Sheet1,D370
IFI44,MAPK,0,Sheet1,E370
IFI44,NFkB,0,Sheet1,F370
IFI44,PI3K,0,Sheet1,G370
IFI44,TGFb,0,Sheet1,H370
IFI44,TNFa,0,Sheet1,I370
IFI44,Trail,0,Sheet1,J370
IFI44,VEGF,0,Sheet1,K370
IFI44,p53,0,Sheet1,L370
IFI44L,EGFR,0,Sheet1,B371
IFI44L,Hypoxia,0,Sheet1,C371
IFI44L,JAK.STAT,18.867155888745373,Sheet1,D371
IFI44L,MAPK,0,Sheet1,E371
IFI44L,NFkB,0,Sheet1,F371
IFI44L,PI3K,0,Sheet1,G371
IFI44L,TGFb,0,Sheet1,H371
IFI44L,TNFa,0,Sheet1,I371
IFI44L,Trail,0,Sheet1,J371
IFI44L,VEGF,0,Sheet1,K371
IFI44L,p53,0,Sheet1,L371
IFI6,EGFR,0,Sheet1,B372
IFI6,Hypoxia,0,Sheet1,C372
IFI6,JAK.STAT,12.579694504712801,Sheet1,D372
IFI6,MAPK,0,Sheet1,E372
IFI6,NFkB,0,Sheet1,F372
IFI6,PI3K,0,Sheet1,G372
IFI6,TGFb,0,Sheet1,H372
IFI6,TNFa,0,Sheet1,I372
IFI6,Trail,0,Sheet1,J372
IFI6,VEGF,0,Sheet1,K372
IFI6,p53,0,Sheet1,L372
IFIH1,EGFR,0,Sheet1,B373
IFIH1,Hypoxia,0,Sheet1,C373
IFIH1,JAK.STAT,8.3476926517516592,Sheet1,D373
IFIH1,MAPK,0,Sheet1,E373
IFIH1,NFkB,6.0420364439095415,Sheet1,F373
IFIH1,PI3K,0,Sheet1,G373
IFIH1,TGFb,0,Sheet1,H373
IFIH1,TNFa,0,Sheet1,I373
IFIH1,Trail,0,Sheet1,J373
IFIH1,VEGF,0,Sheet1,K373
IFIH1,p53,0,Sheet1,L373
IFIT1,EGFR,0,Sheet1,B374
IFIT1,Hypoxia,0,Sheet1,C374
IFIT1,JAK.STAT,27.851363088861039,Sheet1,D374
IFIT1,MAPK,0,Sheet1,E374
IFIT1,NFkB,0,Sheet1,F374
IFIT1,PI3K,0,Sheet1,G374
IFIT1,TGFb,0,Sheet1,H374
IFIT1,TNFa,0,Sheet1,I374
IFIT1,Trail,0,Sheet1,J374
IFIT1,VEGF,0,Sheet1,K374
IFIT1,p53,0,Sheet1,L374
IFIT2,EGFR,0,Sheet1,B375
IFIT2,Hypoxia,0,Sheet1,C375
IFIT2,JAK.STAT,16.18714603519944,Sheet1,D375
IFIT2,MAPK,0,Sheet1,E375
IFIT2,NFkB,0,Sheet1,F375
IFIT2,PI3K,0,Sheet1,G375
IFIT2,TGFb,0,Sheet1,H375
IFIT2,TNFa,0,Sheet1,I375
IFIT2,Trail,0,Sheet1,J375
IFIT2,VEGF,0,Sheet1,K375
IFIT2,p53,0,Sheet1,L375
IFIT3,EGFR,0,Sheet1,B376
IFIT3,Hypoxia,0,Sheet1,C376
IFIT3,JAK.STAT,20.592306560138873,Sheet1,D376
IFIT3,MAPK,0,Sheet1,E376
IFIT3,NFkB,0,Sheet1,F376
IFIT3,PI3K,0,Sheet1,G376
IFIT3,TGFb,0,Sheet1,H376
IFIT3,TNFa,0,Sheet1,I376
IFIT3,Trail,0,Sheet1,J376
IFIT3,VEGF,0,Sheet1,K376
IFIT3,p53,0,Sheet1,L376
IFIT5,EGFR,0,Sheet1,B377
IFIT5,Hypoxia,0,Sheet1,C377
IFIT5,JAK.STAT,7.9480689352235254,Sheet1,D377
IFIT5,MAPK,0,Sheet1,E377
IFIT5,NFkB,0,Sheet1,F377
IFIT5,PI3K,0,Sheet1,G377
IFIT5,TGFb,0,Sheet1,H377
IFIT5,TNFa,0,Sheet1,I377
IFIT5,Trail,0,Sheet1,J377
IFIT5,VEGF,0,Sheet1,K377
IFIT5,p53,0,Sheet1,L377
IFITM1,EGFR,0,Sheet1,B378
IFITM1,Hypoxia,0,Sheet1,C378
IFITM1,JAK.STAT,13.943094211839188,Sheet1,D378
IFITM1,MAPK,0,Sheet1,E378
IFITM1,NFkB,0,Sheet1,F378
IFITM1,PI3K,0,Sheet1,G378
IFITM1,TGFb,0,Sheet1,H378
IFITM1,TNFa,0,Sheet1,I378
IFITM1,Trail,0,Sheet1,J378
IFITM1,VEGF,0,Sheet1,K378
IFITM1,p53,0,Sheet1,L378
IFNAR2,EGFR,0,Sheet1,B379
IFNAR2,Hypoxia,0,Sheet1,C379
IFNAR2,JAK.STAT,0,Sheet1,D379
IFNAR2,MAPK,0,Sheet1,E379
IFNAR2,NFkB,4.6833189832988644,Sheet1,F379
IFNAR2,PI3K,0,Sheet1,G379
IFNAR2,TGFb,0,Sheet1,H379
IFNAR2,TNFa,7.5807006861403208,Sheet1,I379
IFNAR2,Trail,0,Sheet1,J379
IFNAR2,VEGF,0,Sheet1,K379
IFNAR2,p53,0,Sheet1,L379
IFNGR2,EGFR,0,Sheet1,B380
IFNGR2,Hypoxia,0,Sheet1,C380
IFNGR2,JAK.STAT,0,Sheet1,D380
IFNGR2,MAPK,0,Sheet1,E380
IFNGR2,NFkB,6.0220097247538682,Sheet1,F380
IFNGR2,PI3K,0,Sheet1,G380
IFNGR2,TGFb,0,Sheet1,H380
IFNGR2,TNFa,7.3777888714754125,Sheet1,I380
IFNGR2,Trail,0,Sheet1,J380
IFNGR2,VEGF,0,Sheet1,K380
IFNGR2,p53,0,Sheet1,L380
IFNLR1,EGFR,0,Sheet1,B381
IFNLR1,Hypoxia,0,Sheet1,C381
IFNLR1,JAK.STAT,0,Sheet1,D381
IFNLR1,MAPK,0,Sheet1,E381
IFNLR1,NFkB,0,Sheet1,F381
IFNLR1,PI3K,0,Sheet1,G381
IFNLR1,TGFb,0,Sheet1,H381
IFNLR1,TNFa,0,Sheet1,I381
IFNLR1,Trail,1.7142473031562651,Sheet1,J381
IFNLR1,VEGF,0,Sheet1,K381
IFNLR1,p53,0,Sheet1,L381
IGFL1,EGFR,0,Sheet1,B382
IGFL1,Hypoxia,0,Sheet1,C382
IGFL1,JAK.STAT,0,Sheet1,D382
IGFL1,MAPK,0,Sheet1,E382
IGFL1,NFkB,0,Sheet1,F382
IGFL1,PI3K,0,Sheet1,G382
IGFL1,TGFb,0,Sheet1,H382
IGFL1,TNFa,8.9515699799529767,Sheet1,I382
IGFL1,Trail,0,Sheet1,J382
IGFL1,VEGF,0,Sheet1,K382
IGFL1,p53,0,Sheet1,L382
IGLL1,EGFR,0,Sheet1,B383
IGLL1,Hypoxia,0,Sheet1,C383
IGLL1,JAK.STAT,0,Sheet1,D383
IGLL1,MAPK,0,Sheet1,E383
IGLL1,NFkB,0,Sheet1,F383
IGLL1,PI3K,0,Sheet1,G383
IGLL1,TGFb,0,Sheet1,H383
IGLL1,TNFa,0,Sheet1,I383
IGLL1,Trail,0,Sheet1,J383
IGLL1,VEGF,-3.3848905508436151,Sheet1,K383
IGLL1,p53,0,Sheet1,L383
IGLL3P,EGFR,0,Sheet1,B384
IGLL3P,Hypoxia,0,Sheet1,C384
IGLL3P,JAK.STAT,0,Sheet1,D384
IGLL3P,MAPK,0,Sheet1,E384
IGLL3P,NFkB,0,Sheet1,F384
IGLL3P,PI3K,0,Sheet1,G384
IGLL3P,TGFb,0,Sheet1,H384
IGLL3P,TNFa,0,Sheet1,I384
IGLL3P,Trail,1.2067797132569349,Sheet1,J384
IGLL3P,VEGF,0,Sheet1,K384
IGLL3P,p53,0,Sheet1,L384
IKBKE,EGFR,0,Sheet1,B385
IKBKE,Hypoxia,0,Sheet1,C385
IKBKE,JAK.STAT,0,Sheet1,D385
IKBKE,MAPK,0,Sheet1,E385
IKBKE,NFkB,3.341126887581698,Sheet1,F385
IKBKE,PI3K,0,Sheet1,G385
IKBKE,TGFb,0,Sheet1,H385
IKBKE,TNFa,3.7731631812446489,Sheet1,I385
IKBKE,Trail,0,Sheet1,J385
IKBKE,VEGF,0,Sheet1,K385
IKBKE,p53,0,Sheet1,L385
IKZF3,EGFR,0,Sheet1,B386
IKZF3,Hypoxia,0,Sheet1,C386
IKZF3,JAK.STAT,0,Sheet1,D386
IKZF3,MAPK,0,Sheet1,E386
IKZF3,NFkB,0,Sheet1,F386
IKZF3,PI3K,0,Sheet1,G386
IKZF3,TGFb,0,Sheet1,H386
IKZF3,TNFa,0,Sheet1,I386
IKZF3,Trail,0,Sheet1,J386
IKZF3,VEGF,-1.6069478763992708,Sheet1,K386
IKZF3,p53,0,Sheet1,L386
IL11,EGFR,0,Sheet1,B387
IL11,Hypoxia,0,Sheet1,C387
IL11,JAK.STAT,0,Sheet1,D387
IL11,MAPK,0,Sheet1,E387
IL11,NFkB,0,Sheet1,F387
IL11,PI3K,0,Sheet1,G387
IL11,TGFb,6.3308961562902999,Sheet1,H387
IL11,TNFa,0,Sheet1,I387
IL11,Trail,0,Sheet1,J387
IL11,VEGF,0,Sheet1,K387
IL11,p53,0,Sheet1,L387
IL15,EGFR,0,Sheet1,B388
IL15,Hypoxia,0,Sheet1,C388
IL15,JAK.STAT,0,Sheet1,D388
IL15,MAPK,0,Sheet1,E388
IL15,NFkB,5.1465680922153583,Sheet1,F388
IL15,PI3K,0,Sheet1,G388
IL15,TGFb,0,Sheet1,H388
IL15,TNFa,5.5071002223072556,Sheet1,I388
IL15,Trail,0,Sheet1,J388
IL15,VEGF,0,Sheet1,K388
IL15,p53,0,Sheet1,L388
IL1A,EGFR,0,Sheet1,B389
IL1A,Hypoxia,0,Sheet1,C389
IL1A,JAK.STAT,0,Sheet1,D389
IL1A,MAPK,0,Sheet1,E389
IL1A,NFkB,8.1112909722169881,Sheet1,F389
IL1A,PI3K,0,Sheet1,G389
IL1A,TGFb,0,Sheet1,H389
IL1A,TNFa,0,Sheet1,I389
IL1A,Trail,0,Sheet1,J389
IL1A,VEGF,0,Sheet1,K389
IL1A,p53,0,Sheet1,L389
IL1B,EGFR,0,Sheet1,B390
IL1B,Hypoxia,0,Sheet1,C390
IL1B,JAK.STAT,0,Sheet1,D390
IL1B,MAPK,0,Sheet1,E390
IL1B,NFkB,21.655929310734159,Sheet1,F390
IL1B,PI3K,0,Sheet1,G390
IL1B,TGFb,0,Sheet1,H390
IL1B,TNFa,0,Sheet1,I390
IL1B,Trail,0,Sheet1,J390
IL1B,VEGF,0,Sheet1,K390
IL1B,p53,0,Sheet1,L390
IL1RN,EGFR,0,Sheet1,B391
IL1RN,Hypoxia,0,Sheet1,C391
IL1RN,JAK.STAT,0,Sheet1,D391
IL1RN,MAPK,0,Sheet1,E391
IL1RN,NFkB,5.1515796596856642,Sheet1,F391
IL1RN,PI3K,0,Sheet1,G391
IL1RN,TGFb,0,Sheet1,H391
IL1RN,TNFa,4.754297985994012,Sheet1,I391
IL1RN,Trail,0,Sheet1,J391
IL1RN,VEGF,0,Sheet1,K391
IL1RN,p53,0,Sheet1,L391
IL23A,EGFR,0,Sheet1,B392
IL23A,Hypoxia,0,Sheet1,C392
IL23A,JAK.STAT,0,Sheet1,D392
IL23A,MAPK,0,Sheet1,E392
IL23A,NFkB,2.0729049235948827,Sheet1,F392
IL23A,PI3K,0,Sheet1,G392
IL23A,TGFb,0,Sheet1,H392
IL23A,TNFa,0,Sheet1,I392
IL23A,Trail,0,Sheet1,J392
IL23A,VEGF,0,Sheet1,K392
IL23A,p53,0,Sheet1,L392
IL32,EGFR,0,Sheet1,B393
IL32,Hypoxia,0,Sheet1,C393
IL32,JAK.STAT,0,Sheet1,D393
IL32,MAPK,0,Sheet1,E393
IL32,NFkB,10.452316416252055,Sheet1,F393
IL32,PI3K,0,Sheet1,G393
IL32,TGFb,0,Sheet1,H393
IL32,TNFa,15.963619088902076,Sheet1,I393
IL32,Trail,0,Sheet1,J393
IL32,VEGF,0,Sheet1,K393
IL32,p53,0,Sheet1,L393
IL36G,EGFR,0,Sheet1,B394
IL36G,Hypoxia,0,Sheet1,C394
IL36G,JAK.STAT,0,Sheet1,D394
IL36G,MAPK,0,Sheet1,E394
IL36G,NFkB,9.8264055578612535,Sheet1,F394
IL36G,PI3K,0,Sheet1,G394
IL36G,TGFb,0,Sheet1,H394
IL36G,TNFa,13.425174324449806,Sheet1,I394
IL36G,Trail,0,Sheet1,J394
IL36G,VEGF,0,Sheet1,K394
IL36G,p53,0,Sheet1,L394
IL6,EGFR,0,Sheet1,B395
IL6,Hypoxia,0,Sheet1,C395
IL6,JAK.STAT,0,Sheet1,D395
IL6,MAPK,0,Sheet1,E395
IL6,NFkB,21.770635436391991,Sheet1,F395
IL6,PI3K,0,Sheet1,G395
IL6,TGFb,0,Sheet1,H395
IL6,TNFa,19.70357332798217,Sheet1,I395
IL6,Trail,0,Sheet1,J395
IL6,VEGF,0,Sheet1,K395
IL6,p53,0,Sheet1,L395
IL7R,EGFR,0,Sheet1,B396
IL7R,Hypoxia,0,Sheet1,C396
IL7R,JAK.STAT,0,Sheet1,D396
IL7R,MAPK,0,Sheet1,E396
IL7R,NFkB,8.8133123352708864,Sheet1,F396
IL7R,PI3K,0,Sheet1,G396
IL7R,TGFb,0,Sheet1,H396
IL7R,TNFa,0,Sheet1,I396
IL7R,Trail,0,Sheet1,J396
IL7R,VEGF,0,Sheet1,K396
IL7R,p53,0,Sheet1,L396
IMMP2L,EGFR,0,Sheet1,B397
IMMP2L,Hypoxia,0,Sheet1,C397
IMMP2L,JAK.STAT,0,Sheet1,D397
IMMP2L,MAPK,0,Sheet1,E397
IMMP2L,NFkB,0,Sheet1,F397
IMMP2L,PI3K,0,Sheet1,G397
IMMP2L,TGFb,0,Sheet1,H397
IMMP2L,TNFa,0,Sheet1,I397
IMMP2L,Trail,0,Sheet1,J397
IMMP2L,VEGF,-2.01199922020731,Sheet1,K397
IMMP2L,p53,0,Sheet1,L397
ING4,EGFR,0,Sheet1,B398
ING4,Hypoxia,0,Sheet1,C398
ING4,JAK.STAT,0,Sheet1,D398
ING4,MAPK,0,Sheet1,E398
ING4,NFkB,0,Sheet1,F398
ING4,PI3K,-7.7001180755286764,Sheet1,G398
ING4,TGFb,0,Sheet1,H398
ING4,TNFa,0,Sheet1,I398
ING4,Trail,0,Sheet1,J398
ING4,VEGF,0,Sheet1,K398
ING4,p53,0,Sheet1,L398
INHBA,EGFR,0,Sheet1,B399
INHBA,Hypoxia,0,Sheet1,C399
INHBA,JAK.STAT,0,Sheet1,D399
INHBA,MAPK,0,Sheet1,E399
INHBA,NFkB,12.467593656988873,Sheet1,F399
INHBA,PI3K,0,Sheet1,G399
INHBA,TGFb,0,Sheet1,H399
INHBA,TNFa,15.563198677198198,Sheet1,I399
INHBA,Trail,0,Sheet1,J399
INHBA,VEGF,0,Sheet1,K399
INHBA,p53,0,Sheet1,L399
INO80C,EGFR,0,Sheet1,B400
INO80C,Hypoxia,0,Sheet1,C400
INO80C,JAK.STAT,0,Sheet1,D400
INO80C,MAPK,0,Sheet1,E400
INO80C,NFkB,0,Sheet1,F400
INO80C,PI3K,4.1082174786168091,Sheet1,G400
INO80C,TGFb,0,Sheet1,H400
INO80C,TNFa,0,Sheet1,I400
INO80C,Trail,0,Sheet1,J400
INO80C,VEGF,0,Sheet1,K400
INO80C,p53,0,Sheet1,L400
INPP1,EGFR,0,Sheet1,B401
INPP1,Hypoxia,0,Sheet1,C401
INPP1,JAK.STAT,0,Sheet1,D401
INPP1,MAPK,0,Sheet1,E401
INPP1,NFkB,0,Sheet1,F401
INPP1,PI3K,0,Sheet1,G401
INPP1,TGFb,0,Sheet1,H401
INPP1,TNFa,0,Sheet1,I401
INPP1,Trail,0,Sheet1,J401
INPP1,VEGF,0,Sheet1,K401
INPP1,p53,7.4880758358218609,Sheet1,L401
INPP5K,EGFR,0,Sheet1,B402
INPP5K,Hypoxia,0,Sheet1,C402
INPP5K,JAK.STAT,0,Sheet1,D402
INPP5K,MAPK,0,Sheet1,E402
INPP5K,NFkB,0,Sheet1,F402
INPP5K,PI3K,-4.5300981529913189,Sheet1,G402
INPP5K,TGFb,0,Sheet1,H402
INPP5K,TNFa,0,Sheet1,I402
INPP5K,Trail,0,Sheet1,J402
INPP5K,VEGF,0,Sheet1,K402
INPP5K,p53,0,Sheet1,L402
INSIG2,EGFR,0,Sheet1,B403
INSIG2,Hypoxia,13.562193843210398,Sheet1,C403
INSIG2,JAK.STAT,0,Sheet1,D403
INSIG2,MAPK,0,Sheet1,E403
INSIG2,NFkB,0,Sheet1,F403
INSIG2,PI3K,0,Sheet1,G403
INSIG2,TGFb,0,Sheet1,H403
INSIG2,TNFa,0,Sheet1,I403
INSIG2,Trail,0,Sheet1,J403
INSIG2,VEGF,0,Sheet1,K403
INSIG2,p53,0,Sheet1,L403
IRAK2,EGFR,0,Sheet1,B404
IRAK2,Hypoxia,0,Sheet1,C404
IRAK2,JAK.STAT,0,Sheet1,D404
IRAK2,MAPK,0,Sheet1,E404
IRAK2,NFkB,5.3433916126853855,Sheet1,F404
IRAK2,PI3K,0,Sheet1,G404
IRAK2,TGFb,0,Sheet1,H404
IRAK2,TNFa,0,Sheet1,I404
IRAK2,Trail,0,Sheet1,J404
IRAK2,VEGF,0,Sheet1,K404
IRAK2,p53,0,Sheet1,L404
IRF1,EGFR,0,Sheet1,B405
IRF1,Hypoxia,0,Sheet1,C405
IRF1,JAK.STAT,0,Sheet1,D405
IRF1,MAPK,0,Sheet1,E405
IRF1,NFkB,12.698009124870918,Sheet1,F405
IRF1,PI3K,0,Sheet1,G405
IRF1,TGFb,0,Sheet1,H405
IRF1,TNFa,15.650726704349548,Sheet1,I405
IRF1,Trail,0,Sheet1,J405
IRF1,VEGF,0,Sheet1,K405
IRF1,p53,0,Sheet1,L405
IRF7,EGFR,0,Sheet1,B406
IRF7,Hypoxia,0,Sheet1,C406
IRF7,JAK.STAT,8.0693743209048296,Sheet1,D406
IRF7,MAPK,0,Sheet1,E406
IRF7,NFkB,0,Sheet1,F406
IRF7,PI3K,0,Sheet1,G406
IRF7,TGFb,0,Sheet1,H406
IRF7,TNFa,0,Sheet1,I406
IRF7,Trail,0,Sheet1,J406
IRF7,VEGF,0,Sheet1,K406
IRF7,p53,0,Sheet1,L406
IRF9,EGFR,0,Sheet1,B407
IRF9,Hypoxia,0,Sheet1,C407
IRF9,JAK.STAT,7.5265841889315563,Sheet1,D407
IRF9,MAPK,0,Sheet1,E407
IRF9,NFkB,0,Sheet1,F407
IRF9,PI3K,0,Sheet1,G407
IRF9,TGFb,0,Sheet1,H407
IRF9,TNFa,0,Sheet1,I407
IRF9,Trail,0,Sheet1,J407
IRF9,VEGF,0,Sheet1,K407
IRF9,p53,0,Sheet1,L407
ISCU,EGFR,0,Sheet1,B408
ISCU,Hypoxia,0,Sheet1,C408
ISCU,JAK.STAT,0,Sheet1,D408
ISCU,MAPK,0,Sheet1,E408
ISCU,NFkB,0,Sheet1,F408
ISCU,PI3K,0,Sheet1,G408
ISCU,TGFb,0,Sheet1,H408
ISCU,TNFa,0,Sheet1,I408
ISCU,Trail,0,Sheet1,J408
ISCU,VEGF,0,Sheet1,K408
ISCU,p53,5.5123499539822856,Sheet1,L408
ISG15,EGFR,0,Sheet1,B409
ISG15,Hypoxia,0,Sheet1,C409
ISG15,JAK.STAT,20.039033525061807,Sheet1,D409
ISG15,MAPK,0,Sheet1,E409
ISG15,NFkB,0,Sheet1,F409
ISG15,PI3K,0,Sheet1,G409
ISG15,TGFb,0,Sheet1,H409
ISG15,TNFa,0,Sheet1,I409
ISG15,Trail,0,Sheet1,J409
ISG15,VEGF,0,Sheet1,K409
ISG15,p53,0,Sheet1,L409
ISLR2,EGFR,0,Sheet1,B410
ISLR2,Hypoxia,0,Sheet1,C410
ISLR2,JAK.STAT,0,Sheet1,D410
ISLR2,MAPK,0,Sheet1,E410
ISLR2,NFkB,0,Sheet1,F410
ISLR2,PI3K,0,Sheet1,G410
ISLR2,TGFb,2.4680600875977121,Sheet1,H410
ISLR2,TNFa,0,Sheet1,I410
ISLR2,Trail,0,Sheet1,J410
ISLR2,VEGF,0,Sheet1,K410
ISLR2,p53,0,Sheet1,L410
ITGA11,EGFR,0,Sheet1,B411
ITGA11,Hypoxia,0,Sheet1,C411
ITGA11,JAK.STAT,0,Sheet1,D411
ITGA11,MAPK,0,Sheet1,E411
ITGA11,NFkB,0,Sheet1,F411
ITGA11,PI3K,0,Sheet1,G411
ITGA11,TGFb,3.3926975652718681,Sheet1,H411
ITGA11,TNFa,0,Sheet1,I411
ITGA11,Trail,0,Sheet1,J411
ITGA11,VEGF,0,Sheet1,K411
ITGA11,p53,0,Sheet1,L411
JCHAIN,EGFR,0,Sheet1,B412
JCHAIN,Hypoxia,0,Sheet1,C412
JCHAIN,JAK.STAT,0,Sheet1,D412
JCHAIN,MAPK,0,Sheet1,E412
JCHAIN,NFkB,0,Sheet1,F412
JCHAIN,PI3K,0,Sheet1,G412
JCHAIN,TGFb,0,Sheet1,H412
JCHAIN,TNFa,0,Sheet1,I412
JCHAIN,Trail,0,Sheet1,J412
JCHAIN,VEGF,-3.3479950127624409,Sheet1,K412
JCHAIN,p53,0,Sheet1,L412
KANK3,EGFR,0,Sheet1,B413
KANK3,Hypoxia,0,Sheet1,C413
KANK3,JAK.STAT,0,Sheet1,D413
KANK3,MAPK,0,Sheet1,E413
KANK3,NFkB,0,Sheet1,F413
KANK3,PI3K,0,Sheet1,G413
KANK3,TGFb,0,Sheet1,H413
KANK3,TNFa,0,Sheet1,I413
KANK3,Trail,0,Sheet1,J413
KANK3,VEGF,0,Sheet1,K413
KANK3,p53,2.9054397971751946,Sheet1,L413
KANSL1-AS1,EGFR,0,Sheet1,B414
KANSL1-AS1,Hypoxia,0,Sheet1,C414
KANSL1-AS1,JAK.STAT,0,Sheet1,D414
KANSL1-AS1,MAPK,0,Sheet1,E414
KANSL1-AS1,NFkB,0,Sheet1,F414
KANSL1-AS1,PI3K,-6.0699500775722548,Sheet1,G414
KANSL1-AS1,TGFb,0,Sheet1,H414
KANSL1-AS1,TNFa,0,Sheet1,I414
KANSL1-AS1,Trail,0,Sheet1,J414
KANSL1-AS1,VEGF,0,Sheet1,K414
KANSL1-AS1,p53,0,Sheet1,L414
KCNA5,EGFR,0,Sheet1,B415
KCNA5,Hypoxia,0,Sheet1,C415
KCNA5,JAK.STAT,0,Sheet1,D415
KCNA5,MAPK,0,Sheet1,E415
KCNA5,NFkB,0,Sheet1,F415
KCNA5,PI3K,0,Sheet1,G415
KCNA5,TGFb,0,Sheet1,H415
KCNA5,TNFa,0,Sheet1,I415
KCNA5,Trail,1.4800500658955051,Sheet1,J415
KCNA5,VEGF,0,Sheet1,K415
KCNA5,p53,0,Sheet1,L415
KCNAB3,EGFR,0,Sheet1,B416
KCNAB3,Hypoxia,0,Sheet1,C416
KCNAB3,JAK.STAT,0,Sheet1,D416
KCNAB3,MAPK,0,Sheet1,E416
KCNAB3,NFkB,0,Sheet1,F416
KCNAB3,PI3K,0,Sheet1,G416
KCNAB3,TGFb,0,Sheet1,H416
KCNAB3,TNFa,0,Sheet1,I416
KCNAB3,Trail,-0.95173366953487415,Sheet1,J416
KCNAB3,VEGF,0,Sheet1,K416
KCNAB3,p53,0,Sheet1,L416
KCNF1,EGFR,1.5758757301367112,Sheet1,B417
KCNF1,Hypoxia,0,Sheet1,C417
KCNF1,JAK.STAT,0,Sheet1,D417
KCNF1,MAPK,0,Sheet1,E417
KCNF1,NFkB,0,Sheet1,F417
KCNF1,PI3K,0,Sheet1,G417
KCNF1,TGFb,0,Sheet1,H417
KCNF1,TNFa,0,Sheet1,I417
KCNF1,Trail,0,Sheet1,J417
KCNF1,VEGF,0,Sheet1,K417
KCNF1,p53,0,Sheet1,L417
KCNK10,EGFR,0,Sheet1,B418
KCNK10,Hypoxia,0,Sheet1,C418
KCNK10,JAK.STAT,0,Sheet1,D418
KCNK10,MAPK,0,Sheet1,E418
KCNK10,NFkB,0,Sheet1,F418
KCNK10,PI3K,0,Sheet1,G418
KCNK10,TGFb,0,Sheet1,H418
KCNK10,TNFa,0,Sheet1,I418
KCNK10,Trail,0,Sheet1,J418
KCNK10,VEGF,2.8833063639311658,Sheet1,K418
KCNK10,p53,0,Sheet1,L418
KDM3A,EGFR,0,Sheet1,B419
KDM3A,Hypoxia,10.850752743976678,Sheet1,C419
KDM3A,JAK.STAT,0,Sheet1,D419
KDM3A,MAPK,0,Sheet1,E419
KDM3A,NFkB,0,Sheet1,F419
KDM3A,PI3K,0,Sheet1,G419
KDM3A,TGFb,0,Sheet1,H419
KDM3A,TNFa,0,Sheet1,I419
KDM3A,Trail,0,Sheet1,J419
KDM3A,VEGF,0,Sheet1,K419
KDM3A,p53,0,Sheet1,L419
KDM4B,EGFR,0,Sheet1,B420
KDM4B,Hypoxia,3.6502093225821697,Sheet1,C420
KDM4B,JAK.STAT,0,Sheet1,D420
KDM4B,MAPK,0,Sheet1,E420
KDM4B,NFkB,0,Sheet1,F420
KDM4B,PI3K,0,Sheet1,G420
KDM4B,TGFb,0,Sheet1,H420
KDM4B,TNFa,0,Sheet1,I420
KDM4B,Trail,0,Sheet1,J420
KDM4B,VEGF,0,Sheet1,K420
KDM4B,p53,0,Sheet1,L420
KDM4C,EGFR,0,Sheet1,B421
KDM4C,Hypoxia,2.2581509616676261,Sheet1,C421
KDM4C,JAK.STAT,0,Sheet1,D421
KDM4C,MAPK,0,Sheet1,E421
KDM4C,NFkB,0,Sheet1,F421
KDM4C,PI3K,0,Sheet1,G421
KDM4C,TGFb,0,Sheet1,H421
KDM4C,TNFa,0,Sheet1,I421
KDM4C,Trail,0,Sheet1,J421
KDM4C,VEGF,0,Sheet1,K421
KDM4C,p53,0,Sheet1,L421
KIAA0430,EGFR,-2.2984685174468558,Sheet1,B422
KIAA0430,Hypoxia,0,Sheet1,C422
KIAA0430,JAK.STAT,0,Sheet1,D422
KIAA0430,MAPK,0,Sheet1,E422
KIAA0430,NFkB,0,Sheet1,F422
KIAA0430,PI3K,0,Sheet1,G422
KIAA0430,TGFb,0,Sheet1,H422
KIAA0430,TNFa,0,Sheet1,I422
KIAA0430,Trail,0,Sheet1,J422
KIAA0430,VEGF,0,Sheet1,K422
KIAA0430,p53,0,Sheet1,L422
KIAA1211,EGFR,0,Sheet1,B423
KIAA1211,Hypoxia,0,Sheet1,C423
KIAA1211,JAK.STAT,0,Sheet1,D423
KIAA1211,MAPK,0,Sheet1,E423
KIAA1211,NFkB,0,Sheet1,F423
KIAA1211,PI3K,0,Sheet1,G423
KIAA1211,TGFb,0,Sheet1,H423
KIAA1211,TNFa,0,Sheet1,I423
KIAA1211,Trail,0,Sheet1,J423
KIAA1211,VEGF,-4.8711900304965905,Sheet1,K423
KIAA1211,p53,0,Sheet1,L423
KIAA1522,EGFR,-2.5069414673372918,Sheet1,B424
KIAA1522,Hypoxia,0,Sheet1,C424
KIAA1522,JAK.STAT,0,Sheet1,D424
KIAA1522,MAPK,-2.2998986524877694,Sheet1,E424
KIAA1522,NFkB,0,Sheet1,F424
KIAA1522,PI3K,0,Sheet1,G424
KIAA1522,TGFb,0,Sheet1,H424
KIAA1522,TNFa,0,Sheet1,I424
KIAA1522,Trail,0,Sheet1,J424
KIAA1522,VEGF,0,Sheet1,K424
KIAA1522,p53,0,Sheet1,L424
KIRREL3,EGFR,0,Sheet1,B425
KIRREL3,Hypoxia,0,Sheet1,C425
KIRREL3,JAK.STAT,0,Sheet1,D425
KIRREL3,MAPK,0,Sheet1,E425
KIRREL3,NFkB,0,Sheet1,F425
KIRREL3,PI3K,0,Sheet1,G425
KIRREL3,TGFb,2.5423855595634262,Sheet1,H425
KIRREL3,TNFa,0,Sheet1,I425
KIRREL3,Trail,0,Sheet1,J425
KIRREL3,VEGF,0,Sheet1,K425
KIRREL3,p53,0,Sheet1,L425
KLHDC2,EGFR,-3.5939296545590831,Sheet1,B426
KLHDC2,Hypoxia,0,Sheet1,C426
KLHDC2,JAK.STAT,0,Sheet1,D426
KLHDC2,MAPK,0,Sheet1,E426
KLHDC2,NFkB,0,Sheet1,F426
KLHDC2,PI3K,0,Sheet1,G426
KLHDC2,TGFb,0,Sheet1,H426
KLHDC2,TNFa,0,Sheet1,I426
KLHDC2,Trail,0,Sheet1,J426
KLHDC2,VEGF,0,Sheet1,K426
KLHDC2,p53,0,Sheet1,L426
KLHDC7A,EGFR,0,Sheet1,B427
KLHDC7A,Hypoxia,0,Sheet1,C427
KLHDC7A,JAK.STAT,0,Sheet1,D427
KLHDC7A,MAPK,0,Sheet1,E427
KLHDC7A,NFkB,0,Sheet1,F427
KLHDC7A,PI3K,0,Sheet1,G427
KLHDC7A,TGFb,0,Sheet1,H427
KLHDC7A,TNFa,0,Sheet1,I427
KLHDC7A,Trail,0,Sheet1,J427
KLHDC7A,VEGF,0,Sheet1,K427
KLHDC7A,p53,4.5662746090957205,Sheet1,L427
KLHL14,EGFR,0,Sheet1,B428
KLHL14,Hypoxia,0,Sheet1,C428
KLHL14,JAK.STAT,0,Sheet1,D428
KLHL14,MAPK,0,Sheet1,E428
KLHL14,NFkB,0,Sheet1,F428
KLHL14,PI3K,0,Sheet1,G428
KLHL14,TGFb,0,Sheet1,H428
KLHL14,TNFa,0,Sheet1,I428
KLHL14,Trail,-1.762760000960198,Sheet1,J428
KLHL14,VEGF,0,Sheet1,K428
KLHL14,p53,0,Sheet1,L428
KMO,EGFR,0,Sheet1,B429
KMO,Hypoxia,0,Sheet1,C429
KMO,JAK.STAT,0,Sheet1,D429
KMO,MAPK,0,Sheet1,E429
KMO,NFkB,3.9742350645466931,Sheet1,F429
KMO,PI3K,0,Sheet1,G429
KMO,TGFb,0,Sheet1,H429
KMO,TNFa,0,Sheet1,I429
KMO,Trail,0,Sheet1,J429
KMO,VEGF,0,Sheet1,K429
KMO,p53,0,Sheet1,L429
KMT5A,EGFR,0,Sheet1,B430
KMT5A,Hypoxia,0,Sheet1,C430
KMT5A,JAK.STAT,0,Sheet1,D430
KMT5A,MAPK,1.7409748125000095,Sheet1,E430
KMT5A,NFkB,0,Sheet1,F430
KMT5A,PI3K,0,Sheet1,G430
KMT5A,TGFb,0,Sheet1,H430
KMT5A,TNFa,0,Sheet1,I430
KMT5A,Trail,0,Sheet1,J430
KMT5A,VEGF,0,Sheet1,K430
KMT5A,p53,0,Sheet1,L430
KRR1,EGFR,0,Sheet1,B431
KRR1,Hypoxia,0,Sheet1,C431
KRR1,JAK.STAT,0,Sheet1,D431
KRR1,MAPK,1.4617071935532731,Sheet1,E431
KRR1,NFkB,0,Sheet1,F431
KRR1,PI3K,0,Sheet1,G431
KRR1,TGFb,0,Sheet1,H431
KRR1,TNFa,0,Sheet1,I431
KRR1,Trail,0,Sheet1,J431
KRR1,VEGF,0,Sheet1,K431
KRR1,p53,0,Sheet1,L431
KRT35,EGFR,0,Sheet1,B432
KRT35,Hypoxia,0,Sheet1,C432
KRT35,JAK.STAT,0,Sheet1,D432
KRT35,MAPK,0,Sheet1,E432
KRT35,NFkB,0,Sheet1,F432
KRT35,PI3K,0,Sheet1,G432
KRT35,TGFb,0,Sheet1,H432
KRT35,TNFa,0,Sheet1,I432
KRT35,Trail,1.0822472706489599,Sheet1,J432
KRT35,VEGF,0,Sheet1,K432
KRT35,p53,0,Sheet1,L432
KRT6B,EGFR,0,Sheet1,B433
KRT6B,Hypoxia,0,Sheet1,C433
KRT6B,JAK.STAT,0,Sheet1,D433
KRT6B,MAPK,0,Sheet1,E433
KRT6B,NFkB,0,Sheet1,F433
KRT6B,PI3K,0,Sheet1,G433
KRT6B,TGFb,0,Sheet1,H433
KRT6B,TNFa,4.4162232668152219,Sheet1,I433
KRT6B,Trail,0,Sheet1,J433
KRT6B,VEGF,0,Sheet1,K433
KRT6B,p53,0,Sheet1,L433
KRTAP19-1,EGFR,0,Sheet1,B434
KRTAP19-1,Hypoxia,0,Sheet1,C434
KRTAP19-1,JAK.STAT,0,Sheet1,D434
KRTAP19-1,MAPK,0,Sheet1,E434
KRTAP19-1,NFkB,0,Sheet1,F434
KRTAP19-1,PI3K,-6.8819516907173348,Sheet1,G434
KRTAP19-1,TGFb,0,Sheet1,H434
KRTAP19-1,TNFa,0,Sheet1,I434
KRTAP19-1,Trail,0,Sheet1,J434
KRTAP19-1,VEGF,0,Sheet1,K434
KRTAP19-1,p53,0,Sheet1,L434
KYNU,EGFR,0,Sheet1,B435
KYNU,Hypoxia,0,Sheet1,C435
KYNU,JAK.STAT,0,Sheet1,D435
KYNU,MAPK,0,Sheet1,E435
KYNU,NFkB,6.4044636055751063,Sheet1,F435
KYNU,PI3K,0,Sheet1,G435
KYNU,TGFb,0,Sheet1,H435
KYNU,TNFa,0,Sheet1,I435
KYNU,Trail,0,Sheet1,J435
KYNU,VEGF,0,Sheet1,K435
KYNU,p53,0,Sheet1,L435
LAMB2,EGFR,0,Sheet1,B436
LAMB2,Hypoxia,0,Sheet1,C436
LAMB2,JAK.STAT,0,Sheet1,D436
LAMB2,MAPK,-2.392879637488782,Sheet1,E436
LAMB2,NFkB,0,Sheet1,F436
LAMB2,PI3K,0,Sheet1,G436
LAMB2,TGFb,0,Sheet1,H436
LAMB2,TNFa,0,Sheet1,I436
LAMB2,Trail,0,Sheet1,J436
LAMB2,VEGF,0,Sheet1,K436
LAMB2,p53,0,Sheet1,L436
LAMC2,EGFR,3.9201157234022683,Sheet1,B437
LAMC2,Hypoxia,0,Sheet1,C437
LAMC2,JAK.STAT,0,Sheet1,D437
LAMC2,MAPK,0,Sheet1,E437
LAMC2,NFkB,0,Sheet1,F437
LAMC2,PI3K,0,Sheet1,G437
LAMC2,TGFb,0,Sheet1,H437
LAMC2,TNFa,0,Sheet1,I437
LAMC2,Trail,0,Sheet1,J437
LAMC2,VEGF,0,Sheet1,K437
LAMC2,p53,0,Sheet1,L437
LAMP3,EGFR,0,Sheet1,B438
LAMP3,Hypoxia,0,Sheet1,C438
LAMP3,JAK.STAT,9.9732302940161333,Sheet1,D438
LAMP3,MAPK,0,Sheet1,E438
LAMP3,NFkB,0,Sheet1,F438
LAMP3,PI3K,0,Sheet1,G438
LAMP3,TGFb,0,Sheet1,H438
LAMP3,TNFa,0,Sheet1,I438
LAMP3,Trail,0,Sheet1,J438
LAMP3,VEGF,0,Sheet1,K438
LAMP3,p53,0,Sheet1,L438
LAMTOR5-AS1,EGFR,0,Sheet1,B439
LAMTOR5-AS1,Hypoxia,0,Sheet1,C439
LAMTOR5-AS1,JAK.STAT,0,Sheet1,D439
LAMTOR5-AS1,MAPK,0,Sheet1,E439
LAMTOR5-AS1,NFkB,0,Sheet1,F439
LAMTOR5-AS1,PI3K,-8.0315855193524186,Sheet1,G439
LAMTOR5-AS1,TGFb,0,Sheet1,H439
LAMTOR5-AS1,TNFa,0,Sheet1,I439
LAMTOR5-AS1,Trail,0,Sheet1,J439
LAMTOR5-AS1,VEGF,0,Sheet1,K439
LAMTOR5-AS1,p53,0,Sheet1,L439
LAP3,EGFR,0,Sheet1,B440
LAP3,Hypoxia,0,Sheet1,C440
LAP3,JAK.STAT,7.3849588673353095,Sheet1,D440
LAP3,MAPK,0,Sheet1,E440
LAP3,NFkB,0,Sheet1,F440
LAP3,PI3K,0,Sheet1,G440
LAP3,TGFb,0,Sheet1,H440
LAP3,TNFa,0,Sheet1,I440
LAP3,Trail,0,Sheet1,J440
LAP3,VEGF,0,Sheet1,K440
LAP3,p53,0,Sheet1,L440
LARP7,EGFR,-0.91707745578243038,Sheet1,B441
LARP7,Hypoxia,0,Sheet1,C441
LARP7,JAK.STAT,0,Sheet1,D441
LARP7,MAPK,0,Sheet1,E441
LARP7,NFkB,0,Sheet1,F441
LARP7,PI3K,0,Sheet1,G441
LARP7,TGFb,0,Sheet1,H441
LARP7,TNFa,0,Sheet1,I441
LARP7,Trail,0,Sheet1,J441
LARP7,VEGF,0,Sheet1,K441
LARP7,p53,0,Sheet1,L441
LCE1B,EGFR,0,Sheet1,B442
LCE1B,Hypoxia,0,Sheet1,C442
LCE1B,JAK.STAT,0,Sheet1,D442
LCE1B,MAPK,0,Sheet1,E442
LCE1B,NFkB,0,Sheet1,F442
LCE1B,PI3K,0,Sheet1,G442
LCE1B,TGFb,0,Sheet1,H442
LCE1B,TNFa,0,Sheet1,I442
LCE1B,Trail,0,Sheet1,J442
LCE1B,VEGF,0,Sheet1,K442
LCE1B,p53,11.81373659688734,Sheet1,L442
LCE1C,EGFR,0,Sheet1,B443
LCE1C,Hypoxia,0,Sheet1,C443
LCE1C,JAK.STAT,0,Sheet1,D443
LCE1C,MAPK,0,Sheet1,E443
LCE1C,NFkB,0,Sheet1,F443
LCE1C,PI3K,0,Sheet1,G443
LCE1C,TGFb,0,Sheet1,H443
LCE1C,TNFa,0,Sheet1,I443
LCE1C,Trail,0,Sheet1,J443
LCE1C,VEGF,0,Sheet1,K443
LCE1C,p53,30.220747276406065,Sheet1,L443
LDHA,EGFR,0,Sheet1,B444
LDHA,Hypoxia,7.6534503218043319,Sheet1,C444
LDHA,JAK.STAT,0,Sheet1,D444
LDHA,MAPK,0,Sheet1,E444
LDHA,NFkB,0,Sheet1,F444
LDHA,PI3K,0,Sheet1,G444
LDHA,TGFb,0,Sheet1,H444
LDHA,TNFa,0,Sheet1,I444
LDHA,Trail,0,Sheet1,J444
LDHA,VEGF,0,Sheet1,K444
LDHA,p53,0,Sheet1,L444
LDLR,EGFR,0,Sheet1,B445
LDLR,Hypoxia,0,Sheet1,C445
LDLR,JAK.STAT,0,Sheet1,D445
LDLR,MAPK,3.0739109857552878,Sheet1,E445
LDLR,NFkB,0,Sheet1,F445
LDLR,PI3K,0,Sheet1,G445
LDLR,TGFb,0,Sheet1,H445
LDLR,TNFa,0,Sheet1,I445
LDLR,Trail,0,Sheet1,J445
LDLR,VEGF,0,Sheet1,K445
LDLR,p53,0,Sheet1,L445
LECT2,EGFR,0,Sheet1,B446
LECT2,Hypoxia,0,Sheet1,C446
LECT2,JAK.STAT,0,Sheet1,D446
LECT2,MAPK,0,Sheet1,E446
LECT2,NFkB,0,Sheet1,F446
LECT2,PI3K,0,Sheet1,G446
LECT2,TGFb,2.9089513707402834,Sheet1,H446
LECT2,TNFa,0,Sheet1,I446
LECT2,Trail,0,Sheet1,J446
LECT2,VEGF,0,Sheet1,K446
LECT2,p53,0,Sheet1,L446
LIM2,EGFR,0,Sheet1,B447
LIM2,Hypoxia,0,Sheet1,C447
LIM2,JAK.STAT,0,Sheet1,D447
LIM2,MAPK,0,Sheet1,E447
LIM2,NFkB,0,Sheet1,F447
LIM2,PI3K,0,Sheet1,G447
LIM2,TGFb,0,Sheet1,H447
LIM2,TNFa,0,Sheet1,I447
LIM2,Trail,1.123151435766687,Sheet1,J447
LIM2,VEGF,0,Sheet1,K447
LIM2,p53,0,Sheet1,L447
LIMS2,EGFR,0,Sheet1,B448
LIMS2,Hypoxia,0,Sheet1,C448
LIMS2,JAK.STAT,0,Sheet1,D448
LIMS2,MAPK,0,Sheet1,E448
LIMS2,NFkB,0,Sheet1,F448
LIMS2,PI3K,0,Sheet1,G448
LIMS2,TGFb,2.2749467412420898,Sheet1,H448
LIMS2,TNFa,0,Sheet1,I448
LIMS2,Trail,0,Sheet1,J448
LIMS2,VEGF,0,Sheet1,K448
LIMS2,p53,0,Sheet1,L448
LINC00163,EGFR,0,Sheet1,B449
LINC00163,Hypoxia,0,Sheet1,C449
LINC00163,JAK.STAT,0,Sheet1,D449
LINC00163,MAPK,0,Sheet1,E449
LINC00163,NFkB,0,Sheet1,F449
LINC00163,PI3K,0,Sheet1,G449
LINC00163,TGFb,0,Sheet1,H449
LINC00163,TNFa,0,Sheet1,I449
LINC00163,Trail,1.8582316675045778,Sheet1,J449
LINC00163,VEGF,0,Sheet1,K449
LINC00163,p53,0,Sheet1,L449
LINC00312,EGFR,0,Sheet1,B450
LINC00312,Hypoxia,0,Sheet1,C450
LINC00312,JAK.STAT,0,Sheet1,D450
LINC00312,MAPK,0,Sheet1,E450
LINC00312,NFkB,0,Sheet1,F450
LINC00312,PI3K,0,Sheet1,G450
LINC00312,TGFb,4.4289870935337694,Sheet1,H450
LINC00312,TNFa,0,Sheet1,I450
LINC00312,Trail,0,Sheet1,J450
LINC00312,VEGF,0,Sheet1,K450
LINC00312,p53,0,Sheet1,L450
LINC00642,EGFR,0,Sheet1,B451
LINC00642,Hypoxia,0,Sheet1,C451
LINC00642,JAK.STAT,0,Sheet1,D451
LINC00642,MAPK,0,Sheet1,E451
LINC00642,NFkB,0,Sheet1,F451
LINC00642,PI3K,0,Sheet1,G451
LINC00642,TGFb,0,Sheet1,H451
LINC00642,TNFa,0,Sheet1,I451
LINC00642,Trail,0.92632955883389101,Sheet1,J451
LINC00642,VEGF,0,Sheet1,K451
LINC00642,p53,0,Sheet1,L451
LINC01013,EGFR,0,Sheet1,B452
LINC01013,Hypoxia,0,Sheet1,C452
LINC01013,JAK.STAT,0,Sheet1,D452
LINC01013,MAPK,0,Sheet1,E452
LINC01013,NFkB,0,Sheet1,F452
LINC01013,PI3K,0,Sheet1,G452
LINC01013,TGFb,0,Sheet1,H452
LINC01013,TNFa,0,Sheet1,I452
LINC01013,Trail,1.6419750937114803,Sheet1,J452
LINC01013,VEGF,0,Sheet1,K452
LINC01013,p53,0,Sheet1,L452
LINC01095,EGFR,0,Sheet1,B453
LINC01095,Hypoxia,0,Sheet1,C453
LINC01095,JAK.STAT,0,Sheet1,D453
LINC01095,MAPK,0,Sheet1,E453
LINC01095,NFkB,0,Sheet1,F453
LINC01095,PI3K,0,Sheet1,G453
LINC01095,TGFb,0,Sheet1,H453
LINC01095,TNFa,0,Sheet1,I453
LINC01095,Trail,1.2526847448027125,Sheet1,J453
LINC01095,VEGF,0,Sheet1,K453
LINC01095,p53,0,Sheet1,L453
LINC01226,EGFR,0,Sheet1,B454
LINC01226,Hypoxia,0,Sheet1,C454
LINC01226,JAK.STAT,0,Sheet1,D454
LINC01226,MAPK,0,Sheet1,E454
LINC01226,NFkB,0,Sheet1,F454
LINC01226,PI3K,0,Sheet1,G454
LINC01226,TGFb,0,Sheet1,H454
LINC01226,TNFa,0,Sheet1,I454
LINC01226,Trail,2.0080946381392626,Sheet1,J454
LINC01226,VEGF,0,Sheet1,K454
LINC01226,p53,0,Sheet1,L454
LINC01355,EGFR,0,Sheet1,B455
LINC01355,Hypoxia,0,Sheet1,C455
LINC01355,JAK.STAT,0,Sheet1,D455
LINC01355,MAPK,0,Sheet1,E455
LINC01355,NFkB,0,Sheet1,F455
LINC01355,PI3K,0,Sheet1,G455
LINC01355,TGFb,0,Sheet1,H455
LINC01355,TNFa,0,Sheet1,I455
LINC01355,Trail,0,Sheet1,J455
LINC01355,VEGF,3.867232246388971,Sheet1,K455
LINC01355,p53,0,Sheet1,L455
LINC01558,EGFR,0,Sheet1,B456
LINC01558,Hypoxia,0,Sheet1,C456
LINC01558,JAK.STAT,0,Sheet1,D456
LINC01558,MAPK,0,Sheet1,E456
LINC01558,NFkB,0,Sheet1,F456
LINC01558,PI3K,0,Sheet1,G456
LINC01558,TGFb,0,Sheet1,H456
LINC01558,TNFa,0,Sheet1,I456
LINC01558,Trail,0,Sheet1,J456
LINC01558,VEGF,-1.2064264565242291,Sheet1,K456
LINC01558,p53,0,Sheet1,L456
LMCD1,EGFR,0,Sheet1,B457
LMCD1,Hypoxia,0,Sheet1,C457
LMCD1,JAK.STAT,0,Sheet1,D457
LMCD1,MAPK,0,Sheet1,E457
LMCD1,NFkB,0,Sheet1,F457
LMCD1,PI3K,0,Sheet1,G457
LMCD1,TGFb,5.6752815262663745,Sheet1,H457
LMCD1,TNFa,0,Sheet1,I457
LMCD1,Trail,0,Sheet1,J457
LMCD1,VEGF,0,Sheet1,K457
LMCD1,p53,0,Sheet1,L457
LMO2,EGFR,0,Sheet1,B458
LMO2,Hypoxia,0,Sheet1,C458
LMO2,JAK.STAT,0,Sheet1,D458
LMO2,MAPK,0,Sheet1,E458
LMO2,NFkB,0,Sheet1,F458
LMO2,PI3K,0,Sheet1,G458
LMO2,TGFb,0,Sheet1,H458
LMO2,TNFa,0,Sheet1,I458
LMO2,Trail,0,Sheet1,J458
LMO2,VEGF,3.651742989258342,Sheet1,K458
LMO2,p53,0,Sheet1,L458
LOC100130417,EGFR,0,Sheet1,B459
LOC100130417,Hypoxia,0,Sheet1,C459
LOC100130417,JAK.STAT,0,Sheet1,D459
LOC100130417,MAPK,0,Sheet1,E459
LOC100130417,NFkB,0,Sheet1,F459
LOC100130417,PI3K,0,Sheet1,G459
LOC100130417,TGFb,4.1322739699433688,Sheet1,H459
LOC100130417,TNFa,0,Sheet1,I459
LOC100130417,Trail,0,Sheet1,J459
LOC100130417,VEGF,0,Sheet1,K459
LOC100130417,p53,0,Sheet1,L459
LOC100130476,EGFR,0,Sheet1,B460
LOC100130476,Hypoxia,0,Sheet1,C460
LOC100130476,JAK.STAT,0,Sheet1,D460
LOC100130476,MAPK,0,Sheet1,E460
LOC100130476,NFkB,0,Sheet1,F460
LOC100130476,PI3K,0,Sheet1,G460
LOC100130476,TGFb,0,Sheet1,H460
LOC100130476,TNFa,6.5106544912057469,Sheet1,I460
LOC100130476,Trail,0,Sheet1,J460
LOC100130476,VEGF,0,Sheet1,K460
LOC100130476,p53,0,Sheet1,L460
LOC100131655,EGFR,0,Sheet1,B461
LOC100131655,Hypoxia,0,Sheet1,C461
LOC100131655,JAK.STAT,0,Sheet1,D461
LOC100131655,MAPK,0,Sheet1,E461
LOC100131655,NFkB,0,Sheet1,F461
LOC100131655,PI3K,0,Sheet1,G461
LOC100131655,TGFb,0,Sheet1,H461
LOC100131655,TNFa,0,Sheet1,I461
LOC100131655,Trail,1.6698046294383586,Sheet1,J461
LOC100131655,VEGF,0,Sheet1,K461
LOC100131655,p53,0,Sheet1,L461
LOC100133106,EGFR,0,Sheet1,B462
LOC100133106,Hypoxia,0,Sheet1,C462
LOC100133106,JAK.STAT,0,Sheet1,D462
LOC100133106,MAPK,0,Sheet1,E462
LOC100133106,NFkB,0,Sheet1,F462
LOC100133106,PI3K,0,Sheet1,G462
LOC100133106,TGFb,0,Sheet1,H462
LOC100133106,TNFa,0,Sheet1,I462
LOC100133106,Trail,0,Sheet1,J462
LOC100133106,VEGF,26.754920567847655,Sheet1,K462
LOC100133106,p53,0,Sheet1,L462
LOC100134937,EGFR,0,Sheet1,B463
LOC100134937,Hypoxia,0,Sheet1,C463
LOC100134937,JAK.STAT,0,Sheet1,D463
LOC100134937,MAPK,0,Sheet1,E463
LOC100134937,NFkB,0,Sheet1,F463
LOC100134937,PI3K,-8.910734122364131,Sheet1,G463
LOC100134937,TGFb,0,Sheet1,H463
LOC100134937,TNFa,0,Sheet1,I463
LOC100134937,Trail,0,Sheet1,J463
LOC100134937,VEGF,0,Sheet1,K463
LOC100134937,p53,0,Sheet1,L463
LOC100190986,EGFR,0,Sheet1,B464
LOC100190986,Hypoxia,0,Sheet1,C464
LOC100190986,JAK.STAT,0,Sheet1,D464
LOC100190986,MAPK,0,Sheet1,E464
LOC100190986,NFkB,0,Sheet1,F464
LOC100190986,PI3K,0,Sheet1,G464
LOC100190986,TGFb,0,Sheet1,H464
LOC100190986,TNFa,0,Sheet1,I464
LOC100190986,Trail,-4.081676886869297,Sheet1,J464
LOC100190986,VEGF,0,Sheet1,K464
LOC100190986,p53,0,Sheet1,L464
LOC100288160,EGFR,0,Sheet1,B465
LOC100288160,Hypoxia,0,Sheet1,C465
LOC100288160,JAK.STAT,0,Sheet1,D465
LOC100288160,MAPK,0,Sheet1,E465
LOC100288160,NFkB,0,Sheet1,F465
LOC100288160,PI3K,0,Sheet1,G465
LOC100288160,TGFb,0,Sheet1,H465
LOC100288160,TNFa,0,Sheet1,I465
LOC100288160,Trail,0,Sheet1,J465
LOC100288160,VEGF,-6.3542784632186251,Sheet1,K465
LOC100288160,p53,0,Sheet1,L465
LOC100291323,EGFR,0,Sheet1,B466
LOC100291323,Hypoxia,0,Sheet1,C466
LOC100291323,JAK.STAT,0,Sheet1,D466
LOC100291323,MAPK,0,Sheet1,E466
LOC100291323,NFkB,0,Sheet1,F466
LOC100291323,PI3K,0,Sheet1,G466
LOC100291323,TGFb,0,Sheet1,H466
LOC100291323,TNFa,0,Sheet1,I466
LOC100291323,Trail,-3.2310897997953747,Sheet1,J466
LOC100291323,VEGF,0,Sheet1,K466
LOC100291323,p53,0,Sheet1,L466
LOC100291666,EGFR,0,Sheet1,B467
LOC100291666,Hypoxia,0,Sheet1,C467
LOC100291666,JAK.STAT,0,Sheet1,D467
LOC100291666,MAPK,0,Sheet1,E467
LOC100291666,NFkB,0,Sheet1,F467
LOC100291666,PI3K,0,Sheet1,G467
LOC100291666,TGFb,0,Sheet1,H467
LOC100291666,TNFa,0,Sheet1,I467
LOC100291666,Trail,0,Sheet1,J467
LOC100291666,VEGF,2.3759754336732084,Sheet1,K467
LOC100291666,p53,0,Sheet1,L467
LOC100505938,EGFR,0,Sheet1,B468
LOC100505938,Hypoxia,0,Sheet1,C468
LOC100505938,JAK.STAT,0,Sheet1,D468
LOC100505938,MAPK,0,Sheet1,E468
LOC100505938,NFkB,0,Sheet1,F468
LOC100505938,PI3K,-8.285445628429434,Sheet1,G468
LOC100505938,TGFb,0,Sheet1,H468
LOC100505938,TNFa,0,Sheet1,I468
LOC100505938,Trail,0,Sheet1,J468
LOC100505938,VEGF,0,Sheet1,K468
LOC100505938,p53,0,Sheet1,L468
LOC100506125,EGFR,0,Sheet1,B469
LOC100506125,Hypoxia,0,Sheet1,C469
LOC100506125,JAK.STAT,0,Sheet1,D469
LOC100506125,MAPK,0,Sheet1,E469
LOC100506125,NFkB,0,Sheet1,F469
LOC100506125,PI3K,-4.8813635445385906,Sheet1,G469
LOC100506125,TGFb,0,Sheet1,H469
LOC100506125,TNFa,0,Sheet1,I469
LOC100506125,Trail,0,Sheet1,J469
LOC100506125,VEGF,0,Sheet1,K469
LOC100506125,p53,0,Sheet1,L469
LOC100506725,EGFR,0,Sheet1,B470
LOC100506725,Hypoxia,0,Sheet1,C470
LOC100506725,JAK.STAT,0,Sheet1,D470
LOC100506725,MAPK,0,Sheet1,E470
LOC100506725,NFkB,0,Sheet1,F470
LOC100506725,PI3K,-4.6033253978436699,Sheet1,G470
LOC100506725,TGFb,0,Sheet1,H470
LOC100506725,TNFa,0,Sheet1,I470
LOC100506725,Trail,0,Sheet1,J470
LOC100506725,VEGF,0,Sheet1,K470
LOC100506725,p53,0,Sheet1,L470
LOC100507477,EGFR,0,Sheet1,B471
LOC100507477,Hypoxia,0,Sheet1,C471
LOC100507477,JAK.STAT,0,Sheet1,D471
LOC100507477,MAPK,0,Sheet1,E471
LOC100507477,NFkB,0,Sheet1,F471
LOC100507477,PI3K,-4.8821513308509701,Sheet1,G471
LOC100507477,TGFb,0,Sheet1,H471
LOC100507477,TNFa,0,Sheet1,I471
LOC100507477,Trail,0,Sheet1,J471
LOC100507477,VEGF,0,Sheet1,K471
LOC100507477,p53,0,Sheet1,L471
LOC100996579,EGFR,0,Sheet1,B472
LOC100996579,Hypoxia,0,Sheet1,C472
LOC100996579,JAK.STAT,0,Sheet1,D472
LOC100996579,MAPK,0,Sheet1,E472
LOC100996579,NFkB,0,Sheet1,F472
LOC100996579,PI3K,0,Sheet1,G472
LOC100996579,TGFb,0,Sheet1,H472
LOC100996579,TNFa,0,Sheet1,I472
LOC100996579,Trail,0,Sheet1,J472
LOC100996579,VEGF,-3.444280544885697,Sheet1,K472
LOC100996579,p53,0,Sheet1,L472
LOC101926892,EGFR,0,Sheet1,B473
LOC101926892,Hypoxia,0,Sheet1,C473
LOC101926892,JAK.STAT,0,Sheet1,D473
LOC101926892,MAPK,0,Sheet1,E473
LOC101926892,NFkB,0,Sheet1,F473
LOC101926892,PI3K,0,Sheet1,G473
LOC101926892,TGFb,0,Sheet1,H473
LOC101926892,TNFa,0,Sheet1,I473
LOC101926892,Trail,-1.3807377642579235,Sheet1,J473
LOC101926892,VEGF,0,Sheet1,K473
LOC101926892,p53,0,Sheet1,L473
LOC101927363,EGFR,1.5104066133828027,Sheet1,B474
LOC101927363,Hypoxia,0,Sheet1,C474
LOC101927363,JAK.STAT,0,Sheet1,D474
LOC101927363,MAPK,0,Sheet1,E474
LOC101927363,NFkB,0,Sheet1,F474
LOC101927363,PI3K,0,Sheet1,G474
LOC101927363,TGFb,0,Sheet1,H474
LOC101927363,TNFa,0,Sheet1,I474
LOC101927363,Trail,-1.6054335475800083,Sheet1,J474
LOC101927363,VEGF,0,Sheet1,K474
LOC101927363,p53,0,Sheet1,L474
LOC101927641,EGFR,0,Sheet1,B475
LOC101927641,Hypoxia,0,Sheet1,C475
LOC101927641,JAK.STAT,0,Sheet1,D475
LOC101927641,MAPK,0,Sheet1,E475
LOC101927641,NFkB,0,Sheet1,F475
LOC101927641,PI3K,0,Sheet1,G475
LOC101927641,TGFb,0,Sheet1,H475
LOC101927641,TNFa,0,Sheet1,I475
LOC101927641,Trail,1.2862473937908077,Sheet1,J475
LOC101927641,VEGF,0,Sheet1,K475
LOC101927641,p53,0,Sheet1,L475
LOC101927809,EGFR,0,Sheet1,B476
LOC101927809,Hypoxia,0,Sheet1,C476
LOC101927809,JAK.STAT,0,Sheet1,D476
LOC101927809,MAPK,0,Sheet1,E476
LOC101927809,NFkB,0,Sheet1,F476
LOC101927809,PI3K,-6.9352358491487296,Sheet1,G476
LOC101927809,TGFb,0,Sheet1,H476
LOC101927809,TNFa,0,Sheet1,I476
LOC101927809,Trail,0,Sheet1,J476
LOC101927809,VEGF,0,Sheet1,K476
LOC101927809,p53,0,Sheet1,L476
LOC101928045,EGFR,0,Sheet1,B477
LOC101928045,Hypoxia,0,Sheet1,C477
LOC101928045,JAK.STAT,0,Sheet1,D477
LOC101928045,MAPK,0,Sheet1,E477
LOC101928045,NFkB,0,Sheet1,F477
LOC101928045,PI3K,0,Sheet1,G477
LOC101928045,TGFb,0,Sheet1,H477
LOC101928045,TNFa,0,Sheet1,I477
LOC101928045,Trail,0,Sheet1,J477
LOC101928045,VEGF,-3.9218308342654091,Sheet1,K477
LOC101928045,p53,0,Sheet1,L477
LOC101928076,EGFR,0,Sheet1,B478
LOC101928076,Hypoxia,0,Sheet1,C478
LOC101928076,JAK.STAT,0,Sheet1,D478
LOC101928076,MAPK,0,Sheet1,E478
LOC101928076,NFkB,0,Sheet1,F478
LOC101928076,PI3K,0,Sheet1,G478
LOC101928076,TGFb,5.7124712511431861,Sheet1,H478
LOC101928076,TNFa,0,Sheet1,I478
LOC101928076,Trail,0,Sheet1,J478
LOC101928076,VEGF,0,Sheet1,K478
LOC101928076,p53,0,Sheet1,L478
LOC101928271,EGFR,0,Sheet1,B479
LOC101928271,Hypoxia,0,Sheet1,C479
LOC101928271,JAK.STAT,0,Sheet1,D479
LOC101928271,MAPK,0,Sheet1,E479
LOC101928271,NFkB,0,Sheet1,F479
LOC101928271,PI3K,0,Sheet1,G479
LOC101928271,TGFb,0,Sheet1,H479
LOC101928271,TNFa,0,Sheet1,I479
LOC101928271,Trail,1.2034407156719331,Sheet1,J479
LOC101928271,VEGF,0,Sheet1,K479
LOC101928271,p53,0,Sheet1,L479
LOC101928424,EGFR,0,Sheet1,B480
LOC101928424,Hypoxia,0,Sheet1,C480
LOC101928424,JAK.STAT,0,Sheet1,D480
LOC101928424,MAPK,0,Sheet1,E480
LOC101928424,NFkB,0,Sheet1,F480
LOC101928424,PI3K,-4.6274450101887226,Sheet1,G480
LOC101928424,TGFb,0,Sheet1,H480
LOC101928424,TNFa,0,Sheet1,I480
LOC101928424,Trail,0,Sheet1,J480
LOC101928424,VEGF,0,Sheet1,K480
LOC101928424,p53,0,Sheet1,L480
LOC101928446,EGFR,0,Sheet1,B481
LOC101928446,Hypoxia,0,Sheet1,C481
LOC101928446,JAK.STAT,0,Sheet1,D481
LOC101928446,MAPK,0,Sheet1,E481
LOC101928446,NFkB,0,Sheet1,F481
LOC101928446,PI3K,0,Sheet1,G481
LOC101928446,TGFb,0,Sheet1,H481
LOC101928446,TNFa,0,Sheet1,I481
LOC101928446,Trail,1.3653484566665701,Sheet1,J481
LOC101928446,VEGF,0,Sheet1,K481
LOC101928446,p53,0,Sheet1,L481
LOC101928580,EGFR,0,Sheet1,B482
LOC101928580,Hypoxia,0,Sheet1,C482
LOC101928580,JAK.STAT,0,Sheet1,D482
LOC101928580,MAPK,0,Sheet1,E482
LOC101928580,NFkB,0,Sheet1,F482
LOC101928580,PI3K,0,Sheet1,G482
LOC101928580,TGFb,0,Sheet1,H482
LOC101928580,TNFa,0,Sheet1,I482
LOC101928580,Trail,1.4634596858724556,Sheet1,J482
LOC101928580,VEGF,0,Sheet1,K482
LOC101928580,p53,0,Sheet1,L482
LOC101929609,EGFR,0,Sheet1,B483
LOC101929609,Hypoxia,0,Sheet1,C483
LOC101929609,JAK.STAT,0,Sheet1,D483
LOC101929609,MAPK,0,Sheet1,E483
LOC101929609,NFkB,0,Sheet1,F483
LOC101929609,PI3K,0,Sheet1,G483
LOC101929609,TGFb,0,Sheet1,H483
LOC101929609,TNFa,0,Sheet1,I483
LOC101929609,Trail,-1.7198281767259322,Sheet1,J483
LOC101929609,VEGF,0,Sheet1,K483
LOC101929609,p53,0,Sheet1,L483
LOC102724587,EGFR,0,Sheet1,B484
LOC102724587,Hypoxia,0,Sheet1,C484
LOC102724587,JAK.STAT,0,Sheet1,D484
LOC102724587,MAPK,0,Sheet1,E484
LOC102724587,NFkB,0,Sheet1,F484
LOC102724587,PI3K,0,Sheet1,G484
LOC102724587,TGFb,0,Sheet1,H484
LOC102724587,TNFa,0,Sheet1,I484
LOC102724587,Trail,-3.4921889517840761,Sheet1,J484
LOC102724587,VEGF,0,Sheet1,K484
LOC102724587,p53,0,Sheet1,L484
LOC105373860,EGFR,0,Sheet1,B485
LOC105373860,Hypoxia,0,Sheet1,C485
LOC105373860,JAK.STAT,0,Sheet1,D485
LOC105373860,MAPK,0,Sheet1,E485
LOC105373860,NFkB,0,Sheet1,F485
LOC105373860,PI3K,0,Sheet1,G485
LOC105373860,TGFb,0,Sheet1,H485
LOC105373860,TNFa,0,Sheet1,I485
LOC105373860,Trail,0,Sheet1,J485
LOC105373860,VEGF,-3.0665271066797559,Sheet1,K485
LOC105373860,p53,0,Sheet1,L485
LOC105375483,EGFR,0,Sheet1,B486
LOC105375483,Hypoxia,0,Sheet1,C486
LOC105375483,JAK.STAT,0,Sheet1,D486
LOC105375483,MAPK,0,Sheet1,E486
LOC105375483,NFkB,0,Sheet1,F486
LOC105375483,PI3K,0,Sheet1,G486
LOC105375483,TGFb,0,Sheet1,H486
LOC105375483,TNFa,0,Sheet1,I486
LOC105375483,Trail,1.4762155295448467,Sheet1,J486
LOC105375483,VEGF,0,Sheet1,K486
LOC105375483,p53,0,Sheet1,L486
LOC105375839,EGFR,1.4286168392832919,Sheet1,B487
LOC105375839,Hypoxia,0,Sheet1,C487
LOC105375839,JAK.STAT,0,Sheet1,D487
LOC105375839,MAPK,0,Sheet1,E487
LOC105375839,NFkB,0,Sheet1,F487
LOC105375839,PI3K,0,Sheet1,G487
LOC105375839,TGFb,0,Sheet1,H487
LOC105375839,TNFa,0,Sheet1,I487
LOC105375839,Trail,0,Sheet1,J487
LOC105375839,VEGF,0,Sheet1,K487
LOC105375839,p53,0,Sheet1,L487
LOC105378419,EGFR,0,Sheet1,B488
LOC105378419,Hypoxia,0,Sheet1,C488
LOC105378419,JAK.STAT,0,Sheet1,D488
LOC105378419,MAPK,0,Sheet1,E488
LOC105378419,NFkB,0,Sheet1,F488
LOC105378419,PI3K,0,Sheet1,G488
LOC105378419,TGFb,0,Sheet1,H488
LOC105378419,TNFa,0,Sheet1,I488
LOC105378419,Trail,1.7777723693764989,Sheet1,J488
LOC105378419,VEGF,0,Sheet1,K488
LOC105378419,p53,0,Sheet1,L488
LOC146513,EGFR,0,Sheet1,B489
LOC146513,Hypoxia,0,Sheet1,C489
LOC146513,JAK.STAT,0,Sheet1,D489
LOC146513,MAPK,0,Sheet1,E489
LOC146513,NFkB,0,Sheet1,F489
LOC146513,PI3K,0,Sheet1,G489
LOC146513,TGFb,0,Sheet1,H489
LOC146513,TNFa,0,Sheet1,I489
LOC146513,Trail,-1.3462942114141054,Sheet1,J489
LOC146513,VEGF,0,Sheet1,K489
LOC146513,p53,0,Sheet1,L489
LOC154761,EGFR,0,Sheet1,B490
LOC154761,Hypoxia,10.191875799876831,Sheet1,C490
LOC154761,JAK.STAT,0,Sheet1,D490
LOC154761,MAPK,0,Sheet1,E490
LOC154761,NFkB,0,Sheet1,F490
LOC154761,PI3K,0,Sheet1,G490
LOC154761,TGFb,0,Sheet1,H490
LOC154761,TNFa,0,Sheet1,I490
LOC154761,Trail,0,Sheet1,J490
LOC154761,VEGF,0,Sheet1,K490
LOC154761,p53,0,Sheet1,L490
LOC253573,EGFR,0,Sheet1,B491
LOC253573,Hypoxia,0,Sheet1,C491
LOC253573,JAK.STAT,0,Sheet1,D491
LOC253573,MAPK,0,Sheet1,E491
LOC253573,NFkB,0,Sheet1,F491
LOC253573,PI3K,0,Sheet1,G491
LOC253573,TGFb,0,Sheet1,H491
LOC253573,TNFa,0,Sheet1,I491
LOC253573,Trail,-1.1973932001842047,Sheet1,J491
LOC253573,VEGF,0,Sheet1,K491
LOC253573,p53,0,Sheet1,L491
LOC283075,EGFR,0,Sheet1,B492
LOC283075,Hypoxia,0,Sheet1,C492
LOC283075,JAK.STAT,0,Sheet1,D492
LOC283075,MAPK,0,Sheet1,E492
LOC283075,NFkB,0,Sheet1,F492
LOC283075,PI3K,-3.969674060411005,Sheet1,G492
LOC283075,TGFb,0,Sheet1,H492
LOC283075,TNFa,0,Sheet1,I492
LOC283075,Trail,0,Sheet1,J492
LOC283075,VEGF,0,Sheet1,K492
LOC283075,p53,0,Sheet1,L492
LOC283861,EGFR,0,Sheet1,B493
LOC283861,Hypoxia,0,Sheet1,C493
LOC283861,JAK.STAT,0,Sheet1,D493
LOC283861,MAPK,0,Sheet1,E493
LOC283861,NFkB,0,Sheet1,F493
LOC283861,PI3K,-12.66826977189484,Sheet1,G493
LOC283861,TGFb,0,Sheet1,H493
LOC283861,TNFa,0,Sheet1,I493
LOC283861,Trail,0,Sheet1,J493
LOC283861,VEGF,0,Sheet1,K493
LOC283861,p53,0,Sheet1,L493
LOC285043,EGFR,0,Sheet1,B494
LOC285043,Hypoxia,0,Sheet1,C494
LOC285043,JAK.STAT,0,Sheet1,D494
LOC285043,MAPK,0,Sheet1,E494
LOC285043,NFkB,0,Sheet1,F494
LOC285043,PI3K,0,Sheet1,G494
LOC285043,TGFb,0,Sheet1,H494
LOC285043,TNFa,0,Sheet1,I494
LOC285043,Trail,1.2535346110856718,Sheet1,J494
LOC285043,VEGF,0,Sheet1,K494
LOC285043,p53,0,Sheet1,L494
LOC285097,EGFR,0,Sheet1,B495
LOC285097,Hypoxia,0,Sheet1,C495
LOC285097,JAK.STAT,0,Sheet1,D495
LOC285097,MAPK,0,Sheet1,E495
LOC285097,NFkB,0,Sheet1,F495
LOC285097,PI3K,0,Sheet1,G495
LOC285097,TGFb,0,Sheet1,H495
LOC285097,TNFa,0,Sheet1,I495
LOC285097,Trail,-1.5560107253813531,Sheet1,J495
LOC285097,VEGF,0,Sheet1,K495
LOC285097,p53,0,Sheet1,L495
LOC400710,EGFR,0,Sheet1,B496
LOC400710,Hypoxia,0,Sheet1,C496
LOC400710,JAK.STAT,0,Sheet1,D496
LOC400710,MAPK,0,Sheet1,E496
LOC400710,NFkB,0,Sheet1,F496
LOC400710,PI3K,0,Sheet1,G496
LOC400710,TGFb,0,Sheet1,H496
LOC400710,TNFa,0,Sheet1,I496
LOC400710,Trail,0,Sheet1,J496
LOC400710,VEGF,0,Sheet1,K496
LOC400710,p53,4.245149037088769,Sheet1,L496
LOC440300,EGFR,0,Sheet1,B497
LOC440300,Hypoxia,0,Sheet1,C497
LOC440300,JAK.STAT,0,Sheet1,D497
LOC440300,MAPK,0,Sheet1,E497
LOC440300,NFkB,0,Sheet1,F497
LOC440300,PI3K,0,Sheet1,G497
LOC440300,TGFb,0,Sheet1,H497
LOC440300,TNFa,0,Sheet1,I497
LOC440300,Trail,0,Sheet1,J497
LOC440300,VEGF,-4.1016874916943236,Sheet1,K497
LOC440300,p53,0,Sheet1,L497
LOC441179,EGFR,0,Sheet1,B498
LOC441179,Hypoxia,0,Sheet1,C498
LOC441179,JAK.STAT,0,Sheet1,D498
LOC441179,MAPK,0,Sheet1,E498
LOC441179,NFkB,0,Sheet1,F498
LOC441179,PI3K,0,Sheet1,G498
LOC441179,TGFb,0,Sheet1,H498
LOC441179,TNFa,0,Sheet1,I498
LOC441179,Trail,0,Sheet1,J498
LOC441179,VEGF,-5.589827044012873,Sheet1,K498
LOC441179,p53,0,Sheet1,L498
LOC441454,EGFR,0,Sheet1,B499
LOC441454,Hypoxia,0,Sheet1,C499
LOC441454,JAK.STAT,0,Sheet1,D499
LOC441454,MAPK,0,Sheet1,E499
LOC441454,NFkB,0,Sheet1,F499
LOC441454,PI3K,0,Sheet1,G499
LOC441454,TGFb,0,Sheet1,H499
LOC441454,TNFa,0,Sheet1,I499
LOC441454,Trail,-1.4632017581949761,Sheet1,J499
LOC441454,VEGF,0,Sheet1,K499
LOC441454,p53,0,Sheet1,L499
LOC727916,EGFR,0,Sheet1,B500
LOC727916,Hypoxia,0,Sheet1,C500
LOC727916,JAK.STAT,0,Sheet1,D500
LOC727916,MAPK,0,Sheet1,E500
LOC727916,NFkB,0,Sheet1,F500
LOC727916,PI3K,0,Sheet1,G500
LOC727916,TGFb,0,Sheet1,H500
LOC727916,TNFa,0,Sheet1,I500
LOC727916,Trail,0,Sheet1,J500
LOC727916,VEGF,0,Sheet1,K500
LOC727916,p53,13.952357888358449,Sheet1,L500
LOC728061,EGFR,-4.4427760011085793,Sheet1,B501
LOC728061,Hypoxia,0,Sheet1,C501
LOC728061,JAK.STAT,0,Sheet1,D501
LOC728061,MAPK,0,Sheet1,E501
LOC728061,NFkB,0,Sheet1,F501
LOC728061,PI3K,0,Sheet1,G501
LOC728061,TGFb,0,Sheet1,H501
LOC728061,TNFa,0,Sheet1,I501
LOC728061,Trail,0,Sheet1,J501
LOC728061,VEGF,0,Sheet1,K501
LOC728061,p53,0,Sheet1,L501
LOX,EGFR,0,Sheet1,B502
LOX,Hypoxia,7.4612078162372732,Sheet1,C502
LOX,JAK.STAT,0,Sheet1,D502
LOX,MAPK,0,Sheet1,E502
LOX,NFkB,0,Sheet1,F502
LOX,PI3K,0,Sheet1,G502
LOX,TGFb,0,Sheet1,H502
LOX,TNFa,0,Sheet1,I502
LOX,Trail,0,Sheet1,J502
LOX,VEGF,0,Sheet1,K502
LOX,p53,0,Sheet1,L502
LOXL2,EGFR,0,Sheet1,B503
LOXL2,Hypoxia,4.6087678665978506,Sheet1,C503
LOXL2,JAK.STAT,0,Sheet1,D503
LOXL2,MAPK,0,Sheet1,E503
LOXL2,NFkB,0,Sheet1,F503
LOXL2,PI3K,0,Sheet1,G503
LOXL2,TGFb,0,Sheet1,H503
LOXL2,TNFa,0,Sheet1,I503
LOXL2,Trail,0,Sheet1,J503
LOXL2,VEGF,0,Sheet1,K503
LOXL2,p53,0,Sheet1,L503
LRMP,EGFR,0,Sheet1,B504
LRMP,Hypoxia,0,Sheet1,C504
LRMP,JAK.STAT,0,Sheet1,D504
LRMP,MAPK,0,Sheet1,E504
LRMP,NFkB,0,Sheet1,F504
LRMP,PI3K,0,Sheet1,G504
LRMP,TGFb,0,Sheet1,H504
LRMP,TNFa,0,Sheet1,I504
LRMP,Trail,0,Sheet1,J504
LRMP,VEGF,-3.3123050701154768,Sheet1,K504
LRMP,p53,0,Sheet1,L504
LRP8,EGFR,0,Sheet1,B505
LRP8,Hypoxia,0,Sheet1,C505
LRP8,JAK.STAT,0,Sheet1,D505
LRP8,MAPK,4.5130042760078135,Sheet1,E505
LRP8,NFkB,0,Sheet1,F505
LRP8,PI3K,0,Sheet1,G505
LRP8,TGFb,0,Sheet1,H505
LRP8,TNFa,0,Sheet1,I505
LRP8,Trail,0,Sheet1,J505
LRP8,VEGF,0,Sheet1,K505
LRP8,p53,0,Sheet1,L505
LRRC15,EGFR,0,Sheet1,B506
LRRC15,Hypoxia,0,Sheet1,C506
LRRC15,JAK.STAT,0,Sheet1,D506
LRRC15,MAPK,0,Sheet1,E506
LRRC15,NFkB,0,Sheet1,F506
LRRC15,PI3K,0,Sheet1,G506
LRRC15,TGFb,2.3045951544477248,Sheet1,H506
LRRC15,TNFa,0,Sheet1,I506
LRRC15,Trail,0,Sheet1,J506
LRRC15,VEGF,0,Sheet1,K506
LRRC15,p53,0,Sheet1,L506
LRRC23,EGFR,0,Sheet1,B507
LRRC23,Hypoxia,0,Sheet1,C507
LRRC23,JAK.STAT,0,Sheet1,D507
LRRC23,MAPK,0,Sheet1,E507
LRRC23,NFkB,0,Sheet1,F507
LRRC23,PI3K,-3.2932531104650931,Sheet1,G507
LRRC23,TGFb,0,Sheet1,H507
LRRC23,TNFa,0,Sheet1,I507
LRRC23,Trail,0,Sheet1,J507
LRRC23,VEGF,0,Sheet1,K507
LRRC23,p53,0,Sheet1,L507
LRRC32,EGFR,0,Sheet1,B508
LRRC32,Hypoxia,0,Sheet1,C508
LRRC32,JAK.STAT,0,Sheet1,D508
LRRC32,MAPK,0,Sheet1,E508
LRRC32,NFkB,0,Sheet1,F508
LRRC32,PI3K,0,Sheet1,G508
LRRC32,TGFb,5.2935956313949433,Sheet1,H508
LRRC32,TNFa,0,Sheet1,I508
LRRC32,Trail,0,Sheet1,J508
LRRC32,VEGF,0,Sheet1,K508
LRRC32,p53,0,Sheet1,L508
LRRN4CL,EGFR,0,Sheet1,B509
LRRN4CL,Hypoxia,0,Sheet1,C509
LRRN4CL,JAK.STAT,0,Sheet1,D509
LRRN4CL,MAPK,0,Sheet1,E509
LRRN4CL,NFkB,0,Sheet1,F509
LRRN4CL,PI3K,0,Sheet1,G509
LRRN4CL,TGFb,-3.7845151265279888,Sheet1,H509
LRRN4CL,TNFa,0,Sheet1,I509
LRRN4CL,Trail,0,Sheet1,J509
LRRN4CL,VEGF,0,Sheet1,K509
LRRN4CL,p53,0,Sheet1,L509
LSM12,EGFR,0,Sheet1,B510
LSM12,Hypoxia,0,Sheet1,C510
LSM12,JAK.STAT,0,Sheet1,D510
LSM12,MAPK,0,Sheet1,E510
LSM12,NFkB,0,Sheet1,F510
LSM12,PI3K,0,Sheet1,G510
LSM12,TGFb,0,Sheet1,H510
LSM12,TNFa,0,Sheet1,I510
LSM12,Trail,-1.9787703156243888,Sheet1,J510
LSM12,VEGF,0,Sheet1,K510
LSM12,p53,0,Sheet1,L510
LTB,EGFR,0,Sheet1,B511
LTB,Hypoxia,0,Sheet1,C511
LTB,JAK.STAT,0,Sheet1,D511
LTB,MAPK,0,Sheet1,E511
LTB,NFkB,3.1875687917698254,Sheet1,F511
LTB,PI3K,0,Sheet1,G511
LTB,TGFb,0,Sheet1,H511
LTB,TNFa,4.8273116314667242,Sheet1,I511
LTB,Trail,0,Sheet1,J511
LTB,VEGF,0,Sheet1,K511
LTB,p53,0,Sheet1,L511
LTBP2,EGFR,0,Sheet1,B512
LTBP2,Hypoxia,0,Sheet1,C512
LTBP2,JAK.STAT,0,Sheet1,D512
LTBP2,MAPK,0,Sheet1,E512
LTBP2,NFkB,0,Sheet1,F512
LTBP2,PI3K,0,Sheet1,G512
LTBP2,TGFb,4.372793934796392,Sheet1,H512
LTBP2,TNFa,0,Sheet1,I512
LTBP2,Trail,0,Sheet1,J512
LTBP2,VEGF,0,Sheet1,K512
LTBP2,p53,0,Sheet1,L512
LZTFL1,EGFR,-1.8738769292529627,Sheet1,B513
LZTFL1,Hypoxia,0,Sheet1,C513
LZTFL1,JAK.STAT,0,Sheet1,D513
LZTFL1,MAPK,0,Sheet1,E513
LZTFL1,NFkB,0,Sheet1,F513
LZTFL1,PI3K,0,Sheet1,G513
LZTFL1,TGFb,0,Sheet1,H513
LZTFL1,TNFa,0,Sheet1,I513
LZTFL1,Trail,0,Sheet1,J513
LZTFL1,VEGF,0,Sheet1,K513
LZTFL1,p53,0,Sheet1,L513
MAN2B2,EGFR,0,Sheet1,B514
MAN2B2,Hypoxia,0,Sheet1,C514
MAN2B2,JAK.STAT,0,Sheet1,D514
MAN2B2,MAPK,-1.9176061372352162,Sheet1,E514
MAN2B2,NFkB,0,Sheet1,F514
MAN2B2,PI3K,0,Sheet1,G514
MAN2B2,TGFb,0,Sheet1,H514
MAN2B2,TNFa,0,Sheet1,I514
MAN2B2,Trail,0,Sheet1,J514
MAN2B2,VEGF,0,Sheet1,K514
MAN2B2,p53,0,Sheet1,L514
MAP3K8,EGFR,0,Sheet1,B515
MAP3K8,Hypoxia,0,Sheet1,C515
MAP3K8,JAK.STAT,0,Sheet1,D515
MAP3K8,MAPK,0,Sheet1,E515
MAP3K8,NFkB,7.3992053647444811,Sheet1,F515
MAP3K8,PI3K,0,Sheet1,G515
MAP3K8,TGFb,0,Sheet1,H515
MAP3K8,TNFa,0,Sheet1,I515
MAP3K8,Trail,0,Sheet1,J515
MAP3K8,VEGF,0,Sheet1,K515
MAP3K8,p53,0,Sheet1,L515
MAPK7,EGFR,0,Sheet1,B516
MAPK7,Hypoxia,2.6319045210840701,Sheet1,C516
MAPK7,JAK.STAT,0,Sheet1,D516
MAPK7,MAPK,0,Sheet1,E516
MAPK7,NFkB,0,Sheet1,F516
MAPK7,PI3K,0,Sheet1,G516
MAPK7,TGFb,0,Sheet1,H516
MAPK7,TNFa,0,Sheet1,I516
MAPK7,Trail,0,Sheet1,J516
MAPK7,VEGF,0,Sheet1,K516
MAPK7,p53,0,Sheet1,L516
MARCKS,EGFR,0,Sheet1,B517
MARCKS,Hypoxia,0,Sheet1,C517
MARCKS,JAK.STAT,0,Sheet1,D517
MARCKS,MAPK,0,Sheet1,E517
MARCKS,NFkB,4.7613730888768151,Sheet1,F517
MARCKS,PI3K,0,Sheet1,G517
MARCKS,TGFb,0,Sheet1,H517
MARCKS,TNFa,0,Sheet1,I517
MARCKS,Trail,0,Sheet1,J517
MARCKS,VEGF,0,Sheet1,K517
MARCKS,p53,0,Sheet1,L517
MBTPS1,EGFR,-1.4066013754786937,Sheet1,B518
MBTPS1,Hypoxia,0,Sheet1,C518
MBTPS1,JAK.STAT,0,Sheet1,D518
MBTPS1,MAPK,0,Sheet1,E518
MBTPS1,NFkB,0,Sheet1,F518
MBTPS1,PI3K,0,Sheet1,G518
MBTPS1,TGFb,0,Sheet1,H518
MBTPS1,TNFa,0,Sheet1,I518
MBTPS1,Trail,0,Sheet1,J518
MBTPS1,VEGF,0,Sheet1,K518
MBTPS1,p53,0,Sheet1,L518
MCAM,EGFR,0,Sheet1,B519
MCAM,Hypoxia,0,Sheet1,C519
MCAM,JAK.STAT,0,Sheet1,D519
MCAM,MAPK,0,Sheet1,E519
MCAM,NFkB,0,Sheet1,F519
MCAM,PI3K,5.1250827229370985,Sheet1,G519
MCAM,TGFb,0,Sheet1,H519
MCAM,TNFa,0,Sheet1,I519
MCAM,Trail,0,Sheet1,J519
MCAM,VEGF,0,Sheet1,K519
MCAM,p53,0,Sheet1,L519
MCCC1,EGFR,-2.17032352979398,Sheet1,B520
MCCC1,Hypoxia,0,Sheet1,C520
MCCC1,JAK.STAT,0,Sheet1,D520
MCCC1,MAPK,-1.9226763273753307,Sheet1,E520
MCCC1,NFkB,0,Sheet1,F520
MCCC1,PI3K,0,Sheet1,G520
MCCC1,TGFb,0,Sheet1,H520
MCCC1,TNFa,0,Sheet1,I520
MCCC1,Trail,0,Sheet1,J520
MCCC1,VEGF,0,Sheet1,K520
MCCC1,p53,0,Sheet1,L520
MCL1,EGFR,0,Sheet1,B521
MCL1,Hypoxia,0,Sheet1,C521
MCL1,JAK.STAT,0,Sheet1,D521
MCL1,MAPK,3.0128649957043359,Sheet1,E521
MCL1,NFkB,0,Sheet1,F521
MCL1,PI3K,0,Sheet1,G521
MCL1,TGFb,0,Sheet1,H521
MCL1,TNFa,0,Sheet1,I521
MCL1,Trail,0,Sheet1,J521
MCL1,VEGF,0,Sheet1,K521
MCL1,p53,0,Sheet1,L521
MCMBP,EGFR,0,Sheet1,B522
MCMBP,Hypoxia,0,Sheet1,C522
MCMBP,JAK.STAT,0,Sheet1,D522
MCMBP,MAPK,1.8875507351429295,Sheet1,E522
MCMBP,NFkB,0,Sheet1,F522
MCMBP,PI3K,0,Sheet1,G522
MCMBP,TGFb,0,Sheet1,H522
MCMBP,TNFa,0,Sheet1,I522
MCMBP,Trail,0,Sheet1,J522
MCMBP,VEGF,0,Sheet1,K522
MCMBP,p53,0,Sheet1,L522
MDFI,EGFR,1.1601090725994416,Sheet1,B523
MDFI,Hypoxia,0,Sheet1,C523
MDFI,JAK.STAT,0,Sheet1,D523
MDFI,MAPK,0,Sheet1,E523
MDFI,NFkB,0,Sheet1,F523
MDFI,PI3K,0,Sheet1,G523
MDFI,TGFb,0,Sheet1,H523
MDFI,TNFa,0,Sheet1,I523
MDFI,Trail,0,Sheet1,J523
MDFI,VEGF,0,Sheet1,K523
MDFI,p53,0,Sheet1,L523
MDM2,EGFR,0,Sheet1,B524
MDM2,Hypoxia,0,Sheet1,C524
MDM2,JAK.STAT,0,Sheet1,D524
MDM2,MAPK,0,Sheet1,E524
MDM2,NFkB,0,Sheet1,F524
MDM2,PI3K,0,Sheet1,G524
MDM2,TGFb,0,Sheet1,H524
MDM2,TNFa,0,Sheet1,I524
MDM2,Trail,0,Sheet1,J524
MDM2,VEGF,0,Sheet1,K524
MDM2,p53,8.1934882691823017,Sheet1,L524
MEX3B,EGFR,0,Sheet1,B525
MEX3B,Hypoxia,0,Sheet1,C525
MEX3B,JAK.STAT,0,Sheet1,D525
MEX3B,MAPK,0,Sheet1,E525
MEX3B,NFkB,0,Sheet1,F525
MEX3B,PI3K,0,Sheet1,G525
MEX3B,TGFb,3.9782923702542861,Sheet1,H525
MEX3B,TNFa,0,Sheet1,I525
MEX3B,Trail,0,Sheet1,J525
MEX3B,VEGF,0,Sheet1,K525
MEX3B,p53,0,Sheet1,L525
MFAP4,EGFR,0,Sheet1,B526
MFAP4,Hypoxia,0,Sheet1,C526
MFAP4,JAK.STAT,0,Sheet1,D526
MFAP4,MAPK,0,Sheet1,E526
MFAP4,NFkB,0,Sheet1,F526
MFAP4,PI3K,0,Sheet1,G526
MFAP4,TGFb,5.8130385011282444,Sheet1,H526
MFAP4,TNFa,0,Sheet1,I526
MFAP4,Trail,0,Sheet1,J526
MFAP4,VEGF,0,Sheet1,K526
MFAP4,p53,0,Sheet1,L526
MFGE8,EGFR,0,Sheet1,B527
MFGE8,Hypoxia,0,Sheet1,C527
MFGE8,JAK.STAT,0,Sheet1,D527
MFGE8,MAPK,0,Sheet1,E527
MFGE8,NFkB,0,Sheet1,F527
MFGE8,PI3K,-5.9015304549498522,Sheet1,G527
MFGE8,TGFb,0,Sheet1,H527
MFGE8,TNFa,0,Sheet1,I527
MFGE8,Trail,0,Sheet1,J527
MFGE8,VEGF,0,Sheet1,K527
MFGE8,p53,0,Sheet1,L527
MGST3,EGFR,0,Sheet1,B528
MGST3,Hypoxia,0,Sheet1,C528
MGST3,JAK.STAT,0,Sheet1,D528
MGST3,MAPK,-1.4528316817291829,Sheet1,E528
MGST3,NFkB,0,Sheet1,F528
MGST3,PI3K,0,Sheet1,G528
MGST3,TGFb,0,Sheet1,H528
MGST3,TNFa,0,Sheet1,I528
MGST3,Trail,0,Sheet1,J528
MGST3,VEGF,0,Sheet1,K528
MGST3,p53,0,Sheet1,L528
MIER2,EGFR,0,Sheet1,B529
MIER2,Hypoxia,0,Sheet1,C529
MIER2,JAK.STAT,0,Sheet1,D529
MIER2,MAPK,0.95664035735757258,Sheet1,E529
MIER2,NFkB,0,Sheet1,F529
MIER2,PI3K,0,Sheet1,G529
MIER2,TGFb,0,Sheet1,H529
MIER2,TNFa,0,Sheet1,I529
MIER2,Trail,0,Sheet1,J529
MIER2,VEGF,0,Sheet1,K529
MIER2,p53,0,Sheet1,L529
MIR100,EGFR,0,Sheet1,B530
MIR100,Hypoxia,0,Sheet1,C530
MIR100,JAK.STAT,0,Sheet1,D530
MIR100,MAPK,0,Sheet1,E530
MIR100,NFkB,0,Sheet1,F530
MIR100,PI3K,0,Sheet1,G530
MIR100,TGFb,0,Sheet1,H530
MIR100,TNFa,0,Sheet1,I530
MIR100,Trail,0,Sheet1,J530
MIR100,VEGF,12.192236274657523,Sheet1,K530
MIR100,p53,0,Sheet1,L530
MIR181B2,EGFR,0,Sheet1,B531
MIR181B2,Hypoxia,0,Sheet1,C531
MIR181B2,JAK.STAT,0,Sheet1,D531
MIR181B2,MAPK,0,Sheet1,E531
MIR181B2,NFkB,0,Sheet1,F531
MIR181B2,PI3K,0,Sheet1,G531
MIR181B2,TGFb,3.2941496428843249,Sheet1,H531
MIR181B2,TNFa,0,Sheet1,I531
MIR181B2,Trail,0,Sheet1,J531
MIR181B2,VEGF,0,Sheet1,K531
MIR181B2,p53,0,Sheet1,L531
MIR199A1,EGFR,0,Sheet1,B532
MIR199A1,Hypoxia,0,Sheet1,C532
MIR199A1,JAK.STAT,0,Sheet1,D532
MIR199A1,MAPK,0,Sheet1,E532
MIR199A1,NFkB,0,Sheet1,F532
MIR199A1,PI3K,0,Sheet1,G532
MIR199A1,TGFb,0,Sheet1,H532
MIR199A1,TNFa,0,Sheet1,I532
MIR199A1,Trail,0,Sheet1,J532
MIR199A1,VEGF,10.244797332604477,Sheet1,K532
MIR199A1,p53,0,Sheet1,L532
MIR210HG,EGFR,0,Sheet1,B533
MIR210HG,Hypoxia,11.491864836574095,Sheet1,C533
MIR210HG,JAK.STAT,0,Sheet1,D533
MIR210HG,MAPK,0,Sheet1,E533
MIR210HG,NFkB,0,Sheet1,F533
MIR210HG,PI3K,0,Sheet1,G533
MIR210HG,TGFb,0,Sheet1,H533
MIR210HG,TNFa,0,Sheet1,I533
MIR210HG,Trail,0,Sheet1,J533
MIR210HG,VEGF,0,Sheet1,K533
MIR210HG,p53,0,Sheet1,L533
MIR222,EGFR,0,Sheet1,B534
MIR222,Hypoxia,0,Sheet1,C534
MIR222,JAK.STAT,0,Sheet1,D534
MIR222,MAPK,0,Sheet1,E534
MIR222,NFkB,0,Sheet1,F534
MIR222,PI3K,0,Sheet1,G534
MIR222,TGFb,0,Sheet1,H534
MIR222,TNFa,0,Sheet1,I534
MIR222,Trail,0,Sheet1,J534
MIR222,VEGF,29.417697849774793,Sheet1,K534
MIR222,p53,0,Sheet1,L534
MIR29A,EGFR,0,Sheet1,B535
MIR29A,Hypoxia,0,Sheet1,C535
MIR29A,JAK.STAT,0,Sheet1,D535
MIR29A,MAPK,0,Sheet1,E535
MIR29A,NFkB,0,Sheet1,F535
MIR29A,PI3K,0,Sheet1,G535
MIR29A,TGFb,0,Sheet1,H535
MIR29A,TNFa,0,Sheet1,I535
MIR29A,Trail,0,Sheet1,J535
MIR29A,VEGF,31.142521952775528,Sheet1,K535
MIR29A,p53,0,Sheet1,L535
MIR31,EGFR,0,Sheet1,B536
MIR31,Hypoxia,0,Sheet1,C536
MIR31,JAK.STAT,0,Sheet1,D536
MIR31,MAPK,0,Sheet1,E536
MIR31,NFkB,0,Sheet1,F536
MIR31,PI3K,0,Sheet1,G536
MIR31,TGFb,0,Sheet1,H536
MIR31,TNFa,0,Sheet1,I536
MIR31,Trail,0,Sheet1,J536
MIR31,VEGF,18.754341759074524,Sheet1,K536
MIR31,p53,0,Sheet1,L536
MIR323B,EGFR,0,Sheet1,B537
MIR323B,Hypoxia,0,Sheet1,C537
MIR323B,JAK.STAT,0,Sheet1,D537
MIR323B,MAPK,0,Sheet1,E537
MIR323B,NFkB,0,Sheet1,F537
MIR323B,PI3K,0,Sheet1,G537
MIR323B,TGFb,0,Sheet1,H537
MIR323B,TNFa,0,Sheet1,I537
MIR323B,Trail,0,Sheet1,J537
MIR323B,VEGF,-9.3438561073701667,Sheet1,K537
MIR323B,p53,0,Sheet1,L537
MIR34A,EGFR,0,Sheet1,B538
MIR34A,Hypoxia,0,Sheet1,C538
MIR34A,JAK.STAT,0,Sheet1,D538
MIR34A,MAPK,0,Sheet1,E538
MIR34A,NFkB,0,Sheet1,F538
MIR34A,PI3K,0,Sheet1,G538
MIR34A,TGFb,0,Sheet1,H538
MIR34A,TNFa,0,Sheet1,I538
MIR34A,Trail,0,Sheet1,J538
MIR34A,VEGF,0,Sheet1,K538
MIR34A,p53,11.19059314610471,Sheet1,L538
MIR34AHG,EGFR,0,Sheet1,B539
MIR34AHG,Hypoxia,0,Sheet1,C539
MIR34AHG,JAK.STAT,0,Sheet1,D539
MIR34AHG,MAPK,0,Sheet1,E539
MIR34AHG,NFkB,0,Sheet1,F539
MIR34AHG,PI3K,0,Sheet1,G539
MIR34AHG,TGFb,0,Sheet1,H539
MIR34AHG,TNFa,0,Sheet1,I539
MIR34AHG,Trail,0,Sheet1,J539
MIR34AHG,VEGF,9.0427031509453357,Sheet1,K539
MIR34AHG,p53,0,Sheet1,L539
MIR503HG,EGFR,0,Sheet1,B540
MIR503HG,Hypoxia,0,Sheet1,C540
MIR503HG,JAK.STAT,0,Sheet1,D540
MIR503HG,MAPK,0,Sheet1,E540
MIR503HG,NFkB,0,Sheet1,F540
MIR503HG,PI3K,0,Sheet1,G540
MIR503HG,TGFb,0,Sheet1,H540
MIR503HG,TNFa,0,Sheet1,I540
MIR503HG,Trail,0,Sheet1,J540
MIR503HG,VEGF,-13.938574448573464,Sheet1,K540
MIR503HG,p53,0,Sheet1,L540
MIRLET7A2,EGFR,0,Sheet1,B541
MIRLET7A2,Hypoxia,0,Sheet1,C541
MIRLET7A2,JAK.STAT,0,Sheet1,D541
MIRLET7A2,MAPK,0,Sheet1,E541
MIRLET7A2,NFkB,0,Sheet1,F541
MIRLET7A2,PI3K,0,Sheet1,G541
MIRLET7A2,TGFb,0,Sheet1,H541
MIRLET7A2,TNFa,0,Sheet1,I541
MIRLET7A2,Trail,0,Sheet1,J541
MIRLET7A2,VEGF,14.700582807545896,Sheet1,K541
MIRLET7A2,p53,0,Sheet1,L541
MLANA,EGFR,0,Sheet1,B542
MLANA,Hypoxia,0,Sheet1,C542
MLANA,JAK.STAT,0,Sheet1,D542
MLANA,MAPK,0,Sheet1,E542
MLANA,NFkB,0,Sheet1,F542
MLANA,PI3K,-9.9857429320013829,Sheet1,G542
MLANA,TGFb,0,Sheet1,H542
MLANA,TNFa,0,Sheet1,I542
MLANA,Trail,0,Sheet1,J542
MLANA,VEGF,0,Sheet1,K542
MLANA,p53,0,Sheet1,L542
MMP10,EGFR,0,Sheet1,B543
MMP10,Hypoxia,0,Sheet1,C543
MMP10,JAK.STAT,0,Sheet1,D543
MMP10,MAPK,0,Sheet1,E543
MMP10,NFkB,0,Sheet1,F543
MMP10,PI3K,0,Sheet1,G543
MMP10,TGFb,0,Sheet1,H543
MMP10,TNFa,8.3474278396048032,Sheet1,I543
MMP10,Trail,0,Sheet1,J543
MMP10,VEGF,0,Sheet1,K543
MMP10,p53,0,Sheet1,L543
MMP12,EGFR,0,Sheet1,B544
MMP12,Hypoxia,0,Sheet1,C544
MMP12,JAK.STAT,0,Sheet1,D544
MMP12,MAPK,0,Sheet1,E544
MMP12,NFkB,0,Sheet1,F544
MMP12,PI3K,0,Sheet1,G544
MMP12,TGFb,0,Sheet1,H544
MMP12,TNFa,6.4770171087682842,Sheet1,I544
MMP12,Trail,0,Sheet1,J544
MMP12,VEGF,0,Sheet1,K544
MMP12,p53,0,Sheet1,L544
MMP13,EGFR,0,Sheet1,B545
MMP13,Hypoxia,0,Sheet1,C545
MMP13,JAK.STAT,0,Sheet1,D545
MMP13,MAPK,0,Sheet1,E545
MMP13,NFkB,0,Sheet1,F545
MMP13,PI3K,0,Sheet1,G545
MMP13,TGFb,0,Sheet1,H545
MMP13,TNFa,7.1057590330167395,Sheet1,I545
MMP13,Trail,0,Sheet1,J545
MMP13,VEGF,0,Sheet1,K545
MMP13,p53,0,Sheet1,L545
MMP9,EGFR,0,Sheet1,B546
MMP9,Hypoxia,0,Sheet1,C546
MMP9,JAK.STAT,0,Sheet1,D546
MMP9,MAPK,0,Sheet1,E546
MMP9,NFkB,0,Sheet1,F546
MMP9,PI3K,0,Sheet1,G546
MMP9,TGFb,0,Sheet1,H546
MMP9,TNFa,12.588757730190256,Sheet1,I546
MMP9,Trail,0,Sheet1,J546
MMP9,VEGF,0,Sheet1,K546
MMP9,p53,0,Sheet1,L546
MPI,EGFR,0,Sheet1,B547
MPI,Hypoxia,3.5021653092417449,Sheet1,C547
MPI,JAK.STAT,0,Sheet1,D547
MPI,MAPK,0,Sheet1,E547
MPI,NFkB,0,Sheet1,F547
MPI,PI3K,0,Sheet1,G547
MPI,TGFb,0,Sheet1,H547
MPI,TNFa,0,Sheet1,I547
MPI,Trail,0,Sheet1,J547
MPI,VEGF,0,Sheet1,K547
MPI,p53,0,Sheet1,L547
MPP6,EGFR,0,Sheet1,B548
MPP6,Hypoxia,0,Sheet1,C548
MPP6,JAK.STAT,0,Sheet1,D548
MPP6,MAPK,2.2426215753709076,Sheet1,E548
MPP6,NFkB,0,Sheet1,F548
MPP6,PI3K,0,Sheet1,G548
MPP6,TGFb,0,Sheet1,H548
MPP6,TNFa,0,Sheet1,I548
MPP6,Trail,0,Sheet1,J548
MPP6,VEGF,0,Sheet1,K548
MPP6,p53,0,Sheet1,L548
MRAS,EGFR,0,Sheet1,B549
MRAS,Hypoxia,0,Sheet1,C549
MRAS,JAK.STAT,0,Sheet1,D549
MRAS,MAPK,0,Sheet1,E549
MRAS,NFkB,0,Sheet1,F549
MRAS,PI3K,0,Sheet1,G549
MRAS,TGFb,5.2019665810873006,Sheet1,H549
MRAS,TNFa,0,Sheet1,I549
MRAS,Trail,0,Sheet1,J549
MRAS,VEGF,0,Sheet1,K549
MRAS,p53,0,Sheet1,L549
MRGPRX3,EGFR,0,Sheet1,B550
MRGPRX3,Hypoxia,0,Sheet1,C550
MRGPRX3,JAK.STAT,0,Sheet1,D550
MRGPRX3,MAPK,0,Sheet1,E550
MRGPRX3,NFkB,0,Sheet1,F550
MRGPRX3,PI3K,0,Sheet1,G550
MRGPRX3,TGFb,0,Sheet1,H550
MRGPRX3,TNFa,10.786210563963566,Sheet1,I550
MRGPRX3,Trail,0,Sheet1,J550
MRGPRX3,VEGF,0,Sheet1,K550
MRGPRX3,p53,0,Sheet1,L550
MS4A1,EGFR,0,Sheet1,B551
MS4A1,Hypoxia,0,Sheet1,C551
MS4A1,JAK.STAT,0,Sheet1,D551
MS4A1,MAPK,0,Sheet1,E551
MS4A1,NFkB,0,Sheet1,F551
MS4A1,PI3K,0,Sheet1,G551
MS4A1,TGFb,0,Sheet1,H551
MS4A1,TNFa,0,Sheet1,I551
MS4A1,Trail,1.479370071782234,Sheet1,J551
MS4A1,VEGF,0,Sheet1,K551
MS4A1,p53,0,Sheet1,L551
MSC,EGFR,0,Sheet1,B552
MSC,Hypoxia,0,Sheet1,C552
MSC,JAK.STAT,0,Sheet1,D552
MSC,MAPK,0,Sheet1,E552
MSC,NFkB,6.3592065530327577,Sheet1,F552
MSC,PI3K,0,Sheet1,G552
MSC,TGFb,0,Sheet1,H552
MSC,TNFa,0,Sheet1,I552
MSC,Trail,0,Sheet1,J552
MSC,VEGF,0,Sheet1,K552
MSC,p53,0,Sheet1,L552
MSR1,EGFR,0,Sheet1,B553
MSR1,Hypoxia,0,Sheet1,C553
MSR1,JAK.STAT,0,Sheet1,D553
MSR1,MAPK,0,Sheet1,E553
MSR1,NFkB,0,Sheet1,F553
MSR1,PI3K,0,Sheet1,G553
MSR1,TGFb,-1.764838201889795,Sheet1,H553
MSR1,TNFa,0,Sheet1,I553
MSR1,Trail,0,Sheet1,J553
MSR1,VEGF,0,Sheet1,K553
MSR1,p53,0,Sheet1,L553
MST1,EGFR,0,Sheet1,B554
MST1,Hypoxia,0,Sheet1,C554
MST1,JAK.STAT,0,Sheet1,D554
MST1,MAPK,0,Sheet1,E554
MST1,NFkB,0,Sheet1,F554
MST1,PI3K,-4.9868856356050131,Sheet1,G554
MST1,TGFb,0,Sheet1,H554
MST1,TNFa,0,Sheet1,I554
MST1,Trail,0,Sheet1,J554
MST1,VEGF,0,Sheet1,K554
MST1,p53,0,Sheet1,L554
MUC19,EGFR,0,Sheet1,B555
MUC19,Hypoxia,0,Sheet1,C555
MUC19,JAK.STAT,0,Sheet1,D555
MUC19,MAPK,0,Sheet1,E555
MUC19,NFkB,0,Sheet1,F555
MUC19,PI3K,0,Sheet1,G555
MUC19,TGFb,0,Sheet1,H555
MUC19,TNFa,0,Sheet1,I555
MUC19,Trail,0,Sheet1,J555
MUC19,VEGF,0,Sheet1,K555
MUC19,p53,7.0401102333555041,Sheet1,L555
MURC,EGFR,0,Sheet1,B556
MURC,Hypoxia,0,Sheet1,C556
MURC,JAK.STAT,0,Sheet1,D556
MURC,MAPK,0,Sheet1,E556
MURC,NFkB,0,Sheet1,F556
MURC,PI3K,0,Sheet1,G556
MURC,TGFb,4.5973433386721023,Sheet1,H556
MURC,TNFa,0,Sheet1,I556
MURC,Trail,0,Sheet1,J556
MURC,VEGF,0,Sheet1,K556
MURC,p53,0,Sheet1,L556
MUT,EGFR,-1.6908695700558949,Sheet1,B557
MUT,Hypoxia,0,Sheet1,C557
MUT,JAK.STAT,0,Sheet1,D557
MUT,MAPK,0,Sheet1,E557
MUT,NFkB,0,Sheet1,F557
MUT,PI3K,0,Sheet1,G557
MUT,TGFb,0,Sheet1,H557
MUT,TNFa,0,Sheet1,I557
MUT,Trail,0,Sheet1,J557
MUT,VEGF,0,Sheet1,K557
MUT,p53,0,Sheet1,L557
MX1,EGFR,0,Sheet1,B558
MX1,Hypoxia,0,Sheet1,C558
MX1,JAK.STAT,19.384131266493444,Sheet1,D558
MX1,MAPK,0,Sheet1,E558
MX1,NFkB,0,Sheet1,F558
MX1,PI3K,0,Sheet1,G558
MX1,TGFb,0,Sheet1,H558
MX1,TNFa,0,Sheet1,I558
MX1,Trail,0,Sheet1,J558
MX1,VEGF,0,Sheet1,K558
MX1,p53,0,Sheet1,L558
MX2,EGFR,0,Sheet1,B559
MX2,Hypoxia,0,Sheet1,C559
MX2,JAK.STAT,11.818703102625824,Sheet1,D559
MX2,MAPK,0,Sheet1,E559
MX2,NFkB,0,Sheet1,F559
MX2,PI3K,0,Sheet1,G559
MX2,TGFb,0,Sheet1,H559
MX2,TNFa,0,Sheet1,I559
MX2,Trail,0,Sheet1,J559
MX2,VEGF,0,Sheet1,K559
MX2,p53,0,Sheet1,L559
MXI1,EGFR,0,Sheet1,B560
MXI1,Hypoxia,10.860921454642893,Sheet1,C560
MXI1,JAK.STAT,0,Sheet1,D560
MXI1,MAPK,0,Sheet1,E560
MXI1,NFkB,0,Sheet1,F560
MXI1,PI3K,0,Sheet1,G560
MXI1,TGFb,0,Sheet1,H560
MXI1,TNFa,0,Sheet1,I560
MXI1,Trail,0,Sheet1,J560
MXI1,VEGF,0,Sheet1,K560
MXI1,p53,0,Sheet1,L560
MYD88,EGFR,0,Sheet1,B561
MYD88,Hypoxia,0,Sheet1,C561
MYD88,JAK.STAT,4.3044307229500545,Sheet1,D561
MYD88,MAPK,0,Sheet1,E561
MYD88,NFkB,0,Sheet1,F561
MYD88,PI3K,0,Sheet1,G561
MYD88,TGFb,0,Sheet1,H561
MYD88,TNFa,0,Sheet1,I561
MYD88,Trail,0,Sheet1,J561
MYD88,VEGF,0,Sheet1,K561
MYD88,p53,0,Sheet1,L561
MYEOV,EGFR,1.7266324343740325,Sheet1,B562
MYEOV,Hypoxia,0,Sheet1,C562
MYEOV,JAK.STAT,0,Sheet1,D562
MYEOV,MAPK,0,Sheet1,E562
MYEOV,NFkB,0,Sheet1,F562
MYEOV,PI3K,0,Sheet1,G562
MYEOV,TGFb,0,Sheet1,H562
MYEOV,TNFa,0,Sheet1,I562
MYEOV,Trail,0,Sheet1,J562
MYEOV,VEGF,0,Sheet1,K562
MYEOV,p53,0,Sheet1,L562
MYL5,EGFR,0,Sheet1,B563
MYL5,Hypoxia,0,Sheet1,C563
MYL5,JAK.STAT,0,Sheet1,D563
MYL5,MAPK,0,Sheet1,E563
MYL5,NFkB,0,Sheet1,F563
MYL5,PI3K,-5.2382964605566853,Sheet1,G563
MYL5,TGFb,0,Sheet1,H563
MYL5,TNFa,0,Sheet1,I563
MYL5,Trail,0,Sheet1,J563
MYL5,VEGF,0,Sheet1,K563
MYL5,p53,0,Sheet1,L563
MYO1A,EGFR,0.99477811951404294,Sheet1,B564
MYO1A,Hypoxia,0,Sheet1,C564
MYO1A,JAK.STAT,0,Sheet1,D564
MYO1A,MAPK,0,Sheet1,E564
MYO1A,NFkB,0,Sheet1,F564
MYO1A,PI3K,0,Sheet1,G564
MYO1A,TGFb,0,Sheet1,H564
MYO1A,TNFa,0,Sheet1,I564
MYO1A,Trail,0,Sheet1,J564
MYO1A,VEGF,0,Sheet1,K564
MYO1A,p53,0,Sheet1,L564
MYO3A,EGFR,0,Sheet1,B565
MYO3A,Hypoxia,0,Sheet1,C565
MYO3A,JAK.STAT,0,Sheet1,D565
MYO3A,MAPK,0,Sheet1,E565
MYO3A,NFkB,0,Sheet1,F565
MYO3A,PI3K,0,Sheet1,G565
MYO3A,TGFb,0,Sheet1,H565
MYO3A,TNFa,0,Sheet1,I565
MYO3A,Trail,0,Sheet1,J565
MYO3A,VEGF,-1.9521780420749844,Sheet1,K565
MYO3A,p53,0,Sheet1,L565
MYOC,EGFR,0,Sheet1,B566
MYOC,Hypoxia,0,Sheet1,C566
MYOC,JAK.STAT,0,Sheet1,D566
MYOC,MAPK,0,Sheet1,E566
MYOC,NFkB,0,Sheet1,F566
MYOC,PI3K,0,Sheet1,G566
MYOC,TGFb,0,Sheet1,H566
MYOC,TNFa,0,Sheet1,I566
MYOC,Trail,1.001947096180015,Sheet1,J566
MYOC,VEGF,0,Sheet1,K566
MYOC,p53,0,Sheet1,L566
MYOZ1,EGFR,0,Sheet1,B567
MYOZ1,Hypoxia,0,Sheet1,C567
MYOZ1,JAK.STAT,0,Sheet1,D567
MYOZ1,MAPK,0,Sheet1,E567
MYOZ1,NFkB,0,Sheet1,F567
MYOZ1,PI3K,0,Sheet1,G567
MYOZ1,TGFb,4.9624748495177817,Sheet1,H567
MYOZ1,TNFa,0,Sheet1,I567
MYOZ1,Trail,0,Sheet1,J567
MYOZ1,VEGF,0,Sheet1,K567
MYOZ1,p53,0,Sheet1,L567
MZB1,EGFR,0,Sheet1,B568
MZB1,Hypoxia,0,Sheet1,C568
MZB1,JAK.STAT,0,Sheet1,D568
MZB1,MAPK,0,Sheet1,E568
MZB1,NFkB,0,Sheet1,F568
MZB1,PI3K,0,Sheet1,G568
MZB1,TGFb,0,Sheet1,H568
MZB1,TNFa,0,Sheet1,I568
MZB1,Trail,0,Sheet1,J568
MZB1,VEGF,-1.7013074123621696,Sheet1,K568
MZB1,p53,0,Sheet1,L568
N4BP2L2,EGFR,-1.5940146460304414,Sheet1,B569
N4BP2L2,Hypoxia,0,Sheet1,C569
N4BP2L2,JAK.STAT,0,Sheet1,D569
N4BP2L2,MAPK,0,Sheet1,E569
N4BP2L2,NFkB,0,Sheet1,F569
N4BP2L2,PI3K,0,Sheet1,G569
N4BP2L2,TGFb,0,Sheet1,H569
N4BP2L2,TNFa,0,Sheet1,I569
N4BP2L2,Trail,0,Sheet1,J569
N4BP2L2,VEGF,0,Sheet1,K569
N4BP2L2,p53,0,Sheet1,L569
NADSYN1,EGFR,0,Sheet1,B570
NADSYN1,Hypoxia,0,Sheet1,C570
NADSYN1,JAK.STAT,0,Sheet1,D570
NADSYN1,MAPK,0,Sheet1,E570
NADSYN1,NFkB,0,Sheet1,F570
NADSYN1,PI3K,0,Sheet1,G570
NADSYN1,TGFb,0,Sheet1,H570
NADSYN1,TNFa,0,Sheet1,I570
NADSYN1,Trail,0,Sheet1,J570
NADSYN1,VEGF,0,Sheet1,K570
NADSYN1,p53,3.8369125803322448,Sheet1,L570
NARF,EGFR,0,Sheet1,B571
NARF,Hypoxia,4.0951491253284802,Sheet1,C571
NARF,JAK.STAT,0,Sheet1,D571
NARF,MAPK,0,Sheet1,E571
NARF,NFkB,0,Sheet1,F571
NARF,PI3K,0,Sheet1,G571
NARF,TGFb,0,Sheet1,H571
NARF,TNFa,0,Sheet1,I571
NARF,Trail,0,Sheet1,J571
NARF,VEGF,0,Sheet1,K571
NARF,p53,0,Sheet1,L571
NBEAP1,EGFR,0,Sheet1,B572
NBEAP1,Hypoxia,0,Sheet1,C572
NBEAP1,JAK.STAT,0,Sheet1,D572
NBEAP1,MAPK,0,Sheet1,E572
NBEAP1,NFkB,0,Sheet1,F572
NBEAP1,PI3K,0,Sheet1,G572
NBEAP1,TGFb,0,Sheet1,H572
NBEAP1,TNFa,0,Sheet1,I572
NBEAP1,Trail,0,Sheet1,J572
NBEAP1,VEGF,0,Sheet1,K572
NBEAP1,p53,6.7123085334828989,Sheet1,L572
NBR1,EGFR,-1.9972033641648641,Sheet1,B573
NBR1,Hypoxia,0,Sheet1,C573
NBR1,JAK.STAT,0,Sheet1,D573
NBR1,MAPK,0,Sheet1,E573
NBR1,NFkB,0,Sheet1,F573
NBR1,PI3K,0,Sheet1,G573
NBR1,TGFb,0,Sheet1,H573
NBR1,TNFa,0,Sheet1,I573
NBR1,Trail,0,Sheet1,J573
NBR1,VEGF,0,Sheet1,K573
NBR1,p53,0,Sheet1,L573
NCKAP5,EGFR,0,Sheet1,B574
NCKAP5,Hypoxia,0,Sheet1,C574
NCKAP5,JAK.STAT,0,Sheet1,D574
NCKAP5,MAPK,0,Sheet1,E574
NCKAP5,NFkB,0,Sheet1,F574
NCKAP5,PI3K,0,Sheet1,G574
NCKAP5,TGFb,0,Sheet1,H574
NCKAP5,TNFa,0,Sheet1,I574
NCKAP5,Trail,0,Sheet1,J574
NCKAP5,VEGF,-8.071059398131732,Sheet1,K574
NCKAP5,p53,0,Sheet1,L574
NCKIPSD,EGFR,0,Sheet1,B575
NCKIPSD,Hypoxia,2.3369825023476811,Sheet1,C575
NCKIPSD,JAK.STAT,0,Sheet1,D575
NCKIPSD,MAPK,0,Sheet1,E575
NCKIPSD,NFkB,0,Sheet1,F575
NCKIPSD,PI3K,0,Sheet1,G575
NCKIPSD,TGFb,0,Sheet1,H575
NCKIPSD,TNFa,0,Sheet1,I575
NCKIPSD,Trail,0,Sheet1,J575
NCKIPSD,VEGF,0,Sheet1,K575
NCKIPSD,p53,0,Sheet1,L575
NDRG1,EGFR,0,Sheet1,B576
NDRG1,Hypoxia,22.08711949313988,Sheet1,C576
NDRG1,JAK.STAT,0,Sheet1,D576
NDRG1,MAPK,0,Sheet1,E576
NDRG1,NFkB,0,Sheet1,F576
NDRG1,PI3K,0,Sheet1,G576
NDRG1,TGFb,0,Sheet1,H576
NDRG1,TNFa,0,Sheet1,I576
NDRG1,Trail,0,Sheet1,J576
NDRG1,VEGF,0,Sheet1,K576
NDRG1,p53,0,Sheet1,L576
NDST3,EGFR,0,Sheet1,B577
NDST3,Hypoxia,0,Sheet1,C577
NDST3,JAK.STAT,0,Sheet1,D577
NDST3,MAPK,0,Sheet1,E577
NDST3,NFkB,0,Sheet1,F577
NDST3,PI3K,0,Sheet1,G577
NDST3,TGFb,0,Sheet1,H577
NDST3,TNFa,0,Sheet1,I577
NDST3,Trail,0.96656379825011207,Sheet1,J577
NDST3,VEGF,0,Sheet1,K577
NDST3,p53,0,Sheet1,L577
NECAP2,EGFR,0,Sheet1,B578
NECAP2,Hypoxia,0,Sheet1,C578
NECAP2,JAK.STAT,0,Sheet1,D578
NECAP2,MAPK,0,Sheet1,E578
NECAP2,NFkB,2.4427935008954034,Sheet1,F578
NECAP2,PI3K,0,Sheet1,G578
NECAP2,TGFb,0,Sheet1,H578
NECAP2,TNFa,2.7274085202207878,Sheet1,I578
NECAP2,Trail,0,Sheet1,J578
NECAP2,VEGF,0,Sheet1,K578
NECAP2,p53,0,Sheet1,L578
NECTIN4,EGFR,0,Sheet1,B579
NECTIN4,Hypoxia,0,Sheet1,C579
NECTIN4,JAK.STAT,0,Sheet1,D579
NECTIN4,MAPK,0,Sheet1,E579
NECTIN4,NFkB,0,Sheet1,F579
NECTIN4,PI3K,0,Sheet1,G579
NECTIN4,TGFb,0,Sheet1,H579
NECTIN4,TNFa,0,Sheet1,I579
NECTIN4,Trail,0,Sheet1,J579
NECTIN4,VEGF,0,Sheet1,K579
NECTIN4,p53,9.3088762181610303,Sheet1,L579
NEDD9,EGFR,0,Sheet1,B580
NEDD9,Hypoxia,0,Sheet1,C580
NEDD9,JAK.STAT,0,Sheet1,D580
NEDD9,MAPK,0,Sheet1,E580
NEDD9,NFkB,0,Sheet1,F580
NEDD9,PI3K,0,Sheet1,G580
NEDD9,TGFb,4.3611928102923319,Sheet1,H580
NEDD9,TNFa,0,Sheet1,I580
NEDD9,Trail,0,Sheet1,J580
NEDD9,VEGF,0,Sheet1,K580
NEDD9,p53,0,Sheet1,L580
NENF,EGFR,0,Sheet1,B581
NENF,Hypoxia,0,Sheet1,C581
NENF,JAK.STAT,0,Sheet1,D581
NENF,MAPK,0,Sheet1,E581
NENF,NFkB,0,Sheet1,F581
NENF,PI3K,-2.8622334493689188,Sheet1,G581
NENF,TGFb,0,Sheet1,H581
NENF,TNFa,0,Sheet1,I581
NENF,Trail,0,Sheet1,J581
NENF,VEGF,0,Sheet1,K581
NENF,p53,0,Sheet1,L581
NFAM1,EGFR,0,Sheet1,B582
NFAM1,Hypoxia,0,Sheet1,C582
NFAM1,JAK.STAT,0,Sheet1,D582
NFAM1,MAPK,0,Sheet1,E582
NFAM1,NFkB,0,Sheet1,F582
NFAM1,PI3K,0,Sheet1,G582
NFAM1,TGFb,0,Sheet1,H582
NFAM1,TNFa,0,Sheet1,I582
NFAM1,Trail,1.1389091200150856,Sheet1,J582
NFAM1,VEGF,0,Sheet1,K582
NFAM1,p53,0,Sheet1,L582
NFKB1,EGFR,0,Sheet1,B583
NFKB1,Hypoxia,0,Sheet1,C583
NFKB1,JAK.STAT,0,Sheet1,D583
NFKB1,MAPK,0,Sheet1,E583
NFKB1,NFkB,9.5136362208918737,Sheet1,F583
NFKB1,PI3K,0,Sheet1,G583
NFKB1,TGFb,0,Sheet1,H583
NFKB1,TNFa,9.3489580181997667,Sheet1,I583
NFKB1,Trail,0,Sheet1,J583
NFKB1,VEGF,0,Sheet1,K583
NFKB1,p53,0,Sheet1,L583
NFKB2,EGFR,0,Sheet1,B584
NFKB2,Hypoxia,0,Sheet1,C584
NFKB2,JAK.STAT,0,Sheet1,D584
NFKB2,MAPK,0,Sheet1,E584
NFKB2,NFkB,5.5155753818972135,Sheet1,F584
NFKB2,PI3K,0,Sheet1,G584
NFKB2,TGFb,0,Sheet1,H584
NFKB2,TNFa,5.0024501483286556,Sheet1,I584
NFKB2,Trail,0,Sheet1,J584
NFKB2,VEGF,0,Sheet1,K584
NFKB2,p53,0,Sheet1,L584
NFKBIA,EGFR,0,Sheet1,B585
NFKBIA,Hypoxia,0,Sheet1,C585
NFKBIA,JAK.STAT,0,Sheet1,D585
NFKBIA,MAPK,0,Sheet1,E585
NFKBIA,NFkB,11.444533714391747,Sheet1,F585
NFKBIA,PI3K,0,Sheet1,G585
NFKBIA,TGFb,0,Sheet1,H585
NFKBIA,TNFa,12.567700437723602,Sheet1,I585
NFKBIA,Trail,0,Sheet1,J585
NFKBIA,VEGF,0,Sheet1,K585
NFKBIA,p53,0,Sheet1,L585
NFKBIB,EGFR,0,Sheet1,B586
NFKBIB,Hypoxia,0,Sheet1,C586
NFKBIB,JAK.STAT,0,Sheet1,D586
NFKBIB,MAPK,0,Sheet1,E586
NFKBIB,NFkB,2.0655958781216768,Sheet1,F586
NFKBIB,PI3K,0,Sheet1,G586
NFKBIB,TGFb,0,Sheet1,H586
NFKBIB,TNFa,2.0871274069430839,Sheet1,I586
NFKBIB,Trail,0,Sheet1,J586
NFKBIB,VEGF,0,Sheet1,K586
NFKBIB,p53,0,Sheet1,L586
NFKBIE,EGFR,0,Sheet1,B587
NFKBIE,Hypoxia,0,Sheet1,C587
NFKBIE,JAK.STAT,0,Sheet1,D587
NFKBIE,MAPK,0,Sheet1,E587
NFKBIE,NFkB,8.2118328479671572,Sheet1,F587
NFKBIE,PI3K,0,Sheet1,G587
NFKBIE,TGFb,0,Sheet1,H587
NFKBIE,TNFa,10.356205366989286,Sheet1,I587
NFKBIE,Trail,0,Sheet1,J587
NFKBIE,VEGF,0,Sheet1,K587
NFKBIE,p53,0,Sheet1,L587
NFKBIZ,EGFR,0,Sheet1,B588
NFKBIZ,Hypoxia,0,Sheet1,C588
NFKBIZ,JAK.STAT,0,Sheet1,D588
NFKBIZ,MAPK,0,Sheet1,E588
NFKBIZ,NFkB,15.12381583682296,Sheet1,F588
NFKBIZ,PI3K,0,Sheet1,G588
NFKBIZ,TGFb,0,Sheet1,H588
NFKBIZ,TNFa,0,Sheet1,I588
NFKBIZ,Trail,0,Sheet1,J588
NFKBIZ,VEGF,0,Sheet1,K588
NFKBIZ,p53,0,Sheet1,L588
NGLY1,EGFR,0,Sheet1,B589
NGLY1,Hypoxia,3.5046086484829,Sheet1,C589
NGLY1,JAK.STAT,0,Sheet1,D589
NGLY1,MAPK,0,Sheet1,E589
NGLY1,NFkB,0,Sheet1,F589
NGLY1,PI3K,0,Sheet1,G589
NGLY1,TGFb,0,Sheet1,H589
NGLY1,TNFa,0,Sheet1,I589
NGLY1,Trail,0,Sheet1,J589
NGLY1,VEGF,0,Sheet1,K589
NGLY1,p53,0,Sheet1,L589
NID2,EGFR,0,Sheet1,B590
NID2,Hypoxia,0,Sheet1,C590
NID2,JAK.STAT,0,Sheet1,D590
NID2,MAPK,0,Sheet1,E590
NID2,NFkB,0,Sheet1,F590
NID2,PI3K,0,Sheet1,G590
NID2,TGFb,0,Sheet1,H590
NID2,TNFa,0,Sheet1,I590
NID2,Trail,0,Sheet1,J590
NID2,VEGF,-4.9174717251708193,Sheet1,K590
NID2,p53,0,Sheet1,L590
NINJ1,EGFR,0,Sheet1,B591
NINJ1,Hypoxia,0,Sheet1,C591
NINJ1,JAK.STAT,0,Sheet1,D591
NINJ1,MAPK,0,Sheet1,E591
NINJ1,NFkB,8.0122505785336564,Sheet1,F591
NINJ1,PI3K,0,Sheet1,G591
NINJ1,TGFb,0,Sheet1,H591
NINJ1,TNFa,8.5607346767964554,Sheet1,I591
NINJ1,Trail,0,Sheet1,J591
NINJ1,VEGF,0,Sheet1,K591
NINJ1,p53,0,Sheet1,L591
NINJ2,EGFR,0,Sheet1,B592
NINJ2,Hypoxia,0,Sheet1,C592
NINJ2,JAK.STAT,0,Sheet1,D592
NINJ2,MAPK,0,Sheet1,E592
NINJ2,NFkB,0,Sheet1,F592
NINJ2,PI3K,0,Sheet1,G592
NINJ2,TGFb,3.8756265958859437,Sheet1,H592
NINJ2,TNFa,0,Sheet1,I592
NINJ2,Trail,0,Sheet1,J592
NINJ2,VEGF,0,Sheet1,K592
NINJ2,p53,0,Sheet1,L592
NKD2,EGFR,0,Sheet1,B593
NKD2,Hypoxia,0,Sheet1,C593
NKD2,JAK.STAT,0,Sheet1,D593
NKD2,MAPK,0,Sheet1,E593
NKD2,NFkB,0,Sheet1,F593
NKD2,PI3K,0,Sheet1,G593
NKD2,TGFb,0,Sheet1,H593
NKD2,TNFa,0,Sheet1,I593
NKD2,Trail,0,Sheet1,J593
NKD2,VEGF,3.8953837260047064,Sheet1,K593
NKD2,p53,0,Sheet1,L593
NKX3-1,EGFR,0,Sheet1,B594
NKX3-1,Hypoxia,0,Sheet1,C594
NKX3-1,JAK.STAT,0,Sheet1,D594
NKX3-1,MAPK,0,Sheet1,E594
NKX3-1,NFkB,2.3729832993096198,Sheet1,F594
NKX3-1,PI3K,0,Sheet1,G594
NKX3-1,TGFb,0,Sheet1,H594
NKX3-1,TNFa,2.8716327693324026,Sheet1,I594
NKX3-1,Trail,0,Sheet1,J594
NKX3-1,VEGF,0,Sheet1,K594
NKX3-1,p53,0,Sheet1,L594
NLGN1,EGFR,0,Sheet1,B595
NLGN1,Hypoxia,0,Sheet1,C595
NLGN1,JAK.STAT,0,Sheet1,D595
NLGN1,MAPK,0,Sheet1,E595
NLGN1,NFkB,0,Sheet1,F595
NLGN1,PI3K,0,Sheet1,G595
NLGN1,TGFb,0,Sheet1,H595
NLGN1,TNFa,0,Sheet1,I595
NLGN1,Trail,0,Sheet1,J595
NLGN1,VEGF,-5.6180749325532204,Sheet1,K595
NLGN1,p53,0,Sheet1,L595
NLRC5,EGFR,0,Sheet1,B596
NLRC5,Hypoxia,0,Sheet1,C596
NLRC5,JAK.STAT,6.5468452606591914,Sheet1,D596
NLRC5,MAPK,0,Sheet1,E596
NLRC5,NFkB,0,Sheet1,F596
NLRC5,PI3K,0,Sheet1,G596
NLRC5,TGFb,0,Sheet1,H596
NLRC5,TNFa,0,Sheet1,I596
NLRC5,Trail,0,Sheet1,J596
NLRC5,VEGF,0,Sheet1,K596
NLRC5,p53,0,Sheet1,L596
NMI,EGFR,0,Sheet1,B597
NMI,Hypoxia,0,Sheet1,C597
NMI,JAK.STAT,7.4326545876309824,Sheet1,D597
NMI,MAPK,0,Sheet1,E597
NMI,NFkB,0,Sheet1,F597
NMI,PI3K,0,Sheet1,G597
NMI,TGFb,0,Sheet1,H597
NMI,TNFa,0,Sheet1,I597
NMI,Trail,0,Sheet1,J597
NMI,VEGF,0,Sheet1,K597
NMI,p53,0,Sheet1,L597
NNT,EGFR,0,Sheet1,B598
NNT,Hypoxia,0,Sheet1,C598
NNT,JAK.STAT,0,Sheet1,D598
NNT,MAPK,-1.819728215447125,Sheet1,E598
NNT,NFkB,0,Sheet1,F598
NNT,PI3K,0,Sheet1,G598
NNT,TGFb,0,Sheet1,H598
NNT,TNFa,0,Sheet1,I598
NNT,Trail,0,Sheet1,J598
NNT,VEGF,0,Sheet1,K598
NNT,p53,0,Sheet1,L598
NOL3,EGFR,0,Sheet1,B599
NOL3,Hypoxia,3.9380295361169138,Sheet1,C599
NOL3,JAK.STAT,0,Sheet1,D599
NOL3,MAPK,0,Sheet1,E599
NOL3,NFkB,0,Sheet1,F599
NOL3,PI3K,0,Sheet1,G599
NOL3,TGFb,0,Sheet1,H599
NOL3,TNFa,0,Sheet1,I599
NOL3,Trail,0,Sheet1,J599
NOL3,VEGF,0,Sheet1,K599
NOL3,p53,0,Sheet1,L599
NOX1,EGFR,0,Sheet1,B600
NOX1,Hypoxia,0,Sheet1,C600
NOX1,JAK.STAT,0,Sheet1,D600
NOX1,MAPK,0,Sheet1,E600
NOX1,NFkB,0,Sheet1,F600
NOX1,PI3K,0,Sheet1,G600
NOX1,TGFb,-1.0457633749156092,Sheet1,H600
NOX1,TNFa,0,Sheet1,I600
NOX1,Trail,0,Sheet1,J600
NOX1,VEGF,0,Sheet1,K600
NOX1,p53,0,Sheet1,L600
NOX4,EGFR,0,Sheet1,B601
NOX4,Hypoxia,0,Sheet1,C601
NOX4,JAK.STAT,0,Sheet1,D601
NOX4,MAPK,0,Sheet1,E601
NOX4,NFkB,0,Sheet1,F601
NOX4,PI3K,0,Sheet1,G601
NOX4,TGFb,5.9138131516494878,Sheet1,H601
NOX4,TNFa,0,Sheet1,I601
NOX4,Trail,0,Sheet1,J601
NOX4,VEGF,0,Sheet1,K601
NOX4,p53,0,Sheet1,L601
NPW,EGFR,0,Sheet1,B602
NPW,Hypoxia,0,Sheet1,C602
NPW,JAK.STAT,0,Sheet1,D602
NPW,MAPK,0,Sheet1,E602
NPW,NFkB,0,Sheet1,F602
NPW,PI3K,0,Sheet1,G602
NPW,TGFb,0,Sheet1,H602
NPW,TNFa,0,Sheet1,I602
NPW,Trail,-2.2000197869737499,Sheet1,J602
NPW,VEGF,0,Sheet1,K602
NPW,p53,0,Sheet1,L602
NPY,EGFR,0,Sheet1,B603
NPY,Hypoxia,0,Sheet1,C603
NPY,JAK.STAT,0,Sheet1,D603
NPY,MAPK,0,Sheet1,E603
NPY,NFkB,0,Sheet1,F603
NPY,PI3K,0,Sheet1,G603
NPY,TGFb,0,Sheet1,H603
NPY,TNFa,0,Sheet1,I603
NPY,Trail,1.6067262732076601,Sheet1,J603
NPY,VEGF,0,Sheet1,K603
NPY,p53,0,Sheet1,L603
NR1D2,EGFR,-3.0832724486774854,Sheet1,B604
NR1D2,Hypoxia,0,Sheet1,C604
NR1D2,JAK.STAT,0,Sheet1,D604
NR1D2,MAPK,0,Sheet1,E604
NR1D2,NFkB,0,Sheet1,F604
NR1D2,PI3K,0,Sheet1,G604
NR1D2,TGFb,0,Sheet1,H604
NR1D2,TNFa,0,Sheet1,I604
NR1D2,Trail,0,Sheet1,J604
NR1D2,VEGF,0,Sheet1,K604
NR1D2,p53,0,Sheet1,L604
NR2E1,EGFR,0,Sheet1,B605
NR2E1,Hypoxia,0,Sheet1,C605
NR2E1,JAK.STAT,0,Sheet1,D605
NR2E1,MAPK,0,Sheet1,E605
NR2E1,NFkB,0,Sheet1,F605
NR2E1,PI3K,-2.7215180976748341,Sheet1,G605
NR2E1,TGFb,0,Sheet1,H605
NR2E1,TNFa,0,Sheet1,I605
NR2E1,Trail,0,Sheet1,J605
NR2E1,VEGF,0,Sheet1,K605
NR2E1,p53,0,Sheet1,L605
NRF1,EGFR,0,Sheet1,B606
NRF1,Hypoxia,0,Sheet1,C606
NRF1,JAK.STAT,0,Sheet1,D606
NRF1,MAPK,0,Sheet1,E606
NRF1,NFkB,0,Sheet1,F606
NRF1,PI3K,0,Sheet1,G606
NRF1,TGFb,0,Sheet1,H606
NRF1,TNFa,0,Sheet1,I606
NRF1,Trail,0,Sheet1,J606
NRF1,VEGF,0,Sheet1,K606
NRF1,p53,-2.3510351484879664,Sheet1,L606
NRG3,EGFR,0,Sheet1,B607
NRG3,Hypoxia,0,Sheet1,C607
NRG3,JAK.STAT,0,Sheet1,D607
NRG3,MAPK,0,Sheet1,E607
NRG3,NFkB,0,Sheet1,F607
NRG3,PI3K,0,Sheet1,G607
NRG3,TGFb,0,Sheet1,H607
NRG3,TNFa,0,Sheet1,I607
NRG3,Trail,0,Sheet1,J607
NRG3,VEGF,-5.8237473288506951,Sheet1,K607
NRG3,p53,0,Sheet1,L607
NRN1,EGFR,0,Sheet1,B608
NRN1,Hypoxia,6.727516861287743,Sheet1,C608
NRN1,JAK.STAT,0,Sheet1,D608
NRN1,MAPK,0,Sheet1,E608
NRN1,NFkB,0,Sheet1,F608
NRN1,PI3K,0,Sheet1,G608
NRN1,TGFb,0,Sheet1,H608
NRN1,TNFa,0,Sheet1,I608
NRN1,Trail,0,Sheet1,J608
NRN1,VEGF,0,Sheet1,K608
NRN1,p53,0,Sheet1,L608
NT5E,EGFR,0,Sheet1,B609
NT5E,Hypoxia,0,Sheet1,C609
NT5E,JAK.STAT,0,Sheet1,D609
NT5E,MAPK,5.8388813908219372,Sheet1,E609
NT5E,NFkB,0,Sheet1,F609
NT5E,PI3K,0,Sheet1,G609
NT5E,TGFb,0,Sheet1,H609
NT5E,TNFa,0,Sheet1,I609
NT5E,Trail,0,Sheet1,J609
NT5E,VEGF,0,Sheet1,K609
NT5E,p53,0,Sheet1,L609
NT5M,EGFR,0,Sheet1,B610
NT5M,Hypoxia,0,Sheet1,C610
NT5M,JAK.STAT,0,Sheet1,D610
NT5M,MAPK,0,Sheet1,E610
NT5M,NFkB,0,Sheet1,F610
NT5M,PI3K,-3.9151305534107705,Sheet1,G610
NT5M,TGFb,0,Sheet1,H610
NT5M,TNFa,0,Sheet1,I610
NT5M,Trail,0,Sheet1,J610
NT5M,VEGF,0,Sheet1,K610
NT5M,p53,0,Sheet1,L610
NUAK1,EGFR,0,Sheet1,B611
NUAK1,Hypoxia,0,Sheet1,C611
NUAK1,JAK.STAT,0,Sheet1,D611
NUAK1,MAPK,0,Sheet1,E611
NUAK1,NFkB,0,Sheet1,F611
NUAK1,PI3K,0,Sheet1,G611
NUAK1,TGFb,6.0954299224416282,Sheet1,H611
NUAK1,TNFa,0,Sheet1,I611
NUAK1,Trail,0,Sheet1,J611
NUAK1,VEGF,0,Sheet1,K611
NUAK1,p53,0,Sheet1,L611
NUDT19,EGFR,0,Sheet1,B612
NUDT19,Hypoxia,0,Sheet1,C612
NUDT19,JAK.STAT,0,Sheet1,D612
NUDT19,MAPK,0,Sheet1,E612
NUDT19,NFkB,0,Sheet1,F612
NUDT19,PI3K,0,Sheet1,G612
NUDT19,TGFb,0,Sheet1,H612
NUDT19,TNFa,0,Sheet1,I612
NUDT19,Trail,0,Sheet1,J612
NUDT19,VEGF,-9.1113680581604193,Sheet1,K612
NUDT19,p53,0,Sheet1,L612
NUP50,EGFR,0,Sheet1,B613
NUP50,Hypoxia,0,Sheet1,C613
NUP50,JAK.STAT,0,Sheet1,D613
NUP50,MAPK,1.7747107348358091,Sheet1,E613
NUP50,NFkB,0,Sheet1,F613
NUP50,PI3K,0,Sheet1,G613
NUP50,TGFb,0,Sheet1,H613
NUP50,TNFa,0,Sheet1,I613
NUP50,Trail,0,Sheet1,J613
NUP50,VEGF,0,Sheet1,K613
NUP50,p53,0,Sheet1,L613
OAS1,EGFR,0,Sheet1,B614
OAS1,Hypoxia,0,Sheet1,C614
OAS1,JAK.STAT,15.02871458808529,Sheet1,D614
OAS1,MAPK,0,Sheet1,E614
OAS1,NFkB,0,Sheet1,F614
OAS1,PI3K,0,Sheet1,G614
OAS1,TGFb,0,Sheet1,H614
OAS1,TNFa,0,Sheet1,I614
OAS1,Trail,0,Sheet1,J614
OAS1,VEGF,0,Sheet1,K614
OAS1,p53,0,Sheet1,L614
OAS2,EGFR,0,Sheet1,B615
OAS2,Hypoxia,0,Sheet1,C615
OAS2,JAK.STAT,9.6248264339104761,Sheet1,D615
OAS2,MAPK,0,Sheet1,E615
OAS2,NFkB,0,Sheet1,F615
OAS2,PI3K,0,Sheet1,G615
OAS2,TGFb,0,Sheet1,H615
OAS2,TNFa,0,Sheet1,I615
OAS2,Trail,0,Sheet1,J615
OAS2,VEGF,0,Sheet1,K615
OAS2,p53,0,Sheet1,L615
OAS3,EGFR,0,Sheet1,B616
OAS3,Hypoxia,0,Sheet1,C616
OAS3,JAK.STAT,10.618841819069107,Sheet1,D616
OAS3,MAPK,0,Sheet1,E616
OAS3,NFkB,0,Sheet1,F616
OAS3,PI3K,0,Sheet1,G616
OAS3,TGFb,0,Sheet1,H616
OAS3,TNFa,0,Sheet1,I616
OAS3,Trail,0,Sheet1,J616
OAS3,VEGF,0,Sheet1,K616
OAS3,p53,0,Sheet1,L616
OASL,EGFR,0,Sheet1,B617
OASL,Hypoxia,0,Sheet1,C617
OASL,JAK.STAT,12.710727206366562,Sheet1,D617
OASL,MAPK,0,Sheet1,E617
OASL,NFkB,0,Sheet1,F617
OASL,PI3K,0,Sheet1,G617
OASL,TGFb,0,Sheet1,H617
OASL,TNFa,0,Sheet1,I617
OASL,Trail,0,Sheet1,J617
OASL,VEGF,0,Sheet1,K617
OASL,p53,0,Sheet1,L617
ODC1,EGFR,4.6785508289638313,Sheet1,B618
ODC1,Hypoxia,0,Sheet1,C618
ODC1,JAK.STAT,0,Sheet1,D618
ODC1,MAPK,0,Sheet1,E618
ODC1,NFkB,0,Sheet1,F618
ODC1,PI3K,0,Sheet1,G618
ODC1,TGFb,0,Sheet1,H618
ODC1,TNFa,0,Sheet1,I618
ODC1,Trail,0,Sheet1,J618
ODC1,VEGF,0,Sheet1,K618
ODC1,p53,0,Sheet1,L618
OGFR,EGFR,0,Sheet1,B619
OGFR,Hypoxia,0,Sheet1,C619
OGFR,JAK.STAT,2.0424781375059711,Sheet1,D619
OGFR,MAPK,0,Sheet1,E619
OGFR,NFkB,0,Sheet1,F619
OGFR,PI3K,0,Sheet1,G619
OGFR,TGFb,0,Sheet1,H619
OGFR,TNFa,0,Sheet1,I619
OGFR,Trail,0,Sheet1,J619
OGFR,VEGF,0,Sheet1,K619
OGFR,p53,0,Sheet1,L619
OLFM2,EGFR,0,Sheet1,B620
OLFM2,Hypoxia,0,Sheet1,C620
OLFM2,JAK.STAT,0,Sheet1,D620
OLFM2,MAPK,0,Sheet1,E620
OLFM2,NFkB,0,Sheet1,F620
OLFM2,PI3K,0,Sheet1,G620
OLFM2,TGFb,2.0653759894084955,Sheet1,H620
OLFM2,TNFa,0,Sheet1,I620
OLFM2,Trail,0,Sheet1,J620
OLFM2,VEGF,0,Sheet1,K620
OLFM2,p53,0,Sheet1,L620
OLR1,EGFR,0,Sheet1,B621
OLR1,Hypoxia,0,Sheet1,C621
OLR1,JAK.STAT,0,Sheet1,D621
OLR1,MAPK,0,Sheet1,E621
OLR1,NFkB,7.8420102863849523,Sheet1,F621
OLR1,PI3K,0,Sheet1,G621
OLR1,TGFb,0,Sheet1,H621
OLR1,TNFa,0,Sheet1,I621
OLR1,Trail,0,Sheet1,J621
OLR1,VEGF,0,Sheet1,K621
OLR1,p53,0,Sheet1,L621
OPCML,EGFR,0,Sheet1,B622
OPCML,Hypoxia,0,Sheet1,C622
OPCML,JAK.STAT,0,Sheet1,D622
OPCML,MAPK,0,Sheet1,E622
OPCML,NFkB,0,Sheet1,F622
OPCML,PI3K,0,Sheet1,G622
OPCML,TGFb,4.4679508830843266,Sheet1,H622
OPCML,TNFa,0,Sheet1,I622
OPCML,Trail,0,Sheet1,J622
OPCML,VEGF,0,Sheet1,K622
OPCML,p53,0,Sheet1,L622
OR5K1,EGFR,0,Sheet1,B623
OR5K1,Hypoxia,0,Sheet1,C623
OR5K1,JAK.STAT,0,Sheet1,D623
OR5K1,MAPK,0,Sheet1,E623
OR5K1,NFkB,0,Sheet1,F623
OR5K1,PI3K,0,Sheet1,G623
OR5K1,TGFb,0,Sheet1,H623
OR5K1,TNFa,0,Sheet1,I623
OR5K1,Trail,-1.2612460538902648,Sheet1,J623
OR5K1,VEGF,0,Sheet1,K623
OR5K1,p53,0,Sheet1,L623
OSER1-AS1,EGFR,0,Sheet1,B624
OSER1-AS1,Hypoxia,0,Sheet1,C624
OSER1-AS1,JAK.STAT,0,Sheet1,D624
OSER1-AS1,MAPK,0,Sheet1,E624
OSER1-AS1,NFkB,0,Sheet1,F624
OSER1-AS1,PI3K,-7.8491354463411671,Sheet1,G624
OSER1-AS1,TGFb,0,Sheet1,H624
OSER1-AS1,TNFa,0,Sheet1,I624
OSER1-AS1,Trail,0,Sheet1,J624
OSER1-AS1,VEGF,0,Sheet1,K624
OSER1-AS1,p53,0,Sheet1,L624
P2RX1,EGFR,0,Sheet1,B625
P2RX1,Hypoxia,0,Sheet1,C625
P2RX1,JAK.STAT,0,Sheet1,D625
P2RX1,MAPK,0,Sheet1,E625
P2RX1,NFkB,0,Sheet1,F625
P2RX1,PI3K,0,Sheet1,G625
P2RX1,TGFb,2.7581382924767666,Sheet1,H625
P2RX1,TNFa,0,Sheet1,I625
P2RX1,Trail,0,Sheet1,J625
P2RX1,VEGF,0,Sheet1,K625
P2RX1,p53,0,Sheet1,L625
P2RY14,EGFR,0,Sheet1,B626
P2RY14,Hypoxia,0,Sheet1,C626
P2RY14,JAK.STAT,0,Sheet1,D626
P2RY14,MAPK,0,Sheet1,E626
P2RY14,NFkB,0,Sheet1,F626
P2RY14,PI3K,0,Sheet1,G626
P2RY14,TGFb,0,Sheet1,H626
P2RY14,TNFa,0,Sheet1,I626
P2RY14,Trail,0,Sheet1,J626
P2RY14,VEGF,2.8300020949268188,Sheet1,K626
P2RY14,p53,0,Sheet1,L626
P4HA1,EGFR,0,Sheet1,B627
P4HA1,Hypoxia,11.067656692698989,Sheet1,C627
P4HA1,JAK.STAT,0,Sheet1,D627
P4HA1,MAPK,0,Sheet1,E627
P4HA1,NFkB,0,Sheet1,F627
P4HA1,PI3K,0,Sheet1,G627
P4HA1,TGFb,0,Sheet1,H627
P4HA1,TNFa,0,Sheet1,I627
P4HA1,Trail,0,Sheet1,J627
P4HA1,VEGF,0,Sheet1,K627
P4HA1,p53,0,Sheet1,L627
P4HA2,EGFR,0,Sheet1,B628
P4HA2,Hypoxia,6.2803435571622455,Sheet1,C628
P4HA2,JAK.STAT,0,Sheet1,D628
P4HA2,MAPK,0,Sheet1,E628
P4HA2,NFkB,0,Sheet1,F628
P4HA2,PI3K,0,Sheet1,G628
P4HA2,TGFb,0,Sheet1,H628
P4HA2,TNFa,0,Sheet1,I628
P4HA2,Trail,0,Sheet1,J628
P4HA2,VEGF,0,Sheet1,K628
P4HA2,p53,0,Sheet1,L628
PADI4,EGFR,0,Sheet1,B629
PADI4,Hypoxia,0,Sheet1,C629
PADI4,JAK.STAT,0,Sheet1,D629
PADI4,MAPK,0,Sheet1,E629
PADI4,NFkB,0,Sheet1,F629
PADI4,PI3K,0,Sheet1,G629
PADI4,TGFb,0,Sheet1,H629
PADI4,TNFa,0,Sheet1,I629
PADI4,Trail,0,Sheet1,J629
PADI4,VEGF,0,Sheet1,K629
PADI4,p53,4.1077301476638937,Sheet1,L629
PAEP,EGFR,0,Sheet1,B630
PAEP,Hypoxia,0,Sheet1,C630
PAEP,JAK.STAT,0,Sheet1,D630
PAEP,MAPK,0,Sheet1,E630
PAEP,NFkB,0,Sheet1,F630
PAEP,PI3K,-3.8032275537836622,Sheet1,G630
PAEP,TGFb,0,Sheet1,H630
PAEP,TNFa,0,Sheet1,I630
PAEP,Trail,0,Sheet1,J630
PAEP,VEGF,0,Sheet1,K630
PAEP,p53,0,Sheet1,L630
PAM,EGFR,0,Sheet1,B631
PAM,Hypoxia,6.2642963862461665,Sheet1,C631
PAM,JAK.STAT,0,Sheet1,D631
PAM,MAPK,0,Sheet1,E631
PAM,NFkB,0,Sheet1,F631
PAM,PI3K,0,Sheet1,G631
PAM,TGFb,0,Sheet1,H631
PAM,TNFa,0,Sheet1,I631
PAM,Trail,0,Sheet1,J631
PAM,VEGF,0,Sheet1,K631
PAM,p53,0,Sheet1,L631
PARP12,EGFR,0,Sheet1,B632
PARP12,Hypoxia,0,Sheet1,C632
PARP12,JAK.STAT,6.9441010532388976,Sheet1,D632
PARP12,MAPK,0,Sheet1,E632
PARP12,NFkB,0,Sheet1,F632
PARP12,PI3K,0,Sheet1,G632
PARP12,TGFb,0,Sheet1,H632
PARP12,TNFa,0,Sheet1,I632
PARP12,Trail,0,Sheet1,J632
PARP12,VEGF,0,Sheet1,K632
PARP12,p53,0,Sheet1,L632
PARP14,EGFR,0,Sheet1,B633
PARP14,Hypoxia,0,Sheet1,C633
PARP14,JAK.STAT,6.3972838127869762,Sheet1,D633
PARP14,MAPK,0,Sheet1,E633
PARP14,NFkB,0,Sheet1,F633
PARP14,PI3K,0,Sheet1,G633
PARP14,TGFb,0,Sheet1,H633
PARP14,TNFa,0,Sheet1,I633
PARP14,Trail,0,Sheet1,J633
PARP14,VEGF,0,Sheet1,K633
PARP14,p53,0,Sheet1,L633
PARP9,EGFR,0,Sheet1,B634
PARP9,Hypoxia,0,Sheet1,C634
PARP9,JAK.STAT,8.7151518590924013,Sheet1,D634
PARP9,MAPK,0,Sheet1,E634
PARP9,NFkB,0,Sheet1,F634
PARP9,PI3K,0,Sheet1,G634
PARP9,TGFb,0,Sheet1,H634
PARP9,TNFa,0,Sheet1,I634
PARP9,Trail,0,Sheet1,J634
PARP9,VEGF,0,Sheet1,K634
PARP9,p53,0,Sheet1,L634
PAWR,EGFR,0,Sheet1,B635
PAWR,Hypoxia,0,Sheet1,C635
PAWR,JAK.STAT,0,Sheet1,D635
PAWR,MAPK,0,Sheet1,E635
PAWR,NFkB,0,Sheet1,F635
PAWR,PI3K,0,Sheet1,G635
PAWR,TGFb,2.5534342854783194,Sheet1,H635
PAWR,TNFa,0,Sheet1,I635
PAWR,Trail,0,Sheet1,J635
PAWR,VEGF,0,Sheet1,K635
PAWR,p53,0,Sheet1,L635
PBLD,EGFR,0,Sheet1,B636
PBLD,Hypoxia,0,Sheet1,C636
PBLD,JAK.STAT,0,Sheet1,D636
PBLD,MAPK,-1.9776837829648106,Sheet1,E636
PBLD,NFkB,0,Sheet1,F636
PBLD,PI3K,0,Sheet1,G636
PBLD,TGFb,0,Sheet1,H636
PBLD,TNFa,0,Sheet1,I636
PBLD,Trail,0,Sheet1,J636
PBLD,VEGF,0,Sheet1,K636
PBLD,p53,0,Sheet1,L636
PBX1,EGFR,0,Sheet1,B637
PBX1,Hypoxia,0,Sheet1,C637
PBX1,JAK.STAT,0,Sheet1,D637
PBX1,MAPK,-2.9996132648084775,Sheet1,E637
PBX1,NFkB,0,Sheet1,F637
PBX1,PI3K,0,Sheet1,G637
PBX1,TGFb,0,Sheet1,H637
PBX1,TNFa,0,Sheet1,I637
PBX1,Trail,0,Sheet1,J637
PBX1,VEGF,0,Sheet1,K637
PBX1,p53,0,Sheet1,L637
PCMTD2,EGFR,-2.1953754463259614,Sheet1,B638
PCMTD2,Hypoxia,0,Sheet1,C638
PCMTD2,JAK.STAT,0,Sheet1,D638
PCMTD2,MAPK,0,Sheet1,E638
PCMTD2,NFkB,0,Sheet1,F638
PCMTD2,PI3K,0,Sheet1,G638
PCMTD2,TGFb,0,Sheet1,H638
PCMTD2,TNFa,0,Sheet1,I638
PCMTD2,Trail,0,Sheet1,J638
PCMTD2,VEGF,0,Sheet1,K638
PCMTD2,p53,0,Sheet1,L638
PDAP1,EGFR,0,Sheet1,B639
PDAP1,Hypoxia,0,Sheet1,C639
PDAP1,JAK.STAT,0,Sheet1,D639
PDAP1,MAPK,0,Sheet1,E639
PDAP1,NFkB,0,Sheet1,F639
PDAP1,PI3K,0,Sheet1,G639
PDAP1,TGFb,0,Sheet1,H639
PDAP1,TNFa,0,Sheet1,I639
PDAP1,Trail,-1.3704966032123196,Sheet1,J639
PDAP1,VEGF,0,Sheet1,K639
PDAP1,p53,0,Sheet1,L639
PDE6C,EGFR,0,Sheet1,B640
PDE6C,Hypoxia,0,Sheet1,C640
PDE6C,JAK.STAT,0,Sheet1,D640
PDE6C,MAPK,0,Sheet1,E640
PDE6C,NFkB,0,Sheet1,F640
PDE6C,PI3K,0,Sheet1,G640
PDE6C,TGFb,0,Sheet1,H640
PDE6C,TNFa,0,Sheet1,I640
PDE6C,Trail,0,Sheet1,J640
PDE6C,VEGF,0,Sheet1,K640
PDE6C,p53,3.0141354028269594,Sheet1,L640
PDK1,EGFR,0,Sheet1,B641
PDK1,Hypoxia,13.120449402558766,Sheet1,C641
PDK1,JAK.STAT,0,Sheet1,D641
PDK1,MAPK,0,Sheet1,E641
PDK1,NFkB,0,Sheet1,F641
PDK1,PI3K,0,Sheet1,G641
PDK1,TGFb,0,Sheet1,H641
PDK1,TNFa,0,Sheet1,I641
PDK1,Trail,0,Sheet1,J641
PDK1,VEGF,0,Sheet1,K641
PDK1,p53,0,Sheet1,L641
PDK3,EGFR,0,Sheet1,B642
PDK3,Hypoxia,4.3997507386612167,Sheet1,C642
PDK3,JAK.STAT,0,Sheet1,D642
PDK3,MAPK,0,Sheet1,E642
PDK3,NFkB,0,Sheet1,F642
PDK3,PI3K,0,Sheet1,G642
PDK3,TGFb,0,Sheet1,H642
PDK3,TNFa,0,Sheet1,I642
PDK3,Trail,0,Sheet1,J642
PDK3,VEGF,0,Sheet1,K642
PDK3,p53,0,Sheet1,L642
PDPN,EGFR,0,Sheet1,B643
PDPN,Hypoxia,0,Sheet1,C643
PDPN,JAK.STAT,0,Sheet1,D643
PDPN,MAPK,0,Sheet1,E643
PDPN,NFkB,0,Sheet1,F643
PDPN,PI3K,0,Sheet1,G643
PDPN,TGFb,0,Sheet1,H643
PDPN,TNFa,2.3542506787145947,Sheet1,I643
PDPN,Trail,0,Sheet1,J643
PDPN,VEGF,0,Sheet1,K643
PDPN,p53,0,Sheet1,L643
PEX1,EGFR,-1.6616624090615761,Sheet1,B644
PEX1,Hypoxia,0,Sheet1,C644
PEX1,JAK.STAT,0,Sheet1,D644
PEX1,MAPK,0,Sheet1,E644
PEX1,NFkB,0,Sheet1,F644
PEX1,PI3K,0,Sheet1,G644
PEX1,TGFb,0,Sheet1,H644
PEX1,TNFa,0,Sheet1,I644
PEX1,Trail,0,Sheet1,J644
PEX1,VEGF,0,Sheet1,K644
PEX1,p53,0,Sheet1,L644
PEX11G,EGFR,0,Sheet1,B645
PEX11G,Hypoxia,0,Sheet1,C645
PEX11G,JAK.STAT,0,Sheet1,D645
PEX11G,MAPK,0,Sheet1,E645
PEX11G,NFkB,0,Sheet1,F645
PEX11G,PI3K,-4.4546136432490631,Sheet1,G645
PEX11G,TGFb,0,Sheet1,H645
PEX11G,TNFa,0,Sheet1,I645
PEX11G,Trail,0,Sheet1,J645
PEX11G,VEGF,0,Sheet1,K645
PEX11G,p53,0,Sheet1,L645
PFKFB3,EGFR,0,Sheet1,B646
PFKFB3,Hypoxia,14.547192077328102,Sheet1,C646
PFKFB3,JAK.STAT,0,Sheet1,D646
PFKFB3,MAPK,0,Sheet1,E646
PFKFB3,NFkB,0,Sheet1,F646
PFKFB3,PI3K,0,Sheet1,G646
PFKFB3,TGFb,0,Sheet1,H646
PFKFB3,TNFa,0,Sheet1,I646
PFKFB3,Trail,0,Sheet1,J646
PFKFB3,VEGF,0,Sheet1,K646
PFKFB3,p53,0,Sheet1,L646
PFKFB4,EGFR,0,Sheet1,B647
PFKFB4,Hypoxia,8.9402708388199148,Sheet1,C647
PFKFB4,JAK.STAT,0,Sheet1,D647
PFKFB4,MAPK,0,Sheet1,E647
PFKFB4,NFkB,0,Sheet1,F647
PFKFB4,PI3K,0,Sheet1,G647
PFKFB4,TGFb,0,Sheet1,H647
PFKFB4,TNFa,0,Sheet1,I647
PFKFB4,Trail,0,Sheet1,J647
PFKFB4,VEGF,0,Sheet1,K647
PFKFB4,p53,0,Sheet1,L647
PFKL,EGFR,0,Sheet1,B648
PFKL,Hypoxia,3.5446163885829014,Sheet1,C648
PFKL,JAK.STAT,0,Sheet1,D648
PFKL,MAPK,0,Sheet1,E648
PFKL,NFkB,0,Sheet1,F648
PFKL,PI3K,0,Sheet1,G648
PFKL,TGFb,0,Sheet1,H648
PFKL,TNFa,0,Sheet1,I648
PFKL,Trail,0,Sheet1,J648
PFKL,VEGF,0,Sheet1,K648
PFKL,p53,0,Sheet1,L648
PFKP,EGFR,0,Sheet1,B649
PFKP,Hypoxia,9.2332009055744635,Sheet1,C649
PFKP,JAK.STAT,0,Sheet1,D649
PFKP,MAPK,0,Sheet1,E649
PFKP,NFkB,0,Sheet1,F649
PFKP,PI3K,0,Sheet1,G649
PFKP,TGFb,0,Sheet1,H649
PFKP,TNFa,0,Sheet1,I649
PFKP,Trail,0,Sheet1,J649
PFKP,VEGF,0,Sheet1,K649
PFKP,p53,0,Sheet1,L649
PGAM1,EGFR,0,Sheet1,B650
PGAM1,Hypoxia,6.3782651350276982,Sheet1,C650
PGAM1,JAK.STAT,0,Sheet1,D650
PGAM1,MAPK,0,Sheet1,E650
PGAM1,NFkB,0,Sheet1,F650
PGAM1,PI3K,0,Sheet1,G650
PGAM1,TGFb,0,Sheet1,H650
PGAM1,TNFa,0,Sheet1,I650
PGAM1,Trail,0,Sheet1,J650
PGAM1,VEGF,0,Sheet1,K650
PGAM1,p53,0,Sheet1,L650
PGAP1,EGFR,0,Sheet1,B651
PGAP1,Hypoxia,0,Sheet1,C651
PGAP1,JAK.STAT,0,Sheet1,D651
PGAP1,MAPK,0,Sheet1,E651
PGAP1,NFkB,0,Sheet1,F651
PGAP1,PI3K,0,Sheet1,G651
PGAP1,TGFb,0,Sheet1,H651
PGAP1,TNFa,0,Sheet1,I651
PGAP1,Trail,0,Sheet1,J651
PGAP1,VEGF,0,Sheet1,K651
PGAP1,p53,5.5742871069183506,Sheet1,L651
PGF,EGFR,0,Sheet1,B652
PGF,Hypoxia,0,Sheet1,C652
PGF,JAK.STAT,0,Sheet1,D652
PGF,MAPK,0,Sheet1,E652
PGF,NFkB,0,Sheet1,F652
PGF,PI3K,0,Sheet1,G652
PGF,TGFb,0,Sheet1,H652
PGF,TNFa,0,Sheet1,I652
PGF,Trail,0,Sheet1,J652
PGF,VEGF,0,Sheet1,K652
PGF,p53,4.4548465123606942,Sheet1,L652
PGK1,EGFR,0,Sheet1,B653
PGK1,Hypoxia,9.9939913939293685,Sheet1,C653
PGK1,JAK.STAT,0,Sheet1,D653
PGK1,MAPK,0,Sheet1,E653
PGK1,NFkB,0,Sheet1,F653
PGK1,PI3K,0,Sheet1,G653
PGK1,TGFb,0,Sheet1,H653
PGK1,TNFa,0,Sheet1,I653
PGK1,Trail,0,Sheet1,J653
PGK1,VEGF,0,Sheet1,K653
PGK1,p53,0,Sheet1,L653
PGM1,EGFR,0,Sheet1,B654
PGM1,Hypoxia,7.8858346164263198,Sheet1,C654
PGM1,JAK.STAT,0,Sheet1,D654
PGM1,MAPK,0,Sheet1,E654
PGM1,NFkB,0,Sheet1,F654
PGM1,PI3K,0,Sheet1,G654
PGM1,TGFb,0,Sheet1,H654
PGM1,TNFa,0,Sheet1,I654
PGM1,Trail,0,Sheet1,J654
PGM1,VEGF,0,Sheet1,K654
PGM1,p53,0,Sheet1,L654
PHACTR3,EGFR,0,Sheet1,B655
PHACTR3,Hypoxia,0,Sheet1,C655
PHACTR3,JAK.STAT,0,Sheet1,D655
PHACTR3,MAPK,0,Sheet1,E655
PHACTR3,NFkB,0,Sheet1,F655
PHACTR3,PI3K,0,Sheet1,G655
PHACTR3,TGFb,0,Sheet1,H655
PHACTR3,TNFa,0,Sheet1,I655
PHACTR3,Trail,0,Sheet1,J655
PHACTR3,VEGF,-9.2499686120826823,Sheet1,K655
PHACTR3,p53,0,Sheet1,L655
PHC2,EGFR,0,Sheet1,B656
PHC2,Hypoxia,0,Sheet1,C656
PHC2,JAK.STAT,0,Sheet1,D656
PHC2,MAPK,2.3954010239131938,Sheet1,E656
PHC2,NFkB,0,Sheet1,F656
PHC2,PI3K,0,Sheet1,G656
PHC2,TGFb,0,Sheet1,H656
PHC2,TNFa,0,Sheet1,I656
PHC2,Trail,0,Sheet1,J656
PHC2,VEGF,0,Sheet1,K656
PHC2,p53,0,Sheet1,L656
PHF11,EGFR,0,Sheet1,B657
PHF11,Hypoxia,0,Sheet1,C657
PHF11,JAK.STAT,3.8617313364104704,Sheet1,D657
PHF11,MAPK,0,Sheet1,E657
PHF11,NFkB,0,Sheet1,F657
PHF11,PI3K,0,Sheet1,G657
PHF11,TGFb,0,Sheet1,H657
PHF11,TNFa,0,Sheet1,I657
PHF11,Trail,0,Sheet1,J657
PHF11,VEGF,0,Sheet1,K657
PHF11,p53,0,Sheet1,L657
PHLDA1,EGFR,6.6196261287424676,Sheet1,B658
PHLDA1,Hypoxia,0,Sheet1,C658
PHLDA1,JAK.STAT,0,Sheet1,D658
PHLDA1,MAPK,7.0452892289210833,Sheet1,E658
PHLDA1,NFkB,0,Sheet1,F658
PHLDA1,PI3K,0,Sheet1,G658
PHLDA1,TGFb,0,Sheet1,H658
PHLDA1,TNFa,0,Sheet1,I658
PHLDA1,Trail,0,Sheet1,J658
PHLDA1,VEGF,0,Sheet1,K658
PHLDA1,p53,0,Sheet1,L658
PHLDA2,EGFR,3.5051383414014112,Sheet1,B659
PHLDA2,Hypoxia,0,Sheet1,C659
PHLDA2,JAK.STAT,0,Sheet1,D659
PHLDA2,MAPK,3.8582386537955657,Sheet1,E659
PHLDA2,NFkB,0,Sheet1,F659
PHLDA2,PI3K,0,Sheet1,G659
PHLDA2,TGFb,0,Sheet1,H659
PHLDA2,TNFa,0,Sheet1,I659
PHLDA2,Trail,0,Sheet1,J659
PHLDA2,VEGF,0,Sheet1,K659
PHLDA2,p53,0,Sheet1,L659
PHLDA3,EGFR,0,Sheet1,B660
PHLDA3,Hypoxia,0,Sheet1,C660
PHLDA3,JAK.STAT,0,Sheet1,D660
PHLDA3,MAPK,0,Sheet1,E660
PHLDA3,NFkB,0,Sheet1,F660
PHLDA3,PI3K,0,Sheet1,G660
PHLDA3,TGFb,0,Sheet1,H660
PHLDA3,TNFa,0,Sheet1,I660
PHLDA3,Trail,0,Sheet1,J660
PHLDA3,VEGF,0,Sheet1,K660
PHLDA3,p53,6.7904373430392146,Sheet1,L660
PIDD1,EGFR,0,Sheet1,B661
PIDD1,Hypoxia,0,Sheet1,C661
PIDD1,JAK.STAT,0,Sheet1,D661
PIDD1,MAPK,0,Sheet1,E661
PIDD1,NFkB,0,Sheet1,F661
PIDD1,PI3K,0,Sheet1,G661
PIDD1,TGFb,0,Sheet1,H661
PIDD1,TNFa,0,Sheet1,I661
PIDD1,Trail,0,Sheet1,J661
PIDD1,VEGF,0,Sheet1,K661
PIDD1,p53,5.9606407237831895,Sheet1,L661
PIEZO2,EGFR,0,Sheet1,B662
PIEZO2,Hypoxia,0,Sheet1,C662
PIEZO2,JAK.STAT,0,Sheet1,D662
PIEZO2,MAPK,0,Sheet1,E662
PIEZO2,NFkB,0,Sheet1,F662
PIEZO2,PI3K,0,Sheet1,G662
PIEZO2,TGFb,0,Sheet1,H662
PIEZO2,TNFa,0,Sheet1,I662
PIEZO2,Trail,0,Sheet1,J662
PIEZO2,VEGF,-1.8910970036781882,Sheet1,K662
PIEZO2,p53,0,Sheet1,L662
PIK3C2B,EGFR,0,Sheet1,B663
PIK3C2B,Hypoxia,0,Sheet1,C663
PIK3C2B,JAK.STAT,0,Sheet1,D663
PIK3C2B,MAPK,-2.752686572837634,Sheet1,E663
PIK3C2B,NFkB,0,Sheet1,F663
PIK3C2B,PI3K,0,Sheet1,G663
PIK3C2B,TGFb,0,Sheet1,H663
PIK3C2B,TNFa,0,Sheet1,I663
PIK3C2B,Trail,0,Sheet1,J663
PIK3C2B,VEGF,0,Sheet1,K663
PIK3C2B,p53,0,Sheet1,L663
PKHD1L1,EGFR,0,Sheet1,B664
PKHD1L1,Hypoxia,0,Sheet1,C664
PKHD1L1,JAK.STAT,0,Sheet1,D664
PKHD1L1,MAPK,0,Sheet1,E664
PKHD1L1,NFkB,0,Sheet1,F664
PKHD1L1,PI3K,0,Sheet1,G664
PKHD1L1,TGFb,0,Sheet1,H664
PKHD1L1,TNFa,0,Sheet1,I664
PKHD1L1,Trail,0,Sheet1,J664
PKHD1L1,VEGF,-2.1052040386225586,Sheet1,K664
PKHD1L1,p53,0,Sheet1,L664
PKM,EGFR,0,Sheet1,B665
PKM,Hypoxia,4.7451797173242358,Sheet1,C665
PKM,JAK.STAT,0,Sheet1,D665
PKM,MAPK,0,Sheet1,E665
PKM,NFkB,0,Sheet1,F665
PKM,PI3K,0,Sheet1,G665
PKM,TGFb,0,Sheet1,H665
PKM,TNFa,0,Sheet1,I665
PKM,Trail,0,Sheet1,J665
PKM,VEGF,0,Sheet1,K665
PKM,p53,0,Sheet1,L665
PKNOX2,EGFR,0,Sheet1,B666
PKNOX2,Hypoxia,0,Sheet1,C666
PKNOX2,JAK.STAT,0,Sheet1,D666
PKNOX2,MAPK,0,Sheet1,E666
PKNOX2,NFkB,0,Sheet1,F666
PKNOX2,PI3K,0,Sheet1,G666
PKNOX2,TGFb,2.0484917398987559,Sheet1,H666
PKNOX2,TNFa,0,Sheet1,I666
PKNOX2,Trail,0,Sheet1,J666
PKNOX2,VEGF,0,Sheet1,K666
PKNOX2,p53,0,Sheet1,L666
PLAU,EGFR,0,Sheet1,B667
PLAU,Hypoxia,0,Sheet1,C667
PLAU,JAK.STAT,0,Sheet1,D667
PLAU,MAPK,0,Sheet1,E667
PLAU,NFkB,0,Sheet1,F667
PLAU,PI3K,0,Sheet1,G667
PLAU,TGFb,0,Sheet1,H667
PLAU,TNFa,11.492884155720912,Sheet1,I667
PLAU,Trail,0,Sheet1,J667
PLAU,VEGF,0,Sheet1,K667
PLAU,p53,0,Sheet1,L667
PLCB4,EGFR,0,Sheet1,B668
PLCB4,Hypoxia,0,Sheet1,C668
PLCB4,JAK.STAT,0,Sheet1,D668
PLCB4,MAPK,0,Sheet1,E668
PLCB4,NFkB,0,Sheet1,F668
PLCB4,PI3K,0,Sheet1,G668
PLCB4,TGFb,3.9338902853869087,Sheet1,H668
PLCB4,TNFa,0,Sheet1,I668
PLCB4,Trail,0,Sheet1,J668
PLCB4,VEGF,0,Sheet1,K668
PLCB4,p53,0,Sheet1,L668
PLEK2,EGFR,3.4392569636028694,Sheet1,B669
PLEK2,Hypoxia,0,Sheet1,C669
PLEK2,JAK.STAT,0,Sheet1,D669
PLEK2,MAPK,0,Sheet1,E669
PLEK2,NFkB,0,Sheet1,F669
PLEK2,PI3K,0,Sheet1,G669
PLEK2,TGFb,0,Sheet1,H669
PLEK2,TNFa,0,Sheet1,I669
PLEK2,Trail,0,Sheet1,J669
PLEK2,VEGF,0,Sheet1,K669
PLEK2,p53,0,Sheet1,L669
PLN,EGFR,0,Sheet1,B670
PLN,Hypoxia,0,Sheet1,C670
PLN,JAK.STAT,0,Sheet1,D670
PLN,MAPK,0,Sheet1,E670
PLN,NFkB,0,Sheet1,F670
PLN,PI3K,0,Sheet1,G670
PLN,TGFb,2.7483232218589722,Sheet1,H670
PLN,TNFa,0,Sheet1,I670
PLN,Trail,0,Sheet1,J670
PLN,VEGF,0,Sheet1,K670
PLN,p53,0,Sheet1,L670
PLOD1,EGFR,0,Sheet1,B671
PLOD1,Hypoxia,6.6102248488553306,Sheet1,C671
PLOD1,JAK.STAT,0,Sheet1,D671
PLOD1,MAPK,0,Sheet1,E671
PLOD1,NFkB,0,Sheet1,F671
PLOD1,PI3K,0,Sheet1,G671
PLOD1,TGFb,0,Sheet1,H671
PLOD1,TNFa,0,Sheet1,I671
PLOD1,Trail,0,Sheet1,J671
PLOD1,VEGF,0,Sheet1,K671
PLOD1,p53,0,Sheet1,L671
PLOD2,EGFR,0,Sheet1,B672
PLOD2,Hypoxia,13.600144008727044,Sheet1,C672
PLOD2,JAK.STAT,0,Sheet1,D672
PLOD2,MAPK,0,Sheet1,E672
PLOD2,NFkB,0,Sheet1,F672
PLOD2,PI3K,0,Sheet1,G672
PLOD2,TGFb,0,Sheet1,H672
PLOD2,TNFa,0,Sheet1,I672
PLOD2,Trail,0,Sheet1,J672
PLOD2,VEGF,0,Sheet1,K672
PLOD2,p53,0,Sheet1,L672
PLSCR1,EGFR,0,Sheet1,B673
PLSCR1,Hypoxia,0,Sheet1,C673
PLSCR1,JAK.STAT,8.4816031726062153,Sheet1,D673
PLSCR1,MAPK,0,Sheet1,E673
PLSCR1,NFkB,0,Sheet1,F673
PLSCR1,PI3K,0,Sheet1,G673
PLSCR1,TGFb,0,Sheet1,H673
PLSCR1,TNFa,0,Sheet1,I673
PLSCR1,Trail,0,Sheet1,J673
PLSCR1,VEGF,0,Sheet1,K673
PLSCR1,p53,0,Sheet1,L673
PLSCR2,EGFR,0,Sheet1,B674
PLSCR2,Hypoxia,0,Sheet1,C674
PLSCR2,JAK.STAT,1.5066712034746164,Sheet1,D674
PLSCR2,MAPK,0,Sheet1,E674
PLSCR2,NFkB,0,Sheet1,F674
PLSCR2,PI3K,0,Sheet1,G674
PLSCR2,TGFb,0,Sheet1,H674
PLSCR2,TNFa,0,Sheet1,I674
PLSCR2,Trail,0,Sheet1,J674
PLSCR2,VEGF,0,Sheet1,K674
PLSCR2,p53,0,Sheet1,L674
PLTP,EGFR,0,Sheet1,B675
PLTP,Hypoxia,0,Sheet1,C675
PLTP,JAK.STAT,0,Sheet1,D675
PLTP,MAPK,0,Sheet1,E675
PLTP,NFkB,0,Sheet1,F675
PLTP,PI3K,0,Sheet1,G675
PLTP,TGFb,0,Sheet1,H675
PLTP,TNFa,0,Sheet1,I675
PLTP,Trail,0,Sheet1,J675
PLTP,VEGF,0,Sheet1,K675
PLTP,p53,6.885032885088286,Sheet1,L675
PMEL,EGFR,0,Sheet1,B676
PMEL,Hypoxia,0,Sheet1,C676
PMEL,JAK.STAT,0,Sheet1,D676
PMEL,MAPK,0,Sheet1,E676
PMEL,NFkB,0,Sheet1,F676
PMEL,PI3K,-6.5903482481994979,Sheet1,G676
PMEL,TGFb,0,Sheet1,H676
PMEL,TNFa,0,Sheet1,I676
PMEL,Trail,0,Sheet1,J676
PMEL,VEGF,0,Sheet1,K676
PMEL,p53,0,Sheet1,L676
PMEPA1,EGFR,0,Sheet1,B677
PMEPA1,Hypoxia,0,Sheet1,C677
PMEPA1,JAK.STAT,0,Sheet1,D677
PMEPA1,MAPK,0,Sheet1,E677
PMEPA1,NFkB,0,Sheet1,F677
PMEPA1,PI3K,0,Sheet1,G677
PMEPA1,TGFb,8.0961408808270114,Sheet1,H677
PMEPA1,TNFa,0,Sheet1,I677
PMEPA1,Trail,0,Sheet1,J677
PMEPA1,VEGF,0,Sheet1,K677
PMEPA1,p53,0,Sheet1,L677
PML,EGFR,0,Sheet1,B678
PML,Hypoxia,0,Sheet1,C678
PML,JAK.STAT,3.6085252767278408,Sheet1,D678
PML,MAPK,0,Sheet1,E678
PML,NFkB,0,Sheet1,F678
PML,PI3K,0,Sheet1,G678
PML,TGFb,0,Sheet1,H678
PML,TNFa,0,Sheet1,I678
PML,Trail,0,Sheet1,J678
PML,VEGF,0,Sheet1,K678
PML,p53,0,Sheet1,L678
PNISR,EGFR,-1.5953880431843823,Sheet1,B679
PNISR,Hypoxia,0,Sheet1,C679
PNISR,JAK.STAT,0,Sheet1,D679
PNISR,MAPK,0,Sheet1,E679
PNISR,NFkB,0,Sheet1,F679
PNISR,PI3K,0,Sheet1,G679
PNISR,TGFb,0,Sheet1,H679
PNISR,TNFa,0,Sheet1,I679
PNISR,Trail,0,Sheet1,J679
PNISR,VEGF,0,Sheet1,K679
PNISR,p53,0,Sheet1,L679
PNP,EGFR,4.6436199416459658,Sheet1,B680
PNP,Hypoxia,0,Sheet1,C680
PNP,JAK.STAT,0,Sheet1,D680
PNP,MAPK,4.91046403239136,Sheet1,E680
PNP,NFkB,0,Sheet1,F680
PNP,PI3K,0,Sheet1,G680
PNP,TGFb,0,Sheet1,H680
PNP,TNFa,0,Sheet1,I680
PNP,Trail,0,Sheet1,J680
PNP,VEGF,0,Sheet1,K680
PNP,p53,0,Sheet1,L680
PODNL1,EGFR,0,Sheet1,B681
PODNL1,Hypoxia,0,Sheet1,C681
PODNL1,JAK.STAT,0,Sheet1,D681
PODNL1,MAPK,0,Sheet1,E681
PODNL1,NFkB,0,Sheet1,F681
PODNL1,PI3K,0,Sheet1,G681
PODNL1,TGFb,2.1489096837018176,Sheet1,H681
PODNL1,TNFa,0,Sheet1,I681
PODNL1,Trail,0,Sheet1,J681
PODNL1,VEGF,0,Sheet1,K681
PODNL1,p53,0,Sheet1,L681
POLH,EGFR,0,Sheet1,B682
POLH,Hypoxia,0,Sheet1,C682
POLH,JAK.STAT,0,Sheet1,D682
POLH,MAPK,0,Sheet1,E682
POLH,NFkB,0,Sheet1,F682
POLH,PI3K,0,Sheet1,G682
POLH,TGFb,0,Sheet1,H682
POLH,TNFa,0,Sheet1,I682
POLH,Trail,0,Sheet1,J682
POLH,VEGF,0,Sheet1,K682
POLH,p53,5.1760126433008748,Sheet1,L682
POLR3G,EGFR,0,Sheet1,B683
POLR3G,Hypoxia,0,Sheet1,C683
POLR3G,JAK.STAT,0,Sheet1,D683
POLR3G,MAPK,2.8294839761780959,Sheet1,E683
POLR3G,NFkB,0,Sheet1,F683
POLR3G,PI3K,0,Sheet1,G683
POLR3G,TGFb,0,Sheet1,H683
POLR3G,TNFa,0,Sheet1,I683
POLR3G,Trail,0,Sheet1,J683
POLR3G,VEGF,0,Sheet1,K683
POLR3G,p53,0,Sheet1,L683
POP4,EGFR,0,Sheet1,B684
POP4,Hypoxia,-2.3144126336675179,Sheet1,C684
POP4,JAK.STAT,0,Sheet1,D684
POP4,MAPK,0,Sheet1,E684
POP4,NFkB,0,Sheet1,F684
POP4,PI3K,0,Sheet1,G684
POP4,TGFb,0,Sheet1,H684
POP4,TNFa,0,Sheet1,I684
POP4,Trail,0,Sheet1,J684
POP4,VEGF,0,Sheet1,K684
POP4,p53,0,Sheet1,L684
POT1,EGFR,-1.8333008584025585,Sheet1,B685
POT1,Hypoxia,0,Sheet1,C685
POT1,JAK.STAT,0,Sheet1,D685
POT1,MAPK,0,Sheet1,E685
POT1,NFkB,0,Sheet1,F685
POT1,PI3K,0,Sheet1,G685
POT1,TGFb,0,Sheet1,H685
POT1,TNFa,0,Sheet1,I685
POT1,Trail,0,Sheet1,J685
POT1,VEGF,0,Sheet1,K685
POT1,p53,0,Sheet1,L685
POT1-AS1,EGFR,0,Sheet1,B686
POT1-AS1,Hypoxia,0,Sheet1,C686
POT1-AS1,JAK.STAT,0,Sheet1,D686
POT1-AS1,MAPK,0,Sheet1,E686
POT1-AS1,NFkB,0,Sheet1,F686
POT1-AS1,PI3K,0,Sheet1,G686
POT1-AS1,TGFb,0,Sheet1,H686
POT1-AS1,TNFa,0,Sheet1,I686
POT1-AS1,Trail,0,Sheet1,J686
POT1-AS1,VEGF,-7.6995829508966871,Sheet1,K686
POT1-AS1,p53,0,Sheet1,L686
PP12708,EGFR,0,Sheet1,B687
PP12708,Hypoxia,0,Sheet1,C687
PP12708,JAK.STAT,0,Sheet1,D687
PP12708,MAPK,0,Sheet1,E687
PP12708,NFkB,0,Sheet1,F687
PP12708,PI3K,0,Sheet1,G687
PP12708,TGFb,0,Sheet1,H687
PP12708,TNFa,0,Sheet1,I687
PP12708,Trail,0,Sheet1,J687
PP12708,VEGF,-3.0035987290880874,Sheet1,K687
PP12708,p53,0,Sheet1,L687
PP13439,EGFR,0,Sheet1,B688
PP13439,Hypoxia,0,Sheet1,C688
PP13439,JAK.STAT,0,Sheet1,D688
PP13439,MAPK,0,Sheet1,E688
PP13439,NFkB,0,Sheet1,F688
PP13439,PI3K,0,Sheet1,G688
PP13439,TGFb,0,Sheet1,H688
PP13439,TNFa,0,Sheet1,I688
PP13439,Trail,-1.7483585330522968,Sheet1,J688
PP13439,VEGF,0,Sheet1,K688
PP13439,p53,0,Sheet1,L688
PPFIA4,EGFR,0,Sheet1,B689
PPFIA4,Hypoxia,10.837614563420766,Sheet1,C689
PPFIA4,JAK.STAT,0,Sheet1,D689
PPFIA4,MAPK,0,Sheet1,E689
PPFIA4,NFkB,0,Sheet1,F689
PPFIA4,PI3K,0,Sheet1,G689
PPFIA4,TGFb,0,Sheet1,H689
PPFIA4,TNFa,0,Sheet1,I689
PPFIA4,Trail,0,Sheet1,J689
PPFIA4,VEGF,0,Sheet1,K689
PPFIA4,p53,0,Sheet1,L689
PPM1D,EGFR,0,Sheet1,B690
PPM1D,Hypoxia,0,Sheet1,C690
PPM1D,JAK.STAT,0,Sheet1,D690
PPM1D,MAPK,0,Sheet1,E690
PPM1D,NFkB,0,Sheet1,F690
PPM1D,PI3K,0,Sheet1,G690
PPM1D,TGFb,0,Sheet1,H690
PPM1D,TNFa,0,Sheet1,I690
PPM1D,Trail,0,Sheet1,J690
PPM1D,VEGF,0,Sheet1,K690
PPM1D,p53,6.2495205810622307,Sheet1,L690
PPP2R5B,EGFR,0,Sheet1,B691
PPP2R5B,Hypoxia,3.4825833961794741,Sheet1,C691
PPP2R5B,JAK.STAT,0,Sheet1,D691
PPP2R5B,MAPK,0,Sheet1,E691
PPP2R5B,NFkB,0,Sheet1,F691
PPP2R5B,PI3K,0,Sheet1,G691
PPP2R5B,TGFb,0,Sheet1,H691
PPP2R5B,TNFa,0,Sheet1,I691
PPP2R5B,Trail,0,Sheet1,J691
PPP2R5B,VEGF,0,Sheet1,K691
PPP2R5B,p53,0,Sheet1,L691
PPP4R4,EGFR,0,Sheet1,B692
PPP4R4,Hypoxia,0,Sheet1,C692
PPP4R4,JAK.STAT,0,Sheet1,D692
PPP4R4,MAPK,0,Sheet1,E692
PPP4R4,NFkB,2.427471574635709,Sheet1,F692
PPP4R4,PI3K,0,Sheet1,G692
PPP4R4,TGFb,0,Sheet1,H692
PPP4R4,TNFa,3.3280546089658753,Sheet1,I692
PPP4R4,Trail,0,Sheet1,J692
PPP4R4,VEGF,0,Sheet1,K692
PPP4R4,p53,0,Sheet1,L692
PRCP,EGFR,0,Sheet1,B693
PRCP,Hypoxia,0,Sheet1,C693
PRCP,JAK.STAT,0,Sheet1,D693
PRCP,MAPK,-1.2786844411212896,Sheet1,E693
PRCP,NFkB,0,Sheet1,F693
PRCP,PI3K,0,Sheet1,G693
PRCP,TGFb,0,Sheet1,H693
PRCP,TNFa,0,Sheet1,I693
PRCP,Trail,0,Sheet1,J693
PRCP,VEGF,0,Sheet1,K693
PRCP,p53,0,Sheet1,L693
PRDM1,EGFR,0,Sheet1,B694
PRDM1,Hypoxia,0,Sheet1,C694
PRDM1,JAK.STAT,0,Sheet1,D694
PRDM1,MAPK,0,Sheet1,E694
PRDM1,NFkB,4.4165323466400803,Sheet1,F694
PRDM1,PI3K,0,Sheet1,G694
PRDM1,TGFb,0,Sheet1,H694
PRDM1,TNFa,0,Sheet1,I694
PRDM1,Trail,0,Sheet1,J694
PRDM1,VEGF,0,Sheet1,K694
PRDM1,p53,0,Sheet1,L694
PRKAB1,EGFR,0,Sheet1,B695
PRKAB1,Hypoxia,0,Sheet1,C695
PRKAB1,JAK.STAT,0,Sheet1,D695
PRKAB1,MAPK,0,Sheet1,E695
PRKAB1,NFkB,0,Sheet1,F695
PRKAB1,PI3K,0,Sheet1,G695
PRKAB1,TGFb,0,Sheet1,H695
PRKAB1,TNFa,0,Sheet1,I695
PRKAB1,Trail,0,Sheet1,J695
PRKAB1,VEGF,0,Sheet1,K695
PRKAB1,p53,4.5200294592852579,Sheet1,L695
PRKD2,EGFR,0,Sheet1,B696
PRKD2,Hypoxia,0,Sheet1,C696
PRKD2,JAK.STAT,2.1554948782429326,Sheet1,D696
PRKD2,MAPK,0,Sheet1,E696
PRKD2,NFkB,0,Sheet1,F696
PRKD2,PI3K,0,Sheet1,G696
PRKD2,TGFb,0,Sheet1,H696
PRKD2,TNFa,0,Sheet1,I696
PRKD2,Trail,0,Sheet1,J696
PRKD2,VEGF,0,Sheet1,K696
PRKD2,p53,0,Sheet1,L696
PRNP,EGFR,0,Sheet1,B697
PRNP,Hypoxia,0,Sheet1,C697
PRNP,JAK.STAT,0,Sheet1,D697
PRNP,MAPK,2.5973108072698539,Sheet1,E697
PRNP,NFkB,0,Sheet1,F697
PRNP,PI3K,0,Sheet1,G697
PRNP,TGFb,0,Sheet1,H697
PRNP,TNFa,0,Sheet1,I697
PRNP,Trail,0,Sheet1,J697
PRNP,VEGF,0,Sheet1,K697
PRNP,p53,0,Sheet1,L697
PRR7-AS1,EGFR,0,Sheet1,B698
PRR7-AS1,Hypoxia,0,Sheet1,C698
PRR7-AS1,JAK.STAT,0,Sheet1,D698
PRR7-AS1,MAPK,0,Sheet1,E698
PRR7-AS1,NFkB,0,Sheet1,F698
PRR7-AS1,PI3K,6.9363220021751779,Sheet1,G698
PRR7-AS1,TGFb,0,Sheet1,H698
PRR7-AS1,TNFa,0,Sheet1,I698
PRR7-AS1,Trail,0,Sheet1,J698
PRR7-AS1,VEGF,0,Sheet1,K698
PRR7-AS1,p53,0,Sheet1,L698
PRSS53,EGFR,0,Sheet1,B699
PRSS53,Hypoxia,1.9745062323810543,Sheet1,C699
PRSS53,JAK.STAT,0,Sheet1,D699
PRSS53,MAPK,0,Sheet1,E699
PRSS53,NFkB,0,Sheet1,F699
PRSS53,PI3K,0,Sheet1,G699
PRSS53,TGFb,0,Sheet1,H699
PRSS53,TNFa,0,Sheet1,I699
PRSS53,Trail,0,Sheet1,J699
PRSS53,VEGF,0,Sheet1,K699
PRSS53,p53,0,Sheet1,L699
PSMB8,EGFR,0,Sheet1,B700
PSMB8,Hypoxia,0,Sheet1,C700
PSMB8,JAK.STAT,5.8696840206955532,Sheet1,D700
PSMB8,MAPK,0,Sheet1,E700
PSMB8,NFkB,0,Sheet1,F700
PSMB8,PI3K,0,Sheet1,G700
PSMB8,TGFb,0,Sheet1,H700
PSMB8,TNFa,0,Sheet1,I700
PSMB8,Trail,0,Sheet1,J700
PSMB8,VEGF,0,Sheet1,K700
PSMB8,p53,0,Sheet1,L700
PSMB8-AS1,EGFR,0,Sheet1,B701
PSMB8-AS1,Hypoxia,0,Sheet1,C701
PSMB8-AS1,JAK.STAT,4.4960550355789604,Sheet1,D701
PSMB8-AS1,MAPK,0,Sheet1,E701
PSMB8-AS1,NFkB,0,Sheet1,F701
PSMB8-AS1,PI3K,0,Sheet1,G701
PSMB8-AS1,TGFb,0,Sheet1,H701
PSMB8-AS1,TNFa,0,Sheet1,I701
PSMB8-AS1,Trail,0,Sheet1,J701
PSMB8-AS1,VEGF,0,Sheet1,K701
PSMB8-AS1,p53,0,Sheet1,L701
PSMB9,EGFR,0,Sheet1,B702
PSMB9,Hypoxia,0,Sheet1,C702
PSMB9,JAK.STAT,8.1585115060453699,Sheet1,D702
PSMB9,MAPK,0,Sheet1,E702
PSMB9,NFkB,0,Sheet1,F702
PSMB9,PI3K,0,Sheet1,G702
PSMB9,TGFb,0,Sheet1,H702
PSMB9,TNFa,0,Sheet1,I702
PSMB9,Trail,0,Sheet1,J702
PSMB9,VEGF,0,Sheet1,K702
PSMB9,p53,0,Sheet1,L702
PSMG3-AS1,EGFR,0,Sheet1,B703
PSMG3-AS1,Hypoxia,0,Sheet1,C703
PSMG3-AS1,JAK.STAT,0,Sheet1,D703
PSMG3-AS1,MAPK,0,Sheet1,E703
PSMG3-AS1,NFkB,0,Sheet1,F703
PSMG3-AS1,PI3K,-8.0132765833141733,Sheet1,G703
PSMG3-AS1,TGFb,0,Sheet1,H703
PSMG3-AS1,TNFa,0,Sheet1,I703
PSMG3-AS1,Trail,0,Sheet1,J703
PSMG3-AS1,VEGF,0,Sheet1,K703
PSMG3-AS1,p53,0,Sheet1,L703
PTCH1,EGFR,0,Sheet1,B704
PTCH1,Hypoxia,0,Sheet1,C704
PTCH1,JAK.STAT,0,Sheet1,D704
PTCH1,MAPK,0,Sheet1,E704
PTCH1,NFkB,0,Sheet1,F704
PTCH1,PI3K,0,Sheet1,G704
PTCH1,TGFb,0,Sheet1,H704
PTCH1,TNFa,0,Sheet1,I704
PTCH1,Trail,0,Sheet1,J704
PTCH1,VEGF,-2.784163823230688,Sheet1,K704
PTCH1,p53,0,Sheet1,L704
PTHLH,EGFR,3.6139766530130992,Sheet1,B705
PTHLH,Hypoxia,0,Sheet1,C705
PTHLH,JAK.STAT,0,Sheet1,D705
PTHLH,MAPK,0,Sheet1,E705
PTHLH,NFkB,0,Sheet1,F705
PTHLH,PI3K,0,Sheet1,G705
PTHLH,TGFb,0,Sheet1,H705
PTHLH,TNFa,0,Sheet1,I705
PTHLH,Trail,0,Sheet1,J705
PTHLH,VEGF,0,Sheet1,K705
PTHLH,p53,0,Sheet1,L705
PTX3,EGFR,0,Sheet1,B706
PTX3,Hypoxia,0,Sheet1,C706
PTX3,JAK.STAT,0,Sheet1,D706
PTX3,MAPK,0,Sheet1,E706
PTX3,NFkB,21.247895638880852,Sheet1,F706
PTX3,PI3K,0,Sheet1,G706
PTX3,TGFb,0,Sheet1,H706
PTX3,TNFa,21.50273416683471,Sheet1,I706
PTX3,Trail,0,Sheet1,J706
PTX3,VEGF,0,Sheet1,K706
PTX3,p53,0,Sheet1,L706
PWP2,EGFR,1.1724883837862146,Sheet1,B707
PWP2,Hypoxia,0,Sheet1,C707
PWP2,JAK.STAT,0,Sheet1,D707
PWP2,MAPK,1.3322121992984852,Sheet1,E707
PWP2,NFkB,0,Sheet1,F707
PWP2,PI3K,0,Sheet1,G707
PWP2,TGFb,0,Sheet1,H707
PWP2,TNFa,0,Sheet1,I707
PWP2,Trail,0,Sheet1,J707
PWP2,VEGF,0,Sheet1,K707
PWP2,p53,0,Sheet1,L707
QRSL1,EGFR,0,Sheet1,B708
QRSL1,Hypoxia,-2.2452978076758083,Sheet1,C708
QRSL1,JAK.STAT,0,Sheet1,D708
QRSL1,MAPK,0,Sheet1,E708
QRSL1,NFkB,0,Sheet1,F708
QRSL1,PI3K,0,Sheet1,G708
QRSL1,TGFb,0,Sheet1,H708
QRSL1,TNFa,0,Sheet1,I708
QRSL1,Trail,0,Sheet1,J708
QRSL1,VEGF,0,Sheet1,K708
QRSL1,p53,0,Sheet1,L708
RAB20,EGFR,0,Sheet1,B709
RAB20,Hypoxia,4.2562603252368589,Sheet1,C709
RAB20,JAK.STAT,0,Sheet1,D709
RAB20,MAPK,0,Sheet1,E709
RAB20,NFkB,0,Sheet1,F709
RAB20,PI3K,0,Sheet1,G709
RAB20,TGFb,0,Sheet1,H709
RAB20,TNFa,0,Sheet1,I709
RAB20,Trail,0,Sheet1,J709
RAB20,VEGF,0,Sheet1,K709
RAB20,p53,0,Sheet1,L709
RAB26,EGFR,0,Sheet1,B710
RAB26,Hypoxia,0,Sheet1,C710
RAB26,JAK.STAT,0,Sheet1,D710
RAB26,MAPK,-3.4389782720448987,Sheet1,E710
RAB26,NFkB,0,Sheet1,F710
RAB26,PI3K,0,Sheet1,G710
RAB26,TGFb,0,Sheet1,H710
RAB26,TNFa,0,Sheet1,I710
RAB26,Trail,0,Sheet1,J710
RAB26,VEGF,0,Sheet1,K710
RAB26,p53,0,Sheet1,L710
RAB33B,EGFR,-1.7836428159636903,Sheet1,B711
RAB33B,Hypoxia,0,Sheet1,C711
RAB33B,JAK.STAT,0,Sheet1,D711
RAB33B,MAPK,0,Sheet1,E711
RAB33B,NFkB,0,Sheet1,F711
RAB33B,PI3K,0,Sheet1,G711
RAB33B,TGFb,0,Sheet1,H711
RAB33B,TNFa,0,Sheet1,I711
RAB33B,Trail,0,Sheet1,J711
RAB33B,VEGF,0,Sheet1,K711
RAB33B,p53,0,Sheet1,L711
RAB37,EGFR,0,Sheet1,B712
RAB37,Hypoxia,0,Sheet1,C712
RAB37,JAK.STAT,0,Sheet1,D712
RAB37,MAPK,0,Sheet1,E712
RAB37,NFkB,0,Sheet1,F712
RAB37,PI3K,0,Sheet1,G712
RAB37,TGFb,0,Sheet1,H712
RAB37,TNFa,0,Sheet1,I712
RAB37,Trail,2.9479279177386331,Sheet1,J712
RAB37,VEGF,0,Sheet1,K712
RAB37,p53,0,Sheet1,L712
RAB5B,EGFR,0,Sheet1,B713
RAB5B,Hypoxia,0,Sheet1,C713
RAB5B,JAK.STAT,0,Sheet1,D713
RAB5B,MAPK,-2.0804506421112383,Sheet1,E713
RAB5B,NFkB,0,Sheet1,F713
RAB5B,PI3K,0,Sheet1,G713
RAB5B,TGFb,0,Sheet1,H713
RAB5B,TNFa,0,Sheet1,I713
RAB5B,Trail,0,Sheet1,J713
RAB5B,VEGF,0,Sheet1,K713
RAB5B,p53,0,Sheet1,L713
RABGAP1,EGFR,-1.2694002588993438,Sheet1,B714
RABGAP1,Hypoxia,0,Sheet1,C714
RABGAP1,JAK.STAT,0,Sheet1,D714
RABGAP1,MAPK,0,Sheet1,E714
RABGAP1,NFkB,0,Sheet1,F714
RABGAP1,PI3K,0,Sheet1,G714
RABGAP1,TGFb,0,Sheet1,H714
RABGAP1,TNFa,0,Sheet1,I714
RABGAP1,Trail,0,Sheet1,J714
RABGAP1,VEGF,0,Sheet1,K714
RABGAP1,p53,0,Sheet1,L714
RAG2,EGFR,0,Sheet1,B715
RAG2,Hypoxia,0,Sheet1,C715
RAG2,JAK.STAT,0,Sheet1,D715
RAG2,MAPK,0,Sheet1,E715
RAG2,NFkB,0,Sheet1,F715
RAG2,PI3K,0,Sheet1,G715
RAG2,TGFb,0,Sheet1,H715
RAG2,TNFa,0,Sheet1,I715
RAG2,Trail,1.5714490591915007,Sheet1,J715
RAG2,VEGF,0,Sheet1,K715
RAG2,p53,0,Sheet1,L715
RASD2,EGFR,0,Sheet1,B716
RASD2,Hypoxia,0,Sheet1,C716
RASD2,JAK.STAT,0,Sheet1,D716
RASD2,MAPK,0,Sheet1,E716
RASD2,NFkB,0,Sheet1,F716
RASD2,PI3K,0,Sheet1,G716
RASD2,TGFb,3.3845571522211548,Sheet1,H716
RASD2,TNFa,0,Sheet1,I716
RASD2,Trail,0,Sheet1,J716
RASD2,VEGF,0,Sheet1,K716
RASD2,p53,0,Sheet1,L716
RASL11B,EGFR,0,Sheet1,B717
RASL11B,Hypoxia,0,Sheet1,C717
RASL11B,JAK.STAT,0,Sheet1,D717
RASL11B,MAPK,0,Sheet1,E717
RASL11B,NFkB,0,Sheet1,F717
RASL11B,PI3K,0,Sheet1,G717
RASL11B,TGFb,2.7230098703500838,Sheet1,H717
RASL11B,TNFa,0,Sheet1,I717
RASL11B,Trail,0,Sheet1,J717
RASL11B,VEGF,0,Sheet1,K717
RASL11B,p53,0,Sheet1,L717
RBM48,EGFR,-1.0537742383023745,Sheet1,B718
RBM48,Hypoxia,0,Sheet1,C718
RBM48,JAK.STAT,0,Sheet1,D718
RBM48,MAPK,0,Sheet1,E718
RBM48,NFkB,0,Sheet1,F718
RBM48,PI3K,0,Sheet1,G718
RBM48,TGFb,0,Sheet1,H718
RBM48,TNFa,0,Sheet1,I718
RBM48,Trail,0,Sheet1,J718
RBM48,VEGF,0,Sheet1,K718
RBM48,p53,0,Sheet1,L718
RBPJ,EGFR,0,Sheet1,B719
RBPJ,Hypoxia,3.8514567458207236,Sheet1,C719
RBPJ,JAK.STAT,0,Sheet1,D719
RBPJ,MAPK,0,Sheet1,E719
RBPJ,NFkB,0,Sheet1,F719
RBPJ,PI3K,0,Sheet1,G719
RBPJ,TGFb,0,Sheet1,H719
RBPJ,TNFa,0,Sheet1,I719
RBPJ,Trail,0,Sheet1,J719
RBPJ,VEGF,0,Sheet1,K719
RBPJ,p53,0,Sheet1,L719
RCOR3,EGFR,-1.6707723934808358,Sheet1,B720
RCOR3,Hypoxia,0,Sheet1,C720
RCOR3,JAK.STAT,0,Sheet1,D720
RCOR3,MAPK,0,Sheet1,E720
RCOR3,NFkB,0,Sheet1,F720
RCOR3,PI3K,0,Sheet1,G720
RCOR3,TGFb,0,Sheet1,H720
RCOR3,TNFa,0,Sheet1,I720
RCOR3,Trail,0,Sheet1,J720
RCOR3,VEGF,0,Sheet1,K720
RCOR3,p53,0,Sheet1,L720
REL,EGFR,0,Sheet1,B721
REL,Hypoxia,0,Sheet1,C721
REL,JAK.STAT,0,Sheet1,D721
REL,MAPK,0,Sheet1,E721
REL,NFkB,4.7099725567397908,Sheet1,F721
REL,PI3K,0,Sheet1,G721
REL,TGFb,0,Sheet1,H721
REL,TNFa,0,Sheet1,I721
REL,Trail,0,Sheet1,J721
REL,VEGF,0,Sheet1,K721
REL,p53,0,Sheet1,L721
RELB,EGFR,0,Sheet1,B722
RELB,Hypoxia,0,Sheet1,C722
RELB,JAK.STAT,0,Sheet1,D722
RELB,MAPK,0,Sheet1,E722
RELB,NFkB,7.7792219733701051,Sheet1,F722
RELB,PI3K,0,Sheet1,G722
RELB,TGFb,0,Sheet1,H722
RELB,TNFa,9.2645937846697386,Sheet1,I722
RELB,Trail,0,Sheet1,J722
RELB,VEGF,0,Sheet1,K722
RELB,p53,0,Sheet1,L722
RETSAT,EGFR,0,Sheet1,B723
RETSAT,Hypoxia,0,Sheet1,C723
RETSAT,JAK.STAT,0,Sheet1,D723
RETSAT,MAPK,0,Sheet1,E723
RETSAT,NFkB,0,Sheet1,F723
RETSAT,PI3K,0,Sheet1,G723
RETSAT,TGFb,0,Sheet1,H723
RETSAT,TNFa,0,Sheet1,I723
RETSAT,Trail,0,Sheet1,J723
RETSAT,VEGF,0,Sheet1,K723
RETSAT,p53,7.1367279861364885,Sheet1,L723
RFLNB,EGFR,0,Sheet1,B724
RFLNB,Hypoxia,0,Sheet1,C724
RFLNB,JAK.STAT,0,Sheet1,D724
RFLNB,MAPK,0,Sheet1,E724
RFLNB,NFkB,0,Sheet1,F724
RFLNB,PI3K,0,Sheet1,G724
RFLNB,TGFb,7.3091301283418542,Sheet1,H724
RFLNB,TNFa,0,Sheet1,I724
RFLNB,Trail,0,Sheet1,J724
RFLNB,VEGF,0,Sheet1,K724
RFLNB,p53,0,Sheet1,L724
RGAG4,EGFR,0,Sheet1,B725
RGAG4,Hypoxia,0,Sheet1,C725
RGAG4,JAK.STAT,0,Sheet1,D725
RGAG4,MAPK,0,Sheet1,E725
RGAG4,NFkB,0,Sheet1,F725
RGAG4,PI3K,0,Sheet1,G725
RGAG4,TGFb,0,Sheet1,H725
RGAG4,TNFa,0,Sheet1,I725
RGAG4,Trail,0,Sheet1,J725
RGAG4,VEGF,0,Sheet1,K725
RGAG4,p53,4.5855145348402129,Sheet1,L725
RGL1,EGFR,0,Sheet1,B726
RGL1,Hypoxia,0,Sheet1,C726
RGL1,JAK.STAT,0,Sheet1,D726
RGL1,MAPK,0,Sheet1,E726
RGL1,NFkB,0,Sheet1,F726
RGL1,PI3K,0,Sheet1,G726
RGL1,TGFb,0,Sheet1,H726
RGL1,TNFa,0,Sheet1,I726
RGL1,Trail,0,Sheet1,J726
RGL1,VEGF,9.312973586573623,Sheet1,K726
RGL1,p53,0,Sheet1,L726
RGS10,EGFR,0,Sheet1,B727
RGS10,Hypoxia,0,Sheet1,C727
RGS10,JAK.STAT,0,Sheet1,D727
RGS10,MAPK,0,Sheet1,E727
RGS10,NFkB,0,Sheet1,F727
RGS10,PI3K,-3.8803973394583839,Sheet1,G727
RGS10,TGFb,0,Sheet1,H727
RGS10,TNFa,0,Sheet1,I727
RGS10,Trail,0,Sheet1,J727
RGS10,VEGF,0,Sheet1,K727
RGS10,p53,0,Sheet1,L727
RGSL1,EGFR,0,Sheet1,B728
RGSL1,Hypoxia,0,Sheet1,C728
RGSL1,JAK.STAT,0,Sheet1,D728
RGSL1,MAPK,0,Sheet1,E728
RGSL1,NFkB,0,Sheet1,F728
RGSL1,PI3K,0,Sheet1,G728
RGSL1,TGFb,0,Sheet1,H728
RGSL1,TNFa,0,Sheet1,I728
RGSL1,Trail,0.83174742143468627,Sheet1,J728
RGSL1,VEGF,0,Sheet1,K728
RGSL1,p53,0,Sheet1,L728
RHBDL2,EGFR,0,Sheet1,B729
RHBDL2,Hypoxia,0,Sheet1,C729
RHBDL2,JAK.STAT,0,Sheet1,D729
RHBDL2,MAPK,0,Sheet1,E729
RHBDL2,NFkB,0,Sheet1,F729
RHBDL2,PI3K,0,Sheet1,G729
RHBDL2,TGFb,0,Sheet1,H729
RHBDL2,TNFa,3.6778373712677483,Sheet1,I729
RHBDL2,Trail,0,Sheet1,J729
RHBDL2,VEGF,0,Sheet1,K729
RHBDL2,p53,0,Sheet1,L729
RHCG,EGFR,0,Sheet1,B730
RHCG,Hypoxia,0,Sheet1,C730
RHCG,JAK.STAT,0,Sheet1,D730
RHCG,MAPK,0,Sheet1,E730
RHCG,NFkB,0,Sheet1,F730
RHCG,PI3K,0,Sheet1,G730
RHCG,TGFb,0,Sheet1,H730
RHCG,TNFa,3.1016003564153038,Sheet1,I730
RHCG,Trail,0,Sheet1,J730
RHCG,VEGF,0,Sheet1,K730
RHCG,p53,0,Sheet1,L730
RHEBL1,EGFR,0,Sheet1,B731
RHEBL1,Hypoxia,0,Sheet1,C731
RHEBL1,JAK.STAT,0,Sheet1,D731
RHEBL1,MAPK,0,Sheet1,E731
RHEBL1,NFkB,0,Sheet1,F731
RHEBL1,PI3K,0,Sheet1,G731
RHEBL1,TGFb,0,Sheet1,H731
RHEBL1,TNFa,0,Sheet1,I731
RHEBL1,Trail,4.1287115287898652,Sheet1,J731
RHEBL1,VEGF,0,Sheet1,K731
RHEBL1,p53,0,Sheet1,L731
RINL,EGFR,0,Sheet1,B732
RINL,Hypoxia,0,Sheet1,C732
RINL,JAK.STAT,0,Sheet1,D732
RINL,MAPK,0,Sheet1,E732
RINL,NFkB,0,Sheet1,F732
RINL,PI3K,0,Sheet1,G732
RINL,TGFb,0,Sheet1,H732
RINL,TNFa,0,Sheet1,I732
RINL,Trail,0,Sheet1,J732
RINL,VEGF,0,Sheet1,K732
RINL,p53,4.5146896866264523,Sheet1,L732
RIOK3,EGFR,0,Sheet1,B733
RIOK3,Hypoxia,3.730301284236218,Sheet1,C733
RIOK3,JAK.STAT,0,Sheet1,D733
RIOK3,MAPK,0,Sheet1,E733
RIOK3,NFkB,0,Sheet1,F733
RIOK3,PI3K,0,Sheet1,G733
RIOK3,TGFb,0,Sheet1,H733
RIOK3,TNFa,0,Sheet1,I733
RIOK3,Trail,0,Sheet1,J733
RIOK3,VEGF,0,Sheet1,K733
RIOK3,p53,0,Sheet1,L733
RIPK2,EGFR,0,Sheet1,B734
RIPK2,Hypoxia,0,Sheet1,C734
RIPK2,JAK.STAT,0,Sheet1,D734
RIPK2,MAPK,0,Sheet1,E734
RIPK2,NFkB,5.9797521309836261,Sheet1,F734
RIPK2,PI3K,0,Sheet1,G734
RIPK2,TGFb,0,Sheet1,H734
RIPK2,TNFa,5.5724078937211061,Sheet1,I734
RIPK2,Trail,0,Sheet1,J734
RIPK2,VEGF,0,Sheet1,K734
RIPK2,p53,0,Sheet1,L734
RLF,EGFR,0,Sheet1,B735
RLF,Hypoxia,7.0702854751799071,Sheet1,C735
RLF,JAK.STAT,0,Sheet1,D735
RLF,MAPK,0,Sheet1,E735
RLF,NFkB,0,Sheet1,F735
RLF,PI3K,0,Sheet1,G735
RLF,TGFb,0,Sheet1,H735
RLF,TNFa,0,Sheet1,I735
RLF,Trail,0,Sheet1,J735
RLF,VEGF,0,Sheet1,K735
RLF,p53,0,Sheet1,L735
RND1,EGFR,0,Sheet1,B736
RND1,Hypoxia,0,Sheet1,C736
RND1,JAK.STAT,0,Sheet1,D736
RND1,MAPK,0,Sheet1,E736
RND1,NFkB,0,Sheet1,F736
RND1,PI3K,0,Sheet1,G736
RND1,TGFb,0,Sheet1,H736
RND1,TNFa,4.6848806827228762,Sheet1,I736
RND1,Trail,0,Sheet1,J736
RND1,VEGF,0,Sheet1,K736
RND1,p53,0,Sheet1,L736
RNF114,EGFR,0,Sheet1,B737
RNF114,Hypoxia,0,Sheet1,C737
RNF114,JAK.STAT,2.4915675486216031,Sheet1,D737
RNF114,MAPK,0,Sheet1,E737
RNF114,NFkB,0,Sheet1,F737
RNF114,PI3K,0,Sheet1,G737
RNF114,TGFb,0,Sheet1,H737
RNF114,TNFa,0,Sheet1,I737
RNF114,Trail,0,Sheet1,J737
RNF114,VEGF,0,Sheet1,K737
RNF114,p53,0,Sheet1,L737
RNF138,EGFR,0,Sheet1,B738
RNF138,Hypoxia,0,Sheet1,C738
RNF138,JAK.STAT,0,Sheet1,D738
RNF138,MAPK,2.3557422074445333,Sheet1,E738
RNF138,NFkB,0,Sheet1,F738
RNF138,PI3K,0,Sheet1,G738
RNF138,TGFb,0,Sheet1,H738
RNF138,TNFa,0,Sheet1,I738
RNF138,Trail,0,Sheet1,J738
RNF138,VEGF,0,Sheet1,K738
RNF138,p53,0,Sheet1,L738
RNF146,EGFR,-2.1708211640021235,Sheet1,B739
RNF146,Hypoxia,0,Sheet1,C739
RNF146,JAK.STAT,0,Sheet1,D739
RNF146,MAPK,0,Sheet1,E739
RNF146,NFkB,0,Sheet1,F739
RNF146,PI3K,0,Sheet1,G739
RNF146,TGFb,0,Sheet1,H739
RNF146,TNFa,0,Sheet1,I739
RNF146,Trail,0,Sheet1,J739
RNF146,VEGF,0,Sheet1,K739
RNF146,p53,0,Sheet1,L739
RNF175,EGFR,0,Sheet1,B740
RNF175,Hypoxia,0,Sheet1,C740
RNF175,JAK.STAT,0,Sheet1,D740
RNF175,MAPK,0,Sheet1,E740
RNF175,NFkB,0,Sheet1,F740
RNF175,PI3K,0,Sheet1,G740
RNF175,TGFb,0,Sheet1,H740
RNF175,TNFa,0,Sheet1,I740
RNF175,Trail,2.8009030613031101,Sheet1,J740
RNF175,VEGF,0,Sheet1,K740
RNF175,p53,0,Sheet1,L740
RNF19B,EGFR,0,Sheet1,B741
RNF19B,Hypoxia,0,Sheet1,C741
RNF19B,JAK.STAT,0,Sheet1,D741
RNF19B,MAPK,0,Sheet1,E741
RNF19B,NFkB,6.707004337290285,Sheet1,F741
RNF19B,PI3K,0,Sheet1,G741
RNF19B,TGFb,0,Sheet1,H741
RNF19B,TNFa,0,Sheet1,I741
RNF19B,Trail,0,Sheet1,J741
RNF19B,VEGF,0,Sheet1,K741
RNF19B,p53,0,Sheet1,L741
RNF213,EGFR,0,Sheet1,B742
RNF213,Hypoxia,0,Sheet1,C742
RNF213,JAK.STAT,4.9375160567301375,Sheet1,D742
RNF213,MAPK,0,Sheet1,E742
RNF213,NFkB,0,Sheet1,F742
RNF213,PI3K,0,Sheet1,G742
RNF213,TGFb,0,Sheet1,H742
RNF213,TNFa,0,Sheet1,I742
RNF213,Trail,0,Sheet1,J742
RNF213,VEGF,0,Sheet1,K742
RNF213,p53,0,Sheet1,L742
RNF24,EGFR,0,Sheet1,B743
RNF24,Hypoxia,3.8530589421282513,Sheet1,C743
RNF24,JAK.STAT,0,Sheet1,D743
RNF24,MAPK,0,Sheet1,E743
RNF24,NFkB,0,Sheet1,F743
RNF24,PI3K,0,Sheet1,G743
RNF24,TGFb,0,Sheet1,H743
RNF24,TNFa,0,Sheet1,I743
RNF24,Trail,0,Sheet1,J743
RNF24,VEGF,0,Sheet1,K743
RNF24,p53,0,Sheet1,L743
RNU105B,EGFR,0,Sheet1,B744
RNU105B,Hypoxia,0,Sheet1,C744
RNU105B,JAK.STAT,0,Sheet1,D744
RNU105B,MAPK,0,Sheet1,E744
RNU105B,NFkB,0,Sheet1,F744
RNU105B,PI3K,0,Sheet1,G744
RNU105B,TGFb,0,Sheet1,H744
RNU105B,TNFa,0,Sheet1,I744
RNU105B,Trail,0,Sheet1,J744
RNU105B,VEGF,-6.3574709100821671,Sheet1,K744
RNU105B,p53,0,Sheet1,L744
RORA,EGFR,0,Sheet1,B745
RORA,Hypoxia,4.508771760265728,Sheet1,C745
RORA,JAK.STAT,0,Sheet1,D745
RORA,MAPK,0,Sheet1,E745
RORA,NFkB,0,Sheet1,F745
RORA,PI3K,0,Sheet1,G745
RORA,TGFb,0,Sheet1,H745
RORA,TNFa,0,Sheet1,I745
RORA,Trail,0,Sheet1,J745
RORA,VEGF,0,Sheet1,K745
RORA,p53,0,Sheet1,L745
RORB,EGFR,0,Sheet1,B746
RORB,Hypoxia,0,Sheet1,C746
RORB,JAK.STAT,0,Sheet1,D746
RORB,MAPK,0,Sheet1,E746
RORB,NFkB,0,Sheet1,F746
RORB,PI3K,0,Sheet1,G746
RORB,TGFb,0,Sheet1,H746
RORB,TNFa,0,Sheet1,I746
RORB,Trail,0,Sheet1,J746
RORB,VEGF,-2.7744774020738618,Sheet1,K746
RORB,p53,0,Sheet1,L746
RPS27L,EGFR,0,Sheet1,B747
RPS27L,Hypoxia,0,Sheet1,C747
RPS27L,JAK.STAT,0,Sheet1,D747
RPS27L,MAPK,0,Sheet1,E747
RPS27L,NFkB,0,Sheet1,F747
RPS27L,PI3K,0,Sheet1,G747
RPS27L,TGFb,0,Sheet1,H747
RPS27L,TNFa,0,Sheet1,I747
RPS27L,Trail,0,Sheet1,J747
RPS27L,VEGF,0,Sheet1,K747
RPS27L,p53,6.2511645278806496,Sheet1,L747
RPS29,EGFR,0,Sheet1,B748
RPS29,Hypoxia,0,Sheet1,C748
RPS29,JAK.STAT,0,Sheet1,D748
RPS29,MAPK,0,Sheet1,E748
RPS29,NFkB,0,Sheet1,F748
RPS29,PI3K,-5.8444408661327154,Sheet1,G748
RPS29,TGFb,0,Sheet1,H748
RPS29,TNFa,0,Sheet1,I748
RPS29,Trail,0,Sheet1,J748
RPS29,VEGF,0,Sheet1,K748
RPS29,p53,0,Sheet1,L748
RRM2B,EGFR,0,Sheet1,B749
RRM2B,Hypoxia,0,Sheet1,C749
RRM2B,JAK.STAT,0,Sheet1,D749
RRM2B,MAPK,0,Sheet1,E749
RRM2B,NFkB,0,Sheet1,F749
RRM2B,PI3K,0,Sheet1,G749
RRM2B,TGFb,0,Sheet1,H749
RRM2B,TNFa,0,Sheet1,I749
RRM2B,Trail,0,Sheet1,J749
RRM2B,VEGF,0,Sheet1,K749
RRM2B,p53,10.632927679406718,Sheet1,L749
RRP12,EGFR,0,Sheet1,B750
RRP12,Hypoxia,0,Sheet1,C750
RRP12,JAK.STAT,0,Sheet1,D750
RRP12,MAPK,0,Sheet1,E750
RRP12,NFkB,0,Sheet1,F750
RRP12,PI3K,0,Sheet1,G750
RRP12,TGFb,0,Sheet1,H750
RRP12,TNFa,0,Sheet1,I750
RRP12,Trail,-1.1405686627577729,Sheet1,J750
RRP12,VEGF,0,Sheet1,K750
RRP12,p53,0,Sheet1,L750
RSAD2,EGFR,0,Sheet1,B751
RSAD2,Hypoxia,0,Sheet1,C751
RSAD2,JAK.STAT,22.898727433412805,Sheet1,D751
RSAD2,MAPK,0,Sheet1,E751
RSAD2,NFkB,0,Sheet1,F751
RSAD2,PI3K,0,Sheet1,G751
RSAD2,TGFb,0,Sheet1,H751
RSAD2,TNFa,0,Sheet1,I751
RSAD2,Trail,0,Sheet1,J751
RSAD2,VEGF,0,Sheet1,K751
RSAD2,p53,0,Sheet1,L751
RTP4,EGFR,0,Sheet1,B752
RTP4,Hypoxia,0,Sheet1,C752
RTP4,JAK.STAT,9.4511396758124189,Sheet1,D752
RTP4,MAPK,0,Sheet1,E752
RTP4,NFkB,0,Sheet1,F752
RTP4,PI3K,0,Sheet1,G752
RTP4,TGFb,0,Sheet1,H752
RTP4,TNFa,0,Sheet1,I752
RTP4,Trail,0,Sheet1,J752
RTP4,VEGF,0,Sheet1,K752
RTP4,p53,0,Sheet1,L752
RUSC2,EGFR,0,Sheet1,B753
RUSC2,Hypoxia,0,Sheet1,C753
RUSC2,JAK.STAT,0,Sheet1,D753
RUSC2,MAPK,0,Sheet1,E753
RUSC2,NFkB,0,Sheet1,F753
RUSC2,PI3K,0,Sheet1,G753
RUSC2,TGFb,2.3531795656616517,Sheet1,H753
RUSC2,TNFa,0,Sheet1,I753
RUSC2,Trail,0,Sheet1,J753
RUSC2,VEGF,0,Sheet1,K753
RUSC2,p53,0,Sheet1,L753
RXFP1,EGFR,0,Sheet1,B754
RXFP1,Hypoxia,0,Sheet1,C754
RXFP1,JAK.STAT,0,Sheet1,D754
RXFP1,MAPK,0,Sheet1,E754
RXFP1,NFkB,0,Sheet1,F754
RXFP1,PI3K,0,Sheet1,G754
RXFP1,TGFb,-2.2777179298285644,Sheet1,H754
RXFP1,TNFa,0,Sheet1,I754
RXFP1,Trail,0,Sheet1,J754
RXFP1,VEGF,0,Sheet1,K754
RXFP1,p53,0,Sheet1,L754
S100A1,EGFR,0,Sheet1,B755
S100A1,Hypoxia,0,Sheet1,C755
S100A1,JAK.STAT,0,Sheet1,D755
S100A1,MAPK,0,Sheet1,E755
S100A1,NFkB,0,Sheet1,F755
S100A1,PI3K,-3.9889239561922634,Sheet1,G755
S100A1,TGFb,0,Sheet1,H755
S100A1,TNFa,0,Sheet1,I755
S100A1,Trail,0,Sheet1,J755
S100A1,VEGF,0,Sheet1,K755
S100A1,p53,0,Sheet1,L755
SAMD11,EGFR,0,Sheet1,B756
SAMD11,Hypoxia,0,Sheet1,C756
SAMD11,JAK.STAT,0,Sheet1,D756
SAMD11,MAPK,0,Sheet1,E756
SAMD11,NFkB,0,Sheet1,F756
SAMD11,PI3K,0,Sheet1,G756
SAMD11,TGFb,4.9830847043727786,Sheet1,H756
SAMD11,TNFa,0,Sheet1,I756
SAMD11,Trail,0,Sheet1,J756
SAMD11,VEGF,0,Sheet1,K756
SAMD11,p53,0,Sheet1,L756
SAMD9,EGFR,0,Sheet1,B757
SAMD9,Hypoxia,0,Sheet1,C757
SAMD9,JAK.STAT,10.426219160315991,Sheet1,D757
SAMD9,MAPK,0,Sheet1,E757
SAMD9,NFkB,0,Sheet1,F757
SAMD9,PI3K,0,Sheet1,G757
SAMD9,TGFb,0,Sheet1,H757
SAMD9,TNFa,0,Sheet1,I757
SAMD9,Trail,0,Sheet1,J757
SAMD9,VEGF,0,Sheet1,K757
SAMD9,p53,0,Sheet1,L757
SAMD9L,EGFR,0,Sheet1,B758
SAMD9L,Hypoxia,0,Sheet1,C758
SAMD9L,JAK.STAT,10.56289910330413,Sheet1,D758
SAMD9L,MAPK,0,Sheet1,E758
SAMD9L,NFkB,0,Sheet1,F758
SAMD9L,PI3K,0,Sheet1,G758
SAMD9L,TGFb,0,Sheet1,H758
SAMD9L,TNFa,0,Sheet1,I758
SAMD9L,Trail,0,Sheet1,J758
SAMD9L,VEGF,0,Sheet1,K758
SAMD9L,p53,0,Sheet1,L758
SAMHD1,EGFR,0,Sheet1,B759
SAMHD1,Hypoxia,0,Sheet1,C759
SAMHD1,JAK.STAT,7.1334448589690638,Sheet1,D759
SAMHD1,MAPK,0,Sheet1,E759
SAMHD1,NFkB,0,Sheet1,F759
SAMHD1,PI3K,0,Sheet1,G759
SAMHD1,TGFb,0,Sheet1,H759
SAMHD1,TNFa,0,Sheet1,I759
SAMHD1,Trail,0,Sheet1,J759
SAMHD1,VEGF,0,Sheet1,K759
SAMHD1,p53,0,Sheet1,L759
SAP30,EGFR,0,Sheet1,B760
SAP30,Hypoxia,2.9057509875710879,Sheet1,C760
SAP30,JAK.STAT,0,Sheet1,D760
SAP30,MAPK,0,Sheet1,E760
SAP30,NFkB,0,Sheet1,F760
SAP30,PI3K,0,Sheet1,G760
SAP30,TGFb,0,Sheet1,H760
SAP30,TNFa,0,Sheet1,I760
SAP30,Trail,0,Sheet1,J760
SAP30,VEGF,0,Sheet1,K760
SAP30,p53,0,Sheet1,L760
SCML4,EGFR,0,Sheet1,B761
SCML4,Hypoxia,0,Sheet1,C761
SCML4,JAK.STAT,0,Sheet1,D761
SCML4,MAPK,0,Sheet1,E761
SCML4,NFkB,0,Sheet1,F761
SCML4,PI3K,0,Sheet1,G761
SCML4,TGFb,0,Sheet1,H761
SCML4,TNFa,0,Sheet1,I761
SCML4,Trail,0,Sheet1,J761
SCML4,VEGF,-1.8782682055276909,Sheet1,K761
SCML4,p53,0,Sheet1,L761
SCN3B,EGFR,0,Sheet1,B762
SCN3B,Hypoxia,0,Sheet1,C762
SCN3B,JAK.STAT,0,Sheet1,D762
SCN3B,MAPK,0,Sheet1,E762
SCN3B,NFkB,0,Sheet1,F762
SCN3B,PI3K,0,Sheet1,G762
SCN3B,TGFb,0,Sheet1,H762
SCN3B,TNFa,0,Sheet1,I762
SCN3B,Trail,0,Sheet1,J762
SCN3B,VEGF,0,Sheet1,K762
SCN3B,p53,4.8590017514613599,Sheet1,L762
SCNN1D,EGFR,0,Sheet1,B763
SCNN1D,Hypoxia,0,Sheet1,C763
SCNN1D,JAK.STAT,0,Sheet1,D763
SCNN1D,MAPK,0,Sheet1,E763
SCNN1D,NFkB,0,Sheet1,F763
SCNN1D,PI3K,0,Sheet1,G763
SCNN1D,TGFb,0,Sheet1,H763
SCNN1D,TNFa,0,Sheet1,I763
SCNN1D,Trail,-1.4200458064659192,Sheet1,J763
SCNN1D,VEGF,0,Sheet1,K763
SCNN1D,p53,0,Sheet1,L763
SCPEP1,EGFR,0,Sheet1,B764
SCPEP1,Hypoxia,0,Sheet1,C764
SCPEP1,JAK.STAT,0,Sheet1,D764
SCPEP1,MAPK,-1.9325651044928045,Sheet1,E764
SCPEP1,NFkB,0,Sheet1,F764
SCPEP1,PI3K,0,Sheet1,G764
SCPEP1,TGFb,0,Sheet1,H764
SCPEP1,TNFa,0,Sheet1,I764
SCPEP1,Trail,0,Sheet1,J764
SCPEP1,VEGF,0,Sheet1,K764
SCPEP1,p53,0,Sheet1,L764
SDC4,EGFR,0,Sheet1,B765
SDC4,Hypoxia,0,Sheet1,C765
SDC4,JAK.STAT,0,Sheet1,D765
SDC4,MAPK,0,Sheet1,E765
SDC4,NFkB,8.153400364564936,Sheet1,F765
SDC4,PI3K,0,Sheet1,G765
SDC4,TGFb,0,Sheet1,H765
SDC4,TNFa,8.1227762075462202,Sheet1,I765
SDC4,Trail,0,Sheet1,J765
SDC4,VEGF,0,Sheet1,K765
SDC4,p53,0,Sheet1,L765
SDCCAG3,EGFR,0,Sheet1,B766
SDCCAG3,Hypoxia,0,Sheet1,C766
SDCCAG3,JAK.STAT,0,Sheet1,D766
SDCCAG3,MAPK,1.5641536768461877,Sheet1,E766
SDCCAG3,NFkB,0,Sheet1,F766
SDCCAG3,PI3K,0,Sheet1,G766
SDCCAG3,TGFb,0,Sheet1,H766
SDCCAG3,TNFa,0,Sheet1,I766
SDCCAG3,Trail,0,Sheet1,J766
SDCCAG3,VEGF,0,Sheet1,K766
SDCCAG3,p53,0,Sheet1,L766
SEC61G,EGFR,0,Sheet1,B767
SEC61G,Hypoxia,4.741112933827921,Sheet1,C767
SEC61G,JAK.STAT,0,Sheet1,D767
SEC61G,MAPK,0,Sheet1,E767
SEC61G,NFkB,0,Sheet1,F767
SEC61G,PI3K,0,Sheet1,G767
SEC61G,TGFb,0,Sheet1,H767
SEC61G,TNFa,0,Sheet1,I767
SEC61G,Trail,0,Sheet1,J767
SEC61G,VEGF,0,Sheet1,K767
SEC61G,p53,0,Sheet1,L767
SECTM1,EGFR,0,Sheet1,B768
SECTM1,Hypoxia,0,Sheet1,C768
SECTM1,JAK.STAT,5.9932298839983975,Sheet1,D768
SECTM1,MAPK,0,Sheet1,E768
SECTM1,NFkB,0,Sheet1,F768
SECTM1,PI3K,0,Sheet1,G768
SECTM1,TGFb,0,Sheet1,H768
SECTM1,TNFa,0,Sheet1,I768
SECTM1,Trail,0,Sheet1,J768
SECTM1,VEGF,0,Sheet1,K768
SECTM1,p53,0,Sheet1,L768
SEMA7A,EGFR,0,Sheet1,B769
SEMA7A,Hypoxia,0,Sheet1,C769
SEMA7A,JAK.STAT,0,Sheet1,D769
SEMA7A,MAPK,0,Sheet1,E769
SEMA7A,NFkB,0,Sheet1,F769
SEMA7A,PI3K,0,Sheet1,G769
SEMA7A,TGFb,3.8947720445386746,Sheet1,H769
SEMA7A,TNFa,0,Sheet1,I769
SEMA7A,Trail,0,Sheet1,J769
SEMA7A,VEGF,0,Sheet1,K769
SEMA7A,p53,0,Sheet1,L769
SENP5,EGFR,0,Sheet1,B770
SENP5,Hypoxia,0,Sheet1,C770
SENP5,JAK.STAT,0,Sheet1,D770
SENP5,MAPK,0,Sheet1,E770
SENP5,NFkB,0,Sheet1,F770
SENP5,PI3K,0,Sheet1,G770
SENP5,TGFb,0,Sheet1,H770
SENP5,TNFa,0,Sheet1,I770
SENP5,Trail,0,Sheet1,J770
SENP5,VEGF,1.8655494571140576,Sheet1,K770
SENP5,p53,0,Sheet1,L770
SENP7,EGFR,-2.1103437828969924,Sheet1,B771
SENP7,Hypoxia,0,Sheet1,C771
SENP7,JAK.STAT,0,Sheet1,D771
SENP7,MAPK,0,Sheet1,E771
SENP7,NFkB,0,Sheet1,F771
SENP7,PI3K,0,Sheet1,G771
SENP7,TGFb,0,Sheet1,H771
SENP7,TNFa,0,Sheet1,I771
SENP7,Trail,0,Sheet1,J771
SENP7,VEGF,0,Sheet1,K771
SENP7,p53,0,Sheet1,L771
SERPINA3,EGFR,0,Sheet1,B772
SERPINA3,Hypoxia,0,Sheet1,C772
SERPINA3,JAK.STAT,0,Sheet1,D772
SERPINA3,MAPK,0,Sheet1,E772
SERPINA3,NFkB,0,Sheet1,F772
SERPINA3,PI3K,0,Sheet1,G772
SERPINA3,TGFb,0,Sheet1,H772
SERPINA3,TNFa,11.405799324373938,Sheet1,I772
SERPINA3,Trail,0,Sheet1,J772
SERPINA3,VEGF,0,Sheet1,K772
SERPINA3,p53,0,Sheet1,L772
SERPINB5,EGFR,0,Sheet1,B773
SERPINB5,Hypoxia,0,Sheet1,C773
SERPINB5,JAK.STAT,0,Sheet1,D773
SERPINB5,MAPK,0,Sheet1,E773
SERPINB5,NFkB,0,Sheet1,F773
SERPINB5,PI3K,0,Sheet1,G773
SERPINB5,TGFb,0,Sheet1,H773
SERPINB5,TNFa,0,Sheet1,I773
SERPINB5,Trail,0,Sheet1,J773
SERPINB5,VEGF,0,Sheet1,K773
SERPINB5,p53,4.7964056096255234,Sheet1,L773
SESN1,EGFR,0,Sheet1,B774
SESN1,Hypoxia,0,Sheet1,C774
SESN1,JAK.STAT,0,Sheet1,D774
SESN1,MAPK,0,Sheet1,E774
SESN1,NFkB,0,Sheet1,F774
SESN1,PI3K,0,Sheet1,G774
SESN1,TGFb,0,Sheet1,H774
SESN1,TNFa,0,Sheet1,I774
SESN1,Trail,0,Sheet1,J774
SESN1,VEGF,0,Sheet1,K774
SESN1,p53,12.529228897463508,Sheet1,L774
SGPL1,EGFR,0,Sheet1,B775
SGPL1,Hypoxia,0,Sheet1,C775
SGPL1,JAK.STAT,0,Sheet1,D775
SGPL1,MAPK,0,Sheet1,E775
SGPL1,NFkB,0,Sheet1,F775
SGPL1,PI3K,0,Sheet1,G775
SGPL1,TGFb,2.5839232730151229,Sheet1,H775
SGPL1,TNFa,0,Sheet1,I775
SGPL1,Trail,0,Sheet1,J775
SGPL1,VEGF,0,Sheet1,K775
SGPL1,p53,0,Sheet1,L775
SGPP2,EGFR,0,Sheet1,B776
SGPP2,Hypoxia,0,Sheet1,C776
SGPP2,JAK.STAT,0,Sheet1,D776
SGPP2,MAPK,0,Sheet1,E776
SGPP2,NFkB,7.4169781938446073,Sheet1,F776
SGPP2,PI3K,0,Sheet1,G776
SGPP2,TGFb,0,Sheet1,H776
SGPP2,TNFa,0,Sheet1,I776
SGPP2,Trail,0,Sheet1,J776
SGPP2,VEGF,0,Sheet1,K776
SGPP2,p53,0,Sheet1,L776
SH2D5,EGFR,2.4321329761194748,Sheet1,B777
SH2D5,Hypoxia,0,Sheet1,C777
SH2D5,JAK.STAT,0,Sheet1,D777
SH2D5,MAPK,0,Sheet1,E777
SH2D5,NFkB,0,Sheet1,F777
SH2D5,PI3K,0,Sheet1,G777
SH2D5,TGFb,0,Sheet1,H777
SH2D5,TNFa,0,Sheet1,I777
SH2D5,Trail,0,Sheet1,J777
SH2D5,VEGF,0,Sheet1,K777
SH2D5,p53,0,Sheet1,L777
SH3BGRL,EGFR,0,Sheet1,B778
SH3BGRL,Hypoxia,0,Sheet1,C778
SH3BGRL,JAK.STAT,0,Sheet1,D778
SH3BGRL,MAPK,-2.7234465093460649,Sheet1,E778
SH3BGRL,NFkB,0,Sheet1,F778
SH3BGRL,PI3K,0,Sheet1,G778
SH3BGRL,TGFb,0,Sheet1,H778
SH3BGRL,TNFa,0,Sheet1,I778
SH3BGRL,Trail,0,Sheet1,J778
SH3BGRL,VEGF,0,Sheet1,K778
SH3BGRL,p53,0,Sheet1,L778
SH3PXD2A,EGFR,0,Sheet1,B779
SH3PXD2A,Hypoxia,0,Sheet1,C779
SH3PXD2A,JAK.STAT,0,Sheet1,D779
SH3PXD2A,MAPK,0,Sheet1,E779
SH3PXD2A,NFkB,0,Sheet1,F779
SH3PXD2A,PI3K,0,Sheet1,G779
SH3PXD2A,TGFb,3.8797918089343768,Sheet1,H779
SH3PXD2A,TNFa,0,Sheet1,I779
SH3PXD2A,Trail,0,Sheet1,J779
SH3PXD2A,VEGF,0,Sheet1,K779
SH3PXD2A,p53,0,Sheet1,L779
SIDT2,EGFR,0,Sheet1,B780
SIDT2,Hypoxia,0,Sheet1,C780
SIDT2,JAK.STAT,0,Sheet1,D780
SIDT2,MAPK,-2.7527108754400795,Sheet1,E780
SIDT2,NFkB,0,Sheet1,F780
SIDT2,PI3K,0,Sheet1,G780
SIDT2,TGFb,0,Sheet1,H780
SIDT2,TNFa,0,Sheet1,I780
SIDT2,Trail,0,Sheet1,J780
SIDT2,VEGF,0,Sheet1,K780
SIDT2,p53,0,Sheet1,L780
SIRT2,EGFR,0,Sheet1,B781
SIRT2,Hypoxia,0,Sheet1,C781
SIRT2,JAK.STAT,0,Sheet1,D781
SIRT2,MAPK,-1.3232831367857096,Sheet1,E781
SIRT2,NFkB,0,Sheet1,F781
SIRT2,PI3K,0,Sheet1,G781
SIRT2,TGFb,0,Sheet1,H781
SIRT2,TNFa,0,Sheet1,I781
SIRT2,Trail,0,Sheet1,J781
SIRT2,VEGF,0,Sheet1,K781
SIRT2,p53,0,Sheet1,L781
SKIL,EGFR,0,Sheet1,B782
SKIL,Hypoxia,0,Sheet1,C782
SKIL,JAK.STAT,0,Sheet1,D782
SKIL,MAPK,0,Sheet1,E782
SKIL,NFkB,0,Sheet1,F782
SKIL,PI3K,0,Sheet1,G782
SKIL,TGFb,4.2741812193606341,Sheet1,H782
SKIL,TNFa,0,Sheet1,I782
SKIL,Trail,0,Sheet1,J782
SKIL,VEGF,0,Sheet1,K782
SKIL,p53,0,Sheet1,L782
SLC11A2,EGFR,0,Sheet1,B783
SLC11A2,Hypoxia,0,Sheet1,C783
SLC11A2,JAK.STAT,0,Sheet1,D783
SLC11A2,MAPK,0,Sheet1,E783
SLC11A2,NFkB,2.6866480387584462,Sheet1,F783
SLC11A2,PI3K,0,Sheet1,G783
SLC11A2,TGFb,0,Sheet1,H783
SLC11A2,TNFa,0,Sheet1,I783
SLC11A2,Trail,0,Sheet1,J783
SLC11A2,VEGF,0,Sheet1,K783
SLC11A2,p53,0,Sheet1,L783
SLC15A3,EGFR,0,Sheet1,B784
SLC15A3,Hypoxia,0,Sheet1,C784
SLC15A3,JAK.STAT,4.2607391834759918,Sheet1,D784
SLC15A3,MAPK,0,Sheet1,E784
SLC15A3,NFkB,0,Sheet1,F784
SLC15A3,PI3K,0,Sheet1,G784
SLC15A3,TGFb,0,Sheet1,H784
SLC15A3,TNFa,0,Sheet1,I784
SLC15A3,Trail,0,Sheet1,J784
SLC15A3,VEGF,0,Sheet1,K784
SLC15A3,p53,0,Sheet1,L784
SLC18A1,EGFR,0,Sheet1,B785
SLC18A1,Hypoxia,0,Sheet1,C785
SLC18A1,JAK.STAT,0,Sheet1,D785
SLC18A1,MAPK,0,Sheet1,E785
SLC18A1,NFkB,0,Sheet1,F785
SLC18A1,PI3K,4.6520925271987954,Sheet1,G785
SLC18A1,TGFb,0,Sheet1,H785
SLC18A1,TNFa,0,Sheet1,I785
SLC18A1,Trail,0,Sheet1,J785
SLC18A1,VEGF,0,Sheet1,K785
SLC18A1,p53,0,Sheet1,L785
SLC20A1,EGFR,0,Sheet1,B786
SLC20A1,Hypoxia,0,Sheet1,C786
SLC20A1,JAK.STAT,0,Sheet1,D786
SLC20A1,MAPK,6.8103529671107825,Sheet1,E786
SLC20A1,NFkB,0,Sheet1,F786
SLC20A1,PI3K,0,Sheet1,G786
SLC20A1,TGFb,0,Sheet1,H786
SLC20A1,TNFa,0,Sheet1,I786
SLC20A1,Trail,0,Sheet1,J786
SLC20A1,VEGF,0,Sheet1,K786
SLC20A1,p53,0,Sheet1,L786
SLC25A28,EGFR,0,Sheet1,B787
SLC25A28,Hypoxia,0,Sheet1,C787
SLC25A28,JAK.STAT,3.9334616541440486,Sheet1,D787
SLC25A28,MAPK,0,Sheet1,E787
SLC25A28,NFkB,0,Sheet1,F787
SLC25A28,PI3K,0,Sheet1,G787
SLC25A28,TGFb,0,Sheet1,H787
SLC25A28,TNFa,0,Sheet1,I787
SLC25A28,Trail,0,Sheet1,J787
SLC25A28,VEGF,0,Sheet1,K787
SLC25A28,p53,0,Sheet1,L787
SLC25A36,EGFR,0,Sheet1,B788
SLC25A36,Hypoxia,5.3290439902669791,Sheet1,C788
SLC25A36,JAK.STAT,0,Sheet1,D788
SLC25A36,MAPK,0,Sheet1,E788
SLC25A36,NFkB,0,Sheet1,F788
SLC25A36,PI3K,0,Sheet1,G788
SLC25A36,TGFb,0,Sheet1,H788
SLC25A36,TNFa,0,Sheet1,I788
SLC25A36,Trail,0,Sheet1,J788
SLC25A36,VEGF,0,Sheet1,K788
SLC25A36,p53,0,Sheet1,L788
SLC26A4,EGFR,0,Sheet1,B789
SLC26A4,Hypoxia,0,Sheet1,C789
SLC26A4,JAK.STAT,0,Sheet1,D789
SLC26A4,MAPK,0,Sheet1,E789
SLC26A4,NFkB,0,Sheet1,F789
SLC26A4,PI3K,-3.7388398905078617,Sheet1,G789
SLC26A4,TGFb,0,Sheet1,H789
SLC26A4,TNFa,0,Sheet1,I789
SLC26A4,Trail,0,Sheet1,J789
SLC26A4,VEGF,0,Sheet1,K789
SLC26A4,p53,0,Sheet1,L789
SLC27A1,EGFR,0,Sheet1,B790
SLC27A1,Hypoxia,0,Sheet1,C790
SLC27A1,JAK.STAT,0,Sheet1,D790
SLC27A1,MAPK,0,Sheet1,E790
SLC27A1,NFkB,0,Sheet1,F790
SLC27A1,PI3K,-8.3299208397046272,Sheet1,G790
SLC27A1,TGFb,0,Sheet1,H790
SLC27A1,TNFa,0,Sheet1,I790
SLC27A1,Trail,0,Sheet1,J790
SLC27A1,VEGF,0,Sheet1,K790
SLC27A1,p53,0,Sheet1,L790
SLC2A1,EGFR,0,Sheet1,B791
SLC2A1,Hypoxia,8.6791539802384907,Sheet1,C791
SLC2A1,JAK.STAT,0,Sheet1,D791
SLC2A1,MAPK,0,Sheet1,E791
SLC2A1,NFkB,0,Sheet1,F791
SLC2A1,PI3K,0,Sheet1,G791
SLC2A1,TGFb,0,Sheet1,H791
SLC2A1,TNFa,0,Sheet1,I791
SLC2A1,Trail,0,Sheet1,J791
SLC2A1,VEGF,0,Sheet1,K791
SLC2A1,p53,0,Sheet1,L791
SLC2A6,EGFR,0,Sheet1,B792
SLC2A6,Hypoxia,0,Sheet1,C792
SLC2A6,JAK.STAT,0,Sheet1,D792
SLC2A6,MAPK,0,Sheet1,E792
SLC2A6,NFkB,9.7299880987357525,Sheet1,F792
SLC2A6,PI3K,0,Sheet1,G792
SLC2A6,TGFb,0,Sheet1,H792
SLC2A6,TNFa,10.249108343655784,Sheet1,I792
SLC2A6,Trail,0,Sheet1,J792
SLC2A6,VEGF,0,Sheet1,K792
SLC2A6,p53,0,Sheet1,L792
SLC35F2,EGFR,0,Sheet1,B793
SLC35F2,Hypoxia,0,Sheet1,C793
SLC35F2,JAK.STAT,0,Sheet1,D793
SLC35F2,MAPK,2.8509820022727062,Sheet1,E793
SLC35F2,NFkB,0,Sheet1,F793
SLC35F2,PI3K,0,Sheet1,G793
SLC35F2,TGFb,0,Sheet1,H793
SLC35F2,TNFa,0,Sheet1,I793
SLC35F2,Trail,0,Sheet1,J793
SLC35F2,VEGF,0,Sheet1,K793
SLC35F2,p53,0,Sheet1,L793
SLC41A2,EGFR,0,Sheet1,B794
SLC41A2,Hypoxia,0,Sheet1,C794
SLC41A2,JAK.STAT,0,Sheet1,D794
SLC41A2,MAPK,0,Sheet1,E794
SLC41A2,NFkB,4.9150065040140634,Sheet1,F794
SLC41A2,PI3K,0,Sheet1,G794
SLC41A2,TGFb,0,Sheet1,H794
SLC41A2,TNFa,5.3579949402617677,Sheet1,I794
SLC41A2,Trail,0,Sheet1,J794
SLC41A2,VEGF,0,Sheet1,K794
SLC41A2,p53,0,Sheet1,L794
SLC44A5,EGFR,0,Sheet1,B795
SLC44A5,Hypoxia,0,Sheet1,C795
SLC44A5,JAK.STAT,0,Sheet1,D795
SLC44A5,MAPK,0,Sheet1,E795
SLC44A5,NFkB,0,Sheet1,F795
SLC44A5,PI3K,0,Sheet1,G795
SLC44A5,TGFb,0,Sheet1,H795
SLC44A5,TNFa,0,Sheet1,I795
SLC44A5,Trail,0,Sheet1,J795
SLC44A5,VEGF,0,Sheet1,K795
SLC44A5,p53,5.0434209204120668,Sheet1,L795
SLC45A3,EGFR,1.9024389018055969,Sheet1,B796
SLC45A3,Hypoxia,0,Sheet1,C796
SLC45A3,JAK.STAT,0,Sheet1,D796
SLC45A3,MAPK,0,Sheet1,E796
SLC45A3,NFkB,0,Sheet1,F796
SLC45A3,PI3K,0,Sheet1,G796
SLC45A3,TGFb,0,Sheet1,H796
SLC45A3,TNFa,0,Sheet1,I796
SLC45A3,Trail,0,Sheet1,J796
SLC45A3,VEGF,0,Sheet1,K796
SLC45A3,p53,0,Sheet1,L796
SLC4A7,EGFR,0,Sheet1,B797
SLC4A7,Hypoxia,0,Sheet1,C797
SLC4A7,JAK.STAT,0,Sheet1,D797
SLC4A7,MAPK,2.7094949939569104,Sheet1,E797
SLC4A7,NFkB,0,Sheet1,F797
SLC4A7,PI3K,0,Sheet1,G797
SLC4A7,TGFb,0,Sheet1,H797
SLC4A7,TNFa,0,Sheet1,I797
SLC4A7,Trail,0,Sheet1,J797
SLC4A7,VEGF,0,Sheet1,K797
SLC4A7,p53,0,Sheet1,L797
SLC52A1,EGFR,0,Sheet1,B798
SLC52A1,Hypoxia,0,Sheet1,C798
SLC52A1,JAK.STAT,0,Sheet1,D798
SLC52A1,MAPK,0,Sheet1,E798
SLC52A1,NFkB,0,Sheet1,F798
SLC52A1,PI3K,0,Sheet1,G798
SLC52A1,TGFb,0,Sheet1,H798
SLC52A1,TNFa,0,Sheet1,I798
SLC52A1,Trail,0,Sheet1,J798
SLC52A1,VEGF,0,Sheet1,K798
SLC52A1,p53,4.1555898458310088,Sheet1,L798
SLC7A9,EGFR,0,Sheet1,B799
SLC7A9,Hypoxia,0,Sheet1,C799
SLC7A9,JAK.STAT,0,Sheet1,D799
SLC7A9,MAPK,0,Sheet1,E799
SLC7A9,NFkB,0,Sheet1,F799
SLC7A9,PI3K,0,Sheet1,G799
SLC7A9,TGFb,0,Sheet1,H799
SLC7A9,TNFa,0,Sheet1,I799
SLC7A9,Trail,1.2157107689110207,Sheet1,J799
SLC7A9,VEGF,0,Sheet1,K799
SLC7A9,p53,0,Sheet1,L799
SLCO2A1,EGFR,0,Sheet1,B800
SLCO2A1,Hypoxia,0,Sheet1,C800
SLCO2A1,JAK.STAT,0,Sheet1,D800
SLCO2A1,MAPK,0,Sheet1,E800
SLCO2A1,NFkB,0,Sheet1,F800
SLCO2A1,PI3K,0,Sheet1,G800
SLCO2A1,TGFb,4.8697884334372894,Sheet1,H800
SLCO2A1,TNFa,0,Sheet1,I800
SLCO2A1,Trail,0,Sheet1,J800
SLCO2A1,VEGF,0,Sheet1,K800
SLCO2A1,p53,0,Sheet1,L800
SLCO4A1,EGFR,0,Sheet1,B801
SLCO4A1,Hypoxia,0,Sheet1,C801
SLCO4A1,JAK.STAT,0,Sheet1,D801
SLCO4A1,MAPK,4.0845381436253509,Sheet1,E801
SLCO4A1,NFkB,0,Sheet1,F801
SLCO4A1,PI3K,0,Sheet1,G801
SLCO4A1,TGFb,0,Sheet1,H801
SLCO4A1,TNFa,0,Sheet1,I801
SLCO4A1,Trail,0,Sheet1,J801
SLCO4A1,VEGF,0,Sheet1,K801
SLCO4A1,p53,0,Sheet1,L801
SLCO4A1-AS1,EGFR,0,Sheet1,B802
SLCO4A1-AS1,Hypoxia,0,Sheet1,C802
SLCO4A1-AS1,JAK.STAT,0,Sheet1,D802
SLCO4A1-AS1,MAPK,0,Sheet1,E802
SLCO4A1-AS1,NFkB,0,Sheet1,F802
SLCO4A1-AS1,PI3K,-7.8319405764885923,Sheet1,G802
SLCO4A1-AS1,TGFb,0,Sheet1,H802
SLCO4A1-AS1,TNFa,0,Sheet1,I802
SLCO4A1-AS1,Trail,0,Sheet1,J802
SLCO4A1-AS1,VEGF,0,Sheet1,K802
SLCO4A1-AS1,p53,0,Sheet1,L802
SMAD1,EGFR,0,Sheet1,B803
SMAD1,Hypoxia,0,Sheet1,C803
SMAD1,JAK.STAT,0,Sheet1,D803
SMAD1,MAPK,0,Sheet1,E803
SMAD1,NFkB,0,Sheet1,F803
SMAD1,PI3K,0,Sheet1,G803
SMAD1,TGFb,0,Sheet1,H803
SMAD1,TNFa,0,Sheet1,I803
SMAD1,Trail,0,Sheet1,J803
SMAD1,VEGF,-3.8011115644634708,Sheet1,K803
SMAD1,p53,0,Sheet1,L803
SMAD6,EGFR,0,Sheet1,B804
SMAD6,Hypoxia,0,Sheet1,C804
SMAD6,JAK.STAT,0,Sheet1,D804
SMAD6,MAPK,0,Sheet1,E804
SMAD6,NFkB,0,Sheet1,F804
SMAD6,PI3K,0,Sheet1,G804
SMAD6,TGFb,2.7982653862514391,Sheet1,H804
SMAD6,TNFa,0,Sheet1,I804
SMAD6,Trail,0,Sheet1,J804
SMAD6,VEGF,0,Sheet1,K804
SMAD6,p53,0,Sheet1,L804
SMAD7,EGFR,0,Sheet1,B805
SMAD7,Hypoxia,0,Sheet1,C805
SMAD7,JAK.STAT,0,Sheet1,D805
SMAD7,MAPK,0,Sheet1,E805
SMAD7,NFkB,0,Sheet1,F805
SMAD7,PI3K,0,Sheet1,G805
SMAD7,TGFb,7.6311433745336785,Sheet1,H805
SMAD7,TNFa,0,Sheet1,I805
SMAD7,Trail,0,Sheet1,J805
SMAD7,VEGF,0,Sheet1,K805
SMAD7,p53,0,Sheet1,L805
SMCO3,EGFR,0,Sheet1,B806
SMCO3,Hypoxia,0,Sheet1,C806
SMCO3,JAK.STAT,0,Sheet1,D806
SMCO3,MAPK,0,Sheet1,E806
SMCO3,NFkB,0,Sheet1,F806
SMCO3,PI3K,0,Sheet1,G806
SMCO3,TGFb,0,Sheet1,H806
SMCO3,TNFa,0,Sheet1,I806
SMCO3,Trail,0,Sheet1,J806
SMCO3,VEGF,-2.1019845722626846,Sheet1,K806
SMCO3,p53,0,Sheet1,L806
SMG1P5,EGFR,0,Sheet1,B807
SMG1P5,Hypoxia,0,Sheet1,C807
SMG1P5,JAK.STAT,0,Sheet1,D807
SMG1P5,MAPK,0,Sheet1,E807
SMG1P5,NFkB,0,Sheet1,F807
SMG1P5,PI3K,0,Sheet1,G807
SMG1P5,TGFb,0,Sheet1,H807
SMG1P5,TNFa,0,Sheet1,I807
SMG1P5,Trail,-4.0487831205287907,Sheet1,J807
SMG1P5,VEGF,0,Sheet1,K807
SMG1P5,p53,0,Sheet1,L807
SMIM10L2A,EGFR,0,Sheet1,B808
SMIM10L2A,Hypoxia,0,Sheet1,C808
SMIM10L2A,JAK.STAT,0,Sheet1,D808
SMIM10L2A,MAPK,0,Sheet1,E808
SMIM10L2A,NFkB,0,Sheet1,F808
SMIM10L2A,PI3K,0,Sheet1,G808
SMIM10L2A,TGFb,0,Sheet1,H808
SMIM10L2A,TNFa,0,Sheet1,I808
SMIM10L2A,Trail,0,Sheet1,J808
SMIM10L2A,VEGF,0,Sheet1,K808
SMIM10L2A,p53,6.3725651952295728,Sheet1,L808
SMIM19,EGFR,0,Sheet1,B809
SMIM19,Hypoxia,0,Sheet1,C809
SMIM19,JAK.STAT,0,Sheet1,D809
SMIM19,MAPK,0,Sheet1,E809
SMIM19,NFkB,0,Sheet1,F809
SMIM19,PI3K,-7.2105590119954694,Sheet1,G809
SMIM19,TGFb,0,Sheet1,H809
SMIM19,TNFa,0,Sheet1,I809
SMIM19,Trail,0,Sheet1,J809
SMIM19,VEGF,0,Sheet1,K809
SMIM19,p53,0,Sheet1,L809
SMURF1,EGFR,0,Sheet1,B810
SMURF1,Hypoxia,0,Sheet1,C810
SMURF1,JAK.STAT,0,Sheet1,D810
SMURF1,MAPK,0,Sheet1,E810
SMURF1,NFkB,0,Sheet1,F810
SMURF1,PI3K,0,Sheet1,G810
SMURF1,TGFb,1.5381532326934251,Sheet1,H810
SMURF1,TNFa,0,Sheet1,I810
SMURF1,Trail,0,Sheet1,J810
SMURF1,VEGF,0,Sheet1,K810
SMURF1,p53,0,Sheet1,L810
SMURF2,EGFR,0,Sheet1,B811
SMURF2,Hypoxia,0,Sheet1,C811
SMURF2,JAK.STAT,0,Sheet1,D811
SMURF2,MAPK,3.0301617625148576,Sheet1,E811
SMURF2,NFkB,0,Sheet1,F811
SMURF2,PI3K,0,Sheet1,G811
SMURF2,TGFb,0,Sheet1,H811
SMURF2,TNFa,0,Sheet1,I811
SMURF2,Trail,0,Sheet1,J811
SMURF2,VEGF,0,Sheet1,K811
SMURF2,p53,0,Sheet1,L811
SNAI1,EGFR,0,Sheet1,B812
SNAI1,Hypoxia,0,Sheet1,C812
SNAI1,JAK.STAT,0,Sheet1,D812
SNAI1,MAPK,0,Sheet1,E812
SNAI1,NFkB,0,Sheet1,F812
SNAI1,PI3K,0,Sheet1,G812
SNAI1,TGFb,3.5681739305015414,Sheet1,H812
SNAI1,TNFa,0,Sheet1,I812
SNAI1,Trail,0,Sheet1,J812
SNAI1,VEGF,0,Sheet1,K812
SNAI1,p53,0,Sheet1,L812
SNORA70E,EGFR,0,Sheet1,B813
SNORA70E,Hypoxia,0,Sheet1,C813
SNORA70E,JAK.STAT,0,Sheet1,D813
SNORA70E,MAPK,0,Sheet1,E813
SNORA70E,NFkB,0,Sheet1,F813
SNORA70E,PI3K,0,Sheet1,G813
SNORA70E,TGFb,0,Sheet1,H813
SNORA70E,TNFa,0,Sheet1,I813
SNORA70E,Trail,0,Sheet1,J813
SNORA70E,VEGF,-8.3000036112680515,Sheet1,K813
SNORA70E,p53,0,Sheet1,L813
SNORD114-2,EGFR,0,Sheet1,B814
SNORD114-2,Hypoxia,0,Sheet1,C814
SNORD114-2,JAK.STAT,0,Sheet1,D814
SNORD114-2,MAPK,0,Sheet1,E814
SNORD114-2,NFkB,0,Sheet1,F814
SNORD114-2,PI3K,0,Sheet1,G814
SNORD114-2,TGFb,0,Sheet1,H814
SNORD114-2,TNFa,0,Sheet1,I814
SNORD114-2,Trail,0,Sheet1,J814
SNORD114-2,VEGF,-13.385992855828304,Sheet1,K814
SNORD114-2,p53,0,Sheet1,L814
SOCS3,EGFR,0,Sheet1,B815
SOCS3,Hypoxia,0,Sheet1,C815
SOCS3,JAK.STAT,0,Sheet1,D815
SOCS3,MAPK,0,Sheet1,E815
SOCS3,NFkB,4.5119145586229719,Sheet1,F815
SOCS3,PI3K,0,Sheet1,G815
SOCS3,TGFb,0,Sheet1,H815
SOCS3,TNFa,0,Sheet1,I815
SOCS3,Trail,0,Sheet1,J815
SOCS3,VEGF,0,Sheet1,K815
SOCS3,p53,0,Sheet1,L815
SOD2,EGFR,0,Sheet1,B816
SOD2,Hypoxia,0,Sheet1,C816
SOD2,JAK.STAT,0,Sheet1,D816
SOD2,MAPK,0,Sheet1,E816
SOD2,NFkB,11.156150165377186,Sheet1,F816
SOD2,PI3K,0,Sheet1,G816
SOD2,TGFb,0,Sheet1,H816
SOD2,TNFa,13.623110274359441,Sheet1,I816
SOD2,Trail,0,Sheet1,J816
SOD2,VEGF,0,Sheet1,K816
SOD2,p53,0,Sheet1,L816
SP100,EGFR,0,Sheet1,B817
SP100,Hypoxia,0,Sheet1,C817
SP100,JAK.STAT,4.4765093161000209,Sheet1,D817
SP100,MAPK,0,Sheet1,E817
SP100,NFkB,0,Sheet1,F817
SP100,PI3K,0,Sheet1,G817
SP100,TGFb,0,Sheet1,H817
SP100,TNFa,0,Sheet1,I817
SP100,Trail,0,Sheet1,J817
SP100,VEGF,0,Sheet1,K817
SP100,p53,0,Sheet1,L817
SP110,EGFR,0,Sheet1,B818
SP110,Hypoxia,0,Sheet1,C818
SP110,JAK.STAT,8.6787127210035155,Sheet1,D818
SP110,MAPK,0,Sheet1,E818
SP110,NFkB,0,Sheet1,F818
SP110,PI3K,0,Sheet1,G818
SP110,TGFb,0,Sheet1,H818
SP110,TNFa,0,Sheet1,I818
SP110,Trail,0,Sheet1,J818
SP110,VEGF,0,Sheet1,K818
SP110,p53,0,Sheet1,L818
SP140L,EGFR,0,Sheet1,B819
SP140L,Hypoxia,0,Sheet1,C819
SP140L,JAK.STAT,2.3378632539556277,Sheet1,D819
SP140L,MAPK,0,Sheet1,E819
SP140L,NFkB,0,Sheet1,F819
SP140L,PI3K,0,Sheet1,G819
SP140L,TGFb,0,Sheet1,H819
SP140L,TNFa,0,Sheet1,I819
SP140L,Trail,0,Sheet1,J819
SP140L,VEGF,0,Sheet1,K819
SP140L,p53,0,Sheet1,L819
SPAG4,EGFR,0,Sheet1,B820
SPAG4,Hypoxia,10.213071470614544,Sheet1,C820
SPAG4,JAK.STAT,0,Sheet1,D820
SPAG4,MAPK,0,Sheet1,E820
SPAG4,NFkB,0,Sheet1,F820
SPAG4,PI3K,0,Sheet1,G820
SPAG4,TGFb,0,Sheet1,H820
SPAG4,TNFa,0,Sheet1,I820
SPAG4,Trail,0,Sheet1,J820
SPAG4,VEGF,0,Sheet1,K820
SPAG4,p53,0,Sheet1,L820
SPAG6,EGFR,0,Sheet1,B821
SPAG6,Hypoxia,0,Sheet1,C821
SPAG6,JAK.STAT,0,Sheet1,D821
SPAG6,MAPK,0,Sheet1,E821
SPAG6,NFkB,0,Sheet1,F821
SPAG6,PI3K,0,Sheet1,G821
SPAG6,TGFb,0,Sheet1,H821
SPAG6,TNFa,0,Sheet1,I821
SPAG6,Trail,0,Sheet1,J821
SPAG6,VEGF,-1.5709152686418195,Sheet1,K821
SPAG6,p53,0,Sheet1,L821
SPATA18,EGFR,0,Sheet1,B822
SPATA18,Hypoxia,0,Sheet1,C822
SPATA18,JAK.STAT,0,Sheet1,D822
SPATA18,MAPK,0,Sheet1,E822
SPATA18,NFkB,0,Sheet1,F822
SPATA18,PI3K,0,Sheet1,G822
SPATA18,TGFb,0,Sheet1,H822
SPATA18,TNFa,0,Sheet1,I822
SPATA18,Trail,0,Sheet1,J822
SPATA18,VEGF,0,Sheet1,K822
SPATA18,p53,7.8489979647828827,Sheet1,L822
SPATA2L,EGFR,1.7564976683917297,Sheet1,B823
SPATA2L,Hypoxia,0,Sheet1,C823
SPATA2L,JAK.STAT,0,Sheet1,D823
SPATA2L,MAPK,0,Sheet1,E823
SPATA2L,NFkB,0,Sheet1,F823
SPATA2L,PI3K,0,Sheet1,G823
SPATA2L,TGFb,0,Sheet1,H823
SPATA2L,TNFa,0,Sheet1,I823
SPATA2L,Trail,0,Sheet1,J823
SPATA2L,VEGF,0,Sheet1,K823
SPATA2L,p53,0,Sheet1,L823
SPECC1,EGFR,0,Sheet1,B824
SPECC1,Hypoxia,0,Sheet1,C824
SPECC1,JAK.STAT,0,Sheet1,D824
SPECC1,MAPK,0,Sheet1,E824
SPECC1,NFkB,0,Sheet1,F824
SPECC1,PI3K,0,Sheet1,G824
SPECC1,TGFb,2.5741137529342106,Sheet1,H824
SPECC1,TNFa,0,Sheet1,I824
SPECC1,Trail,0,Sheet1,J824
SPECC1,VEGF,0,Sheet1,K824
SPECC1,p53,0,Sheet1,L824
SPG11,EGFR,0,Sheet1,B825
SPG11,Hypoxia,0,Sheet1,C825
SPG11,JAK.STAT,0,Sheet1,D825
SPG11,MAPK,-1.3378836847359781,Sheet1,E825
SPG11,NFkB,0,Sheet1,F825
SPG11,PI3K,0,Sheet1,G825
SPG11,TGFb,0,Sheet1,H825
SPG11,TNFa,0,Sheet1,I825
SPG11,Trail,0,Sheet1,J825
SPG11,VEGF,0,Sheet1,K825
SPG11,p53,0,Sheet1,L825
SPHK1,EGFR,0,Sheet1,B826
SPHK1,Hypoxia,0,Sheet1,C826
SPHK1,JAK.STAT,0,Sheet1,D826
SPHK1,MAPK,0,Sheet1,E826
SPHK1,NFkB,0,Sheet1,F826
SPHK1,PI3K,0,Sheet1,G826
SPHK1,TGFb,6.0901115386286984,Sheet1,H826
SPHK1,TNFa,0,Sheet1,I826
SPHK1,Trail,0,Sheet1,J826
SPHK1,VEGF,0,Sheet1,K826
SPHK1,p53,0,Sheet1,L826
SPINK2,EGFR,0,Sheet1,B827
SPINK2,Hypoxia,0,Sheet1,C827
SPINK2,JAK.STAT,0,Sheet1,D827
SPINK2,MAPK,0,Sheet1,E827
SPINK2,NFkB,0,Sheet1,F827
SPINK2,PI3K,0,Sheet1,G827
SPINK2,TGFb,0,Sheet1,H827
SPINK2,TNFa,0,Sheet1,I827
SPINK2,Trail,1.3331660939551442,Sheet1,J827
SPINK2,VEGF,-1.891189378201046,Sheet1,K827
SPINK2,p53,0,Sheet1,L827
SPOCD1,EGFR,4.2956894012194091,Sheet1,B828
SPOCD1,Hypoxia,0,Sheet1,C828
SPOCD1,JAK.STAT,0,Sheet1,D828
SPOCD1,MAPK,0,Sheet1,E828
SPOCD1,NFkB,0,Sheet1,F828
SPOCD1,PI3K,0,Sheet1,G828
SPOCD1,TGFb,0,Sheet1,H828
SPOCD1,TNFa,0,Sheet1,I828
SPOCD1,Trail,0,Sheet1,J828
SPOCD1,VEGF,0,Sheet1,K828
SPOCD1,p53,0,Sheet1,L828
SPRED1,EGFR,0,Sheet1,B829
SPRED1,Hypoxia,0,Sheet1,C829
SPRED1,JAK.STAT,0,Sheet1,D829
SPRED1,MAPK,6.2099482437646651,Sheet1,E829
SPRED1,NFkB,0,Sheet1,F829
SPRED1,PI3K,0,Sheet1,G829
SPRED1,TGFb,0,Sheet1,H829
SPRED1,TNFa,0,Sheet1,I829
SPRED1,Trail,0,Sheet1,J829
SPRED1,VEGF,0,Sheet1,K829
SPRED1,p53,0,Sheet1,L829
SPRED2,EGFR,0,Sheet1,B830
SPRED2,Hypoxia,0,Sheet1,C830
SPRED2,JAK.STAT,0,Sheet1,D830
SPRED2,MAPK,3.5018346410222287,Sheet1,E830
SPRED2,NFkB,0,Sheet1,F830
SPRED2,PI3K,0,Sheet1,G830
SPRED2,TGFb,0,Sheet1,H830
SPRED2,TNFa,0,Sheet1,I830
SPRED2,Trail,0,Sheet1,J830
SPRED2,VEGF,0,Sheet1,K830
SPRED2,p53,0,Sheet1,L830
SPRY2,EGFR,0,Sheet1,B831
SPRY2,Hypoxia,0,Sheet1,C831
SPRY2,JAK.STAT,0,Sheet1,D831
SPRY2,MAPK,9.4815847481189071,Sheet1,E831
SPRY2,NFkB,0,Sheet1,F831
SPRY2,PI3K,0,Sheet1,G831
SPRY2,TGFb,0,Sheet1,H831
SPRY2,TNFa,0,Sheet1,I831
SPRY2,Trail,0,Sheet1,J831
SPRY2,VEGF,0,Sheet1,K831
SPRY2,p53,0,Sheet1,L831
SPRY4,EGFR,0,Sheet1,B832
SPRY4,Hypoxia,0,Sheet1,C832
SPRY4,JAK.STAT,0,Sheet1,D832
SPRY4,MAPK,10.114470537169142,Sheet1,E832
SPRY4,NFkB,0,Sheet1,F832
SPRY4,PI3K,0,Sheet1,G832
SPRY4,TGFb,0,Sheet1,H832
SPRY4,TNFa,0,Sheet1,I832
SPRY4,Trail,0,Sheet1,J832
SPRY4,VEGF,0,Sheet1,K832
SPRY4,p53,0,Sheet1,L832
SPSB3,EGFR,0,Sheet1,B833
SPSB3,Hypoxia,0,Sheet1,C833
SPSB3,JAK.STAT,0,Sheet1,D833
SPSB3,MAPK,0,Sheet1,E833
SPSB3,NFkB,0,Sheet1,F833
SPSB3,PI3K,-6.5337285584132871,Sheet1,G833
SPSB3,TGFb,0,Sheet1,H833
SPSB3,TNFa,0,Sheet1,I833
SPSB3,Trail,0,Sheet1,J833
SPSB3,VEGF,0,Sheet1,K833
SPSB3,p53,0,Sheet1,L833
SQRDL,EGFR,0,Sheet1,B834
SQRDL,Hypoxia,0,Sheet1,C834
SQRDL,JAK.STAT,0,Sheet1,D834
SQRDL,MAPK,0,Sheet1,E834
SQRDL,NFkB,0,Sheet1,F834
SQRDL,PI3K,0,Sheet1,G834
SQRDL,TGFb,0,Sheet1,H834
SQRDL,TNFa,5.9567151680776398,Sheet1,I834
SQRDL,Trail,0,Sheet1,J834
SQRDL,VEGF,0,Sheet1,K834
SQRDL,p53,0,Sheet1,L834
SRGAP2,EGFR,0,Sheet1,B835
SRGAP2,Hypoxia,0,Sheet1,C835
SRGAP2,JAK.STAT,0,Sheet1,D835
SRGAP2,MAPK,0,Sheet1,E835
SRGAP2,NFkB,0,Sheet1,F835
SRGAP2,PI3K,0,Sheet1,G835
SRGAP2,TGFb,0,Sheet1,H835
SRGAP2,TNFa,0,Sheet1,I835
SRGAP2,Trail,0,Sheet1,J835
SRGAP2,VEGF,-4.3400036438240512,Sheet1,K835
SRGAP2,p53,0,Sheet1,L835
SRGAP3,EGFR,0,Sheet1,B836
SRGAP3,Hypoxia,0,Sheet1,C836
SRGAP3,JAK.STAT,0,Sheet1,D836
SRGAP3,MAPK,0,Sheet1,E836
SRGAP3,NFkB,0,Sheet1,F836
SRGAP3,PI3K,0,Sheet1,G836
SRGAP3,TGFb,0,Sheet1,H836
SRGAP3,TNFa,0,Sheet1,I836
SRGAP3,Trail,0,Sheet1,J836
SRGAP3,VEGF,0,Sheet1,K836
SRGAP3,p53,2.5185476046162667,Sheet1,L836
SRGN,EGFR,0,Sheet1,B837
SRGN,Hypoxia,0,Sheet1,C837
SRGN,JAK.STAT,0,Sheet1,D837
SRGN,MAPK,0,Sheet1,E837
SRGN,NFkB,0,Sheet1,F837
SRGN,PI3K,0,Sheet1,G837
SRGN,TGFb,0,Sheet1,H837
SRGN,TNFa,3.9513283861811814,Sheet1,I837
SRGN,Trail,0,Sheet1,J837
SRGN,VEGF,0,Sheet1,K837
SRGN,p53,0,Sheet1,L837
SRP14,EGFR,0,Sheet1,B838
SRP14,Hypoxia,0,Sheet1,C838
SRP14,JAK.STAT,0,Sheet1,D838
SRP14,MAPK,-1.5944123429577048,Sheet1,E838
SRP14,NFkB,0,Sheet1,F838
SRP14,PI3K,0,Sheet1,G838
SRP14,TGFb,0,Sheet1,H838
SRP14,TNFa,0,Sheet1,I838
SRP14,Trail,0,Sheet1,J838
SRP14,VEGF,0,Sheet1,K838
SRP14,p53,0,Sheet1,L838
STAG1,EGFR,0,Sheet1,B839
STAG1,Hypoxia,0,Sheet1,C839
STAG1,JAK.STAT,0,Sheet1,D839
STAG1,MAPK,0,Sheet1,E839
STAG1,NFkB,0,Sheet1,F839
STAG1,PI3K,0,Sheet1,G839
STAG1,TGFb,0,Sheet1,H839
STAG1,TNFa,0,Sheet1,I839
STAG1,Trail,0,Sheet1,J839
STAG1,VEGF,0,Sheet1,K839
STAG1,p53,-3.8651133486903544,Sheet1,L839
STAT1,EGFR,0,Sheet1,B840
STAT1,Hypoxia,0,Sheet1,C840
STAT1,JAK.STAT,9.0839365660829845,Sheet1,D840
STAT1,MAPK,0,Sheet1,E840
STAT1,NFkB,0,Sheet1,F840
STAT1,PI3K,0,Sheet1,G840
STAT1,TGFb,0,Sheet1,H840
STAT1,TNFa,0,Sheet1,I840
STAT1,Trail,0,Sheet1,J840
STAT1,VEGF,0,Sheet1,K840
STAT1,p53,0,Sheet1,L840
STAT2,EGFR,0,Sheet1,B841
STAT2,Hypoxia,0,Sheet1,C841
STAT2,JAK.STAT,4.147176067876936,Sheet1,D841
STAT2,MAPK,0,Sheet1,E841
STAT2,NFkB,0,Sheet1,F841
STAT2,PI3K,0,Sheet1,G841
STAT2,TGFb,0,Sheet1,H841
STAT2,TNFa,0,Sheet1,I841
STAT2,Trail,0,Sheet1,J841
STAT2,VEGF,0,Sheet1,K841
STAT2,p53,0,Sheet1,L841
STAT5A,EGFR,0,Sheet1,B842
STAT5A,Hypoxia,0,Sheet1,C842
STAT5A,JAK.STAT,0,Sheet1,D842
STAT5A,MAPK,0,Sheet1,E842
STAT5A,NFkB,3.9865610031974703,Sheet1,F842
STAT5A,PI3K,0,Sheet1,G842
STAT5A,TGFb,0,Sheet1,H842
STAT5A,TNFa,0,Sheet1,I842
STAT5A,Trail,0,Sheet1,J842
STAT5A,VEGF,0,Sheet1,K842
STAT5A,p53,0,Sheet1,L842
STK17A,EGFR,0,Sheet1,B843
STK17A,Hypoxia,0,Sheet1,C843
STK17A,JAK.STAT,0,Sheet1,D843
STK17A,MAPK,2.9405668773324174,Sheet1,E843
STK17A,NFkB,0,Sheet1,F843
STK17A,PI3K,0,Sheet1,G843
STK17A,TGFb,0,Sheet1,H843
STK17A,TNFa,0,Sheet1,I843
STK17A,Trail,0,Sheet1,J843
STK17A,VEGF,0,Sheet1,K843
STK17A,p53,0,Sheet1,L843
STX11,EGFR,0,Sheet1,B844
STX11,Hypoxia,0,Sheet1,C844
STX11,JAK.STAT,0,Sheet1,D844
STX11,MAPK,0,Sheet1,E844
STX11,NFkB,4.5252324492428588,Sheet1,F844
STX11,PI3K,0,Sheet1,G844
STX11,TGFb,0,Sheet1,H844
STX11,TNFa,0,Sheet1,I844
STX11,Trail,0,Sheet1,J844
STX11,VEGF,0,Sheet1,K844
STX11,p53,0,Sheet1,L844
STX1A,EGFR,0,Sheet1,B845
STX1A,Hypoxia,0,Sheet1,C845
STX1A,JAK.STAT,0,Sheet1,D845
STX1A,MAPK,2.2151512135809601,Sheet1,E845
STX1A,NFkB,0,Sheet1,F845
STX1A,PI3K,0,Sheet1,G845
STX1A,TGFb,0,Sheet1,H845
STX1A,TNFa,0,Sheet1,I845
STX1A,Trail,0,Sheet1,J845
STX1A,VEGF,0,Sheet1,K845
STX1A,p53,0,Sheet1,L845
STX6,EGFR,0,Sheet1,B846
STX6,Hypoxia,0,Sheet1,C846
STX6,JAK.STAT,0,Sheet1,D846
STX6,MAPK,0,Sheet1,E846
STX6,NFkB,0,Sheet1,F846
STX6,PI3K,0,Sheet1,G846
STX6,TGFb,0,Sheet1,H846
STX6,TNFa,0,Sheet1,I846
STX6,Trail,0,Sheet1,J846
STX6,VEGF,0,Sheet1,K846
STX6,p53,3.4657999963066231,Sheet1,L846
STX8,EGFR,0,Sheet1,B847
STX8,Hypoxia,0,Sheet1,C847
STX8,JAK.STAT,0,Sheet1,D847
STX8,MAPK,-1.1064064247318124,Sheet1,E847
STX8,NFkB,0,Sheet1,F847
STX8,PI3K,0,Sheet1,G847
STX8,TGFb,0,Sheet1,H847
STX8,TNFa,0,Sheet1,I847
STX8,Trail,0,Sheet1,J847
STX8,VEGF,0,Sheet1,K847
STX8,p53,0,Sheet1,L847
SYF2,EGFR,-1.4076357524680667,Sheet1,B848
SYF2,Hypoxia,0,Sheet1,C848
SYF2,JAK.STAT,0,Sheet1,D848
SYF2,MAPK,0,Sheet1,E848
SYF2,NFkB,0,Sheet1,F848
SYF2,PI3K,0,Sheet1,G848
SYF2,TGFb,0,Sheet1,H848
SYF2,TNFa,0,Sheet1,I848
SYF2,Trail,0,Sheet1,J848
SYF2,VEGF,0,Sheet1,K848
SYF2,p53,0,Sheet1,L848
SYNDIG1,EGFR,0,Sheet1,B849
SYNDIG1,Hypoxia,0,Sheet1,C849
SYNDIG1,JAK.STAT,0,Sheet1,D849
SYNDIG1,MAPK,0,Sheet1,E849
SYNDIG1,NFkB,0,Sheet1,F849
SYNDIG1,PI3K,0,Sheet1,G849
SYNDIG1,TGFb,1.8364038596773584,Sheet1,H849
SYNDIG1,TNFa,0,Sheet1,I849
SYNDIG1,Trail,0,Sheet1,J849
SYNDIG1,VEGF,0,Sheet1,K849
SYNDIG1,p53,0,Sheet1,L849
SYT15,EGFR,0,Sheet1,B850
SYT15,Hypoxia,0,Sheet1,C850
SYT15,JAK.STAT,0,Sheet1,D850
SYT15,MAPK,0,Sheet1,E850
SYT15,NFkB,0,Sheet1,F850
SYT15,PI3K,0,Sheet1,G850
SYT15,TGFb,3.8577431538796345,Sheet1,H850
SYT15,TNFa,0,Sheet1,I850
SYT15,Trail,0,Sheet1,J850
SYT15,VEGF,0,Sheet1,K850
SYT15,p53,0,Sheet1,L850
TAP1,EGFR,0,Sheet1,B851
TAP1,Hypoxia,0,Sheet1,C851
TAP1,JAK.STAT,9.7776383431208185,Sheet1,D851
TAP1,MAPK,0,Sheet1,E851
TAP1,NFkB,0,Sheet1,F851
TAP1,PI3K,0,Sheet1,G851
TAP1,TGFb,0,Sheet1,H851
TAP1,TNFa,0,Sheet1,I851
TAP1,Trail,0,Sheet1,J851
TAP1,VEGF,0,Sheet1,K851
TAP1,p53,0,Sheet1,L851
TAP2,EGFR,0,Sheet1,B852
TAP2,Hypoxia,0,Sheet1,C852
TAP2,JAK.STAT,3.5922603605840768,Sheet1,D852
TAP2,MAPK,0,Sheet1,E852
TAP2,NFkB,0,Sheet1,F852
TAP2,PI3K,0,Sheet1,G852
TAP2,TGFb,0,Sheet1,H852
TAP2,TNFa,0,Sheet1,I852
TAP2,Trail,0,Sheet1,J852
TAP2,VEGF,0,Sheet1,K852
TAP2,p53,0,Sheet1,L852
TAPBP,EGFR,0,Sheet1,B853
TAPBP,Hypoxia,0,Sheet1,C853
TAPBP,JAK.STAT,0,Sheet1,D853
TAPBP,MAPK,0,Sheet1,E853
TAPBP,NFkB,0,Sheet1,F853
TAPBP,PI3K,0,Sheet1,G853
TAPBP,TGFb,0,Sheet1,H853
TAPBP,TNFa,3.9797425167205684,Sheet1,I853
TAPBP,Trail,0,Sheet1,J853
TAPBP,VEGF,0,Sheet1,K853
TAPBP,p53,0,Sheet1,L853
TAS2R5,EGFR,0,Sheet1,B854
TAS2R5,Hypoxia,0,Sheet1,C854
TAS2R5,JAK.STAT,0,Sheet1,D854
TAS2R5,MAPK,0,Sheet1,E854
TAS2R5,NFkB,0,Sheet1,F854
TAS2R5,PI3K,0,Sheet1,G854
TAS2R5,TGFb,0,Sheet1,H854
TAS2R5,TNFa,0,Sheet1,I854
TAS2R5,Trail,-2.176068075314979,Sheet1,J854
TAS2R5,VEGF,0,Sheet1,K854
TAS2R5,p53,0,Sheet1,L854
TAS2R9,EGFR,0,Sheet1,B855
TAS2R9,Hypoxia,0,Sheet1,C855
TAS2R9,JAK.STAT,0,Sheet1,D855
TAS2R9,MAPK,0,Sheet1,E855
TAS2R9,NFkB,0,Sheet1,F855
TAS2R9,PI3K,0,Sheet1,G855
TAS2R9,TGFb,0,Sheet1,H855
TAS2R9,TNFa,0,Sheet1,I855
TAS2R9,Trail,1.1170477847568201,Sheet1,J855
TAS2R9,VEGF,0,Sheet1,K855
TAS2R9,p53,0,Sheet1,L855
TBC1D15,EGFR,0,Sheet1,B856
TBC1D15,Hypoxia,0,Sheet1,C856
TBC1D15,JAK.STAT,0,Sheet1,D856
TBC1D15,MAPK,0,Sheet1,E856
TBC1D15,NFkB,0,Sheet1,F856
TBC1D15,PI3K,-5.412631039798617,Sheet1,G856
TBC1D15,TGFb,0,Sheet1,H856
TBC1D15,TNFa,0,Sheet1,I856
TBC1D15,Trail,0,Sheet1,J856
TBC1D15,VEGF,0,Sheet1,K856
TBC1D15,p53,0,Sheet1,L856
TCOF1,EGFR,0,Sheet1,B857
TCOF1,Hypoxia,0,Sheet1,C857
TCOF1,JAK.STAT,0,Sheet1,D857
TCOF1,MAPK,2.2115780549288417,Sheet1,E857
TCOF1,NFkB,0,Sheet1,F857
TCOF1,PI3K,0,Sheet1,G857
TCOF1,TGFb,0,Sheet1,H857
TCOF1,TNFa,0,Sheet1,I857
TCOF1,Trail,0,Sheet1,J857
TCOF1,VEGF,0,Sheet1,K857
TCOF1,p53,0,Sheet1,L857
TDRD7,EGFR,0,Sheet1,B858
TDRD7,Hypoxia,0,Sheet1,C858
TDRD7,JAK.STAT,6.5666468195427896,Sheet1,D858
TDRD7,MAPK,0,Sheet1,E858
TDRD7,NFkB,0,Sheet1,F858
TDRD7,PI3K,0,Sheet1,G858
TDRD7,TGFb,0,Sheet1,H858
TDRD7,TNFa,0,Sheet1,I858
TDRD7,Trail,0,Sheet1,J858
TDRD7,VEGF,0,Sheet1,K858
TDRD7,p53,0,Sheet1,L858
TEC,EGFR,0,Sheet1,B859
TEC,Hypoxia,0,Sheet1,C859
TEC,JAK.STAT,0,Sheet1,D859
TEC,MAPK,0,Sheet1,E859
TEC,NFkB,0,Sheet1,F859
TEC,PI3K,0,Sheet1,G859
TEC,TGFb,0,Sheet1,H859
TEC,TNFa,0,Sheet1,I859
TEC,Trail,2.0513216388446684,Sheet1,J859
TEC,VEGF,0,Sheet1,K859
TEC,p53,0,Sheet1,L859
TESPA1,EGFR,0,Sheet1,B860
TESPA1,Hypoxia,0,Sheet1,C860
TESPA1,JAK.STAT,0,Sheet1,D860
TESPA1,MAPK,0,Sheet1,E860
TESPA1,NFkB,0,Sheet1,F860
TESPA1,PI3K,0,Sheet1,G860
TESPA1,TGFb,0,Sheet1,H860
TESPA1,TNFa,0,Sheet1,I860
TESPA1,Trail,0.96665887413744134,Sheet1,J860
TESPA1,VEGF,0,Sheet1,K860
TESPA1,p53,0,Sheet1,L860
TEX37,EGFR,0,Sheet1,B861
TEX37,Hypoxia,0,Sheet1,C861
TEX37,JAK.STAT,0,Sheet1,D861
TEX37,MAPK,0,Sheet1,E861
TEX37,NFkB,0,Sheet1,F861
TEX37,PI3K,0,Sheet1,G861
TEX37,TGFb,0,Sheet1,H861
TEX37,TNFa,0,Sheet1,I861
TEX37,Trail,0,Sheet1,J861
TEX37,VEGF,0,Sheet1,K861
TEX37,p53,3.0384825775068531,Sheet1,L861
TFDP2,EGFR,0,Sheet1,B862
TFDP2,Hypoxia,0,Sheet1,C862
TFDP2,JAK.STAT,0,Sheet1,D862
TFDP2,MAPK,0,Sheet1,E862
TFDP2,NFkB,0,Sheet1,F862
TFDP2,PI3K,-5.6735882272419493,Sheet1,G862
TFDP2,TGFb,0,Sheet1,H862
TFDP2,TNFa,0,Sheet1,I862
TFDP2,Trail,0,Sheet1,J862
TFDP2,VEGF,0,Sheet1,K862
TFDP2,p53,0,Sheet1,L862
THNSL2,EGFR,0,Sheet1,B863
THNSL2,Hypoxia,0,Sheet1,C863
THNSL2,JAK.STAT,0,Sheet1,D863
THNSL2,MAPK,0,Sheet1,E863
THNSL2,NFkB,0,Sheet1,F863
THNSL2,PI3K,-4.3183405792939391,Sheet1,G863
THNSL2,TGFb,0,Sheet1,H863
THNSL2,TNFa,0,Sheet1,I863
THNSL2,Trail,0,Sheet1,J863
THNSL2,VEGF,0,Sheet1,K863
THNSL2,p53,0,Sheet1,L863
TICAM1,EGFR,0,Sheet1,B864
TICAM1,Hypoxia,0,Sheet1,C864
TICAM1,JAK.STAT,0,Sheet1,D864
TICAM1,MAPK,0,Sheet1,E864
TICAM1,NFkB,3.492084673918129,Sheet1,F864
TICAM1,PI3K,0,Sheet1,G864
TICAM1,TGFb,0,Sheet1,H864
TICAM1,TNFa,3.4637566632122025,Sheet1,I864
TICAM1,Trail,0,Sheet1,J864
TICAM1,VEGF,0,Sheet1,K864
TICAM1,p53,0,Sheet1,L864
TIFA,EGFR,0,Sheet1,B865
TIFA,Hypoxia,0,Sheet1,C865
TIFA,JAK.STAT,0,Sheet1,D865
TIFA,MAPK,0,Sheet1,E865
TIFA,NFkB,5.1441124462482355,Sheet1,F865
TIFA,PI3K,0,Sheet1,G865
TIFA,TGFb,0,Sheet1,H865
TIFA,TNFa,6.0522927716091273,Sheet1,I865
TIFA,Trail,0,Sheet1,J865
TIFA,VEGF,0,Sheet1,K865
TIFA,p53,0,Sheet1,L865
TIGAR,EGFR,0,Sheet1,B866
TIGAR,Hypoxia,0,Sheet1,C866
TIGAR,JAK.STAT,0,Sheet1,D866
TIGAR,MAPK,0,Sheet1,E866
TIGAR,NFkB,0,Sheet1,F866
TIGAR,PI3K,0,Sheet1,G866
TIGAR,TGFb,0,Sheet1,H866
TIGAR,TNFa,0,Sheet1,I866
TIGAR,Trail,0,Sheet1,J866
TIGAR,VEGF,0,Sheet1,K866
TIGAR,p53,10.151495414110276,Sheet1,L866
TLDC2,EGFR,0,Sheet1,B867
TLDC2,Hypoxia,0,Sheet1,C867
TLDC2,JAK.STAT,0,Sheet1,D867
TLDC2,MAPK,0,Sheet1,E867
TLDC2,NFkB,0,Sheet1,F867
TLDC2,PI3K,0,Sheet1,G867
TLDC2,TGFb,0,Sheet1,H867
TLDC2,TNFa,0,Sheet1,I867
TLDC2,Trail,1.7471644560687452,Sheet1,J867
TLDC2,VEGF,0,Sheet1,K867
TLDC2,p53,0,Sheet1,L867
TLR10,EGFR,0,Sheet1,B868
TLR10,Hypoxia,0,Sheet1,C868
TLR10,JAK.STAT,0,Sheet1,D868
TLR10,MAPK,0,Sheet1,E868
TLR10,NFkB,0,Sheet1,F868
TLR10,PI3K,0,Sheet1,G868
TLR10,TGFb,0,Sheet1,H868
TLR10,TNFa,0,Sheet1,I868
TLR10,Trail,-1.5185782639337091,Sheet1,J868
TLR10,VEGF,0,Sheet1,K868
TLR10,p53,0,Sheet1,L868
TLR2,EGFR,0,Sheet1,B869
TLR2,Hypoxia,0,Sheet1,C869
TLR2,JAK.STAT,0,Sheet1,D869
TLR2,MAPK,0,Sheet1,E869
TLR2,NFkB,5.4142199760415579,Sheet1,F869
TLR2,PI3K,0,Sheet1,G869
TLR2,TGFb,0,Sheet1,H869
TLR2,TNFa,7.039357768205023,Sheet1,I869
TLR2,Trail,0,Sheet1,J869
TLR2,VEGF,0,Sheet1,K869
TLR2,p53,0,Sheet1,L869
TMCC3,EGFR,0,Sheet1,B870
TMCC3,Hypoxia,0,Sheet1,C870
TMCC3,JAK.STAT,0,Sheet1,D870
TMCC3,MAPK,0,Sheet1,E870
TMCC3,NFkB,0,Sheet1,F870
TMCC3,PI3K,0,Sheet1,G870
TMCC3,TGFb,0,Sheet1,H870
TMCC3,TNFa,0,Sheet1,I870
TMCC3,Trail,0,Sheet1,J870
TMCC3,VEGF,7.2719939187563218,Sheet1,K870
TMCC3,p53,0,Sheet1,L870
TMEM140,EGFR,0,Sheet1,B871
TMEM140,Hypoxia,0,Sheet1,C871
TMEM140,JAK.STAT,5.1071410440912324,Sheet1,D871
TMEM140,MAPK,0,Sheet1,E871
TMEM140,NFkB,0,Sheet1,F871
TMEM140,PI3K,0,Sheet1,G871
TMEM140,TGFb,0,Sheet1,H871
TMEM140,TNFa,0,Sheet1,I871
TMEM140,Trail,0,Sheet1,J871
TMEM140,VEGF,0,Sheet1,K871
TMEM140,p53,0,Sheet1,L871
TMEM217,EGFR,0,Sheet1,B872
TMEM217,Hypoxia,0,Sheet1,C872
TMEM217,JAK.STAT,0,Sheet1,D872
TMEM217,MAPK,0,Sheet1,E872
TMEM217,NFkB,3.3538132596283843,Sheet1,F872
TMEM217,PI3K,0,Sheet1,G872
TMEM217,TGFb,0,Sheet1,H872
TMEM217,TNFa,4.0381506796013431,Sheet1,I872
TMEM217,Trail,0,Sheet1,J872
TMEM217,VEGF,0,Sheet1,K872
TMEM217,p53,0,Sheet1,L872
TMEM259,EGFR,0,Sheet1,B873
TMEM259,Hypoxia,0,Sheet1,C873
TMEM259,JAK.STAT,0,Sheet1,D873
TMEM259,MAPK,0,Sheet1,E873
TMEM259,NFkB,0,Sheet1,F873
TMEM259,PI3K,0,Sheet1,G873
TMEM259,TGFb,0,Sheet1,H873
TMEM259,TNFa,0,Sheet1,I873
TMEM259,Trail,-1.4901164662989912,Sheet1,J873
TMEM259,VEGF,0,Sheet1,K873
TMEM259,p53,0,Sheet1,L873
TMEM27,EGFR,0,Sheet1,B874
TMEM27,Hypoxia,0,Sheet1,C874
TMEM27,JAK.STAT,0,Sheet1,D874
TMEM27,MAPK,0,Sheet1,E874
TMEM27,NFkB,0,Sheet1,F874
TMEM27,PI3K,0,Sheet1,G874
TMEM27,TGFb,0,Sheet1,H874
TMEM27,TNFa,0,Sheet1,I874
TMEM27,Trail,0,Sheet1,J874
TMEM27,VEGF,0,Sheet1,K874
TMEM27,p53,6.8293410764146598,Sheet1,L874
TMEM42,EGFR,0,Sheet1,B875
TMEM42,Hypoxia,0,Sheet1,C875
TMEM42,JAK.STAT,0,Sheet1,D875
TMEM42,MAPK,0,Sheet1,E875
TMEM42,NFkB,0,Sheet1,F875
TMEM42,PI3K,-7.9893267478152774,Sheet1,G875
TMEM42,TGFb,0,Sheet1,H875
TMEM42,TNFa,0,Sheet1,I875
TMEM42,Trail,0,Sheet1,J875
TMEM42,VEGF,0,Sheet1,K875
TMEM42,p53,0,Sheet1,L875
TMEM45A,EGFR,0,Sheet1,B876
TMEM45A,Hypoxia,17.876800156522481,Sheet1,C876
TMEM45A,JAK.STAT,0,Sheet1,D876
TMEM45A,MAPK,0,Sheet1,E876
TMEM45A,NFkB,0,Sheet1,F876
TMEM45A,PI3K,0,Sheet1,G876
TMEM45A,TGFb,0,Sheet1,H876
TMEM45A,TNFa,0,Sheet1,I876
TMEM45A,Trail,0,Sheet1,J876
TMEM45A,VEGF,0,Sheet1,K876
TMEM45A,p53,0,Sheet1,L876
TMEM59,EGFR,-1.864066426580397,Sheet1,B877
TMEM59,Hypoxia,0,Sheet1,C877
TMEM59,JAK.STAT,0,Sheet1,D877
TMEM59,MAPK,-2.2642729625846458,Sheet1,E877
TMEM59,NFkB,0,Sheet1,F877
TMEM59,PI3K,0,Sheet1,G877
TMEM59,TGFb,0,Sheet1,H877
TMEM59,TNFa,0,Sheet1,I877
TMEM59,Trail,0,Sheet1,J877
TMEM59,VEGF,0,Sheet1,K877
TMEM59,p53,0,Sheet1,L877
TMEM62,EGFR,0,Sheet1,B878
TMEM62,Hypoxia,0,Sheet1,C878
TMEM62,JAK.STAT,2.3069352990793845,Sheet1,D878
TMEM62,MAPK,0,Sheet1,E878
TMEM62,NFkB,0,Sheet1,F878
TMEM62,PI3K,0,Sheet1,G878
TMEM62,TGFb,0,Sheet1,H878
TMEM62,TNFa,0,Sheet1,I878
TMEM62,Trail,0,Sheet1,J878
TMEM62,VEGF,0,Sheet1,K878
TMEM62,p53,0,Sheet1,L878
TMEM63B,EGFR,0,Sheet1,B879
TMEM63B,Hypoxia,0,Sheet1,C879
TMEM63B,JAK.STAT,0,Sheet1,D879
TMEM63B,MAPK,0,Sheet1,E879
TMEM63B,NFkB,0,Sheet1,F879
TMEM63B,PI3K,0,Sheet1,G879
TMEM63B,TGFb,0,Sheet1,H879
TMEM63B,TNFa,0,Sheet1,I879
TMEM63B,Trail,0,Sheet1,J879
TMEM63B,VEGF,0,Sheet1,K879
TMEM63B,p53,4.807352226655814,Sheet1,L879
TMEM74,EGFR,0,Sheet1,B880
TMEM74,Hypoxia,0,Sheet1,C880
TMEM74,JAK.STAT,0,Sheet1,D880
TMEM74,MAPK,0,Sheet1,E880
TMEM74,NFkB,0,Sheet1,F880
TMEM74,PI3K,0,Sheet1,G880
TMEM74,TGFb,0,Sheet1,H880
TMEM74,TNFa,0,Sheet1,I880
TMEM74,Trail,1.2320647918632199,Sheet1,J880
TMEM74,VEGF,0,Sheet1,K880
TMEM74,p53,0,Sheet1,L880
TMUB2,EGFR,0,Sheet1,B881
TMUB2,Hypoxia,0,Sheet1,C881
TMUB2,JAK.STAT,0,Sheet1,D881
TMUB2,MAPK,-1.6738161798694724,Sheet1,E881
TMUB2,NFkB,0,Sheet1,F881
TMUB2,PI3K,0,Sheet1,G881
TMUB2,TGFb,0,Sheet1,H881
TMUB2,TNFa,0,Sheet1,I881
TMUB2,Trail,0,Sheet1,J881
TMUB2,VEGF,0,Sheet1,K881
TMUB2,p53,0,Sheet1,L881
TMX2,EGFR,0,Sheet1,B882
TMX2,Hypoxia,-3.6979440175759075,Sheet1,C882
TMX2,JAK.STAT,0,Sheet1,D882
TMX2,MAPK,0,Sheet1,E882
TMX2,NFkB,0,Sheet1,F882
TMX2,PI3K,0,Sheet1,G882
TMX2,TGFb,0,Sheet1,H882
TMX2,TNFa,0,Sheet1,I882
TMX2,Trail,0,Sheet1,J882
TMX2,VEGF,0,Sheet1,K882
TMX2,p53,0,Sheet1,L882
TNF,EGFR,0,Sheet1,B883
TNF,Hypoxia,0,Sheet1,C883
TNF,JAK.STAT,0,Sheet1,D883
TNF,MAPK,0,Sheet1,E883
TNF,NFkB,18.639262059640444,Sheet1,F883
TNF,PI3K,0,Sheet1,G883
TNF,TGFb,0,Sheet1,H883
TNF,TNFa,0,Sheet1,I883
TNF,Trail,0,Sheet1,J883
TNF,VEGF,0,Sheet1,K883
TNF,p53,0,Sheet1,L883
TNFAIP1,EGFR,0,Sheet1,B884
TNFAIP1,Hypoxia,0,Sheet1,C884
TNFAIP1,JAK.STAT,0,Sheet1,D884
TNFAIP1,MAPK,0,Sheet1,E884
TNFAIP1,NFkB,0,Sheet1,F884
TNFAIP1,PI3K,0,Sheet1,G884
TNFAIP1,TGFb,0,Sheet1,H884
TNFAIP1,TNFa,2.77854938464495,Sheet1,I884
TNFAIP1,Trail,0,Sheet1,J884
TNFAIP1,VEGF,0,Sheet1,K884
TNFAIP1,p53,0,Sheet1,L884
TNFAIP2,EGFR,0,Sheet1,B885
TNFAIP2,Hypoxia,0,Sheet1,C885
TNFAIP2,JAK.STAT,0,Sheet1,D885
TNFAIP2,MAPK,0,Sheet1,E885
TNFAIP2,NFkB,10.910807391853327,Sheet1,F885
TNFAIP2,PI3K,0,Sheet1,G885
TNFAIP2,TGFb,0,Sheet1,H885
TNFAIP2,TNFa,12.213726703415444,Sheet1,I885
TNFAIP2,Trail,0,Sheet1,J885
TNFAIP2,VEGF,0,Sheet1,K885
TNFAIP2,p53,0,Sheet1,L885
TNFAIP3,EGFR,0,Sheet1,B886
TNFAIP3,Hypoxia,0,Sheet1,C886
TNFAIP3,JAK.STAT,0,Sheet1,D886
TNFAIP3,MAPK,0,Sheet1,E886
TNFAIP3,NFkB,28.373752313465076,Sheet1,F886
TNFAIP3,PI3K,0,Sheet1,G886
TNFAIP3,TGFb,0,Sheet1,H886
TNFAIP3,TNFa,35.400717551478067,Sheet1,I886
TNFAIP3,Trail,0,Sheet1,J886
TNFAIP3,VEGF,0,Sheet1,K886
TNFAIP3,p53,0,Sheet1,L886
TNFAIP6,EGFR,0,Sheet1,B887
TNFAIP6,Hypoxia,0,Sheet1,C887
TNFAIP6,JAK.STAT,0,Sheet1,D887
TNFAIP6,MAPK,0,Sheet1,E887
TNFAIP6,NFkB,19.182263460877042,Sheet1,F887
TNFAIP6,PI3K,0,Sheet1,G887
TNFAIP6,TGFb,0,Sheet1,H887
TNFAIP6,TNFa,0,Sheet1,I887
TNFAIP6,Trail,0,Sheet1,J887
TNFAIP6,VEGF,0,Sheet1,K887
TNFAIP6,p53,0,Sheet1,L887
TNFAIP8,EGFR,0,Sheet1,B888
TNFAIP8,Hypoxia,0,Sheet1,C888
TNFAIP8,JAK.STAT,0,Sheet1,D888
TNFAIP8,MAPK,0,Sheet1,E888
TNFAIP8,NFkB,4.93682380456133,Sheet1,F888
TNFAIP8,PI3K,0,Sheet1,G888
TNFAIP8,TGFb,0,Sheet1,H888
TNFAIP8,TNFa,0,Sheet1,I888
TNFAIP8,Trail,0,Sheet1,J888
TNFAIP8,VEGF,0,Sheet1,K888
TNFAIP8,p53,0,Sheet1,L888
TNFRSF10A,EGFR,0,Sheet1,B889
TNFRSF10A,Hypoxia,0,Sheet1,C889
TNFRSF10A,JAK.STAT,0,Sheet1,D889
TNFRSF10A,MAPK,5.1730443268646376,Sheet1,E889
TNFRSF10A,NFkB,0,Sheet1,F889
TNFRSF10A,PI3K,0,Sheet1,G889
TNFRSF10A,TGFb,0,Sheet1,H889
TNFRSF10A,TNFa,0,Sheet1,I889
TNFRSF10A,Trail,0,Sheet1,J889
TNFRSF10A,VEGF,0,Sheet1,K889
TNFRSF10A,p53,0,Sheet1,L889
TNFRSF10B,EGFR,0,Sheet1,B890
TNFRSF10B,Hypoxia,0,Sheet1,C890
TNFRSF10B,JAK.STAT,0,Sheet1,D890
TNFRSF10B,MAPK,0,Sheet1,E890
TNFRSF10B,NFkB,0,Sheet1,F890
TNFRSF10B,PI3K,0,Sheet1,G890
TNFRSF10B,TGFb,0,Sheet1,H890
TNFRSF10B,TNFa,0,Sheet1,I890
TNFRSF10B,Trail,0,Sheet1,J890
TNFRSF10B,VEGF,0,Sheet1,K890
TNFRSF10B,p53,6.0094593884702947,Sheet1,L890
TNFRSF9,EGFR,0,Sheet1,B891
TNFRSF9,Hypoxia,0,Sheet1,C891
TNFRSF9,JAK.STAT,0,Sheet1,D891
TNFRSF9,MAPK,0,Sheet1,E891
TNFRSF9,NFkB,5.9960590481304576,Sheet1,F891
TNFRSF9,PI3K,0,Sheet1,G891
TNFRSF9,TGFb,0,Sheet1,H891
TNFRSF9,TNFa,0,Sheet1,I891
TNFRSF9,Trail,0,Sheet1,J891
TNFRSF9,VEGF,0,Sheet1,K891
TNFRSF9,p53,0,Sheet1,L891
TNFSF15,EGFR,0,Sheet1,B892
TNFSF15,Hypoxia,0,Sheet1,C892
TNFSF15,JAK.STAT,0,Sheet1,D892
TNFSF15,MAPK,0,Sheet1,E892
TNFSF15,NFkB,6.2458472754468763,Sheet1,F892
TNFSF15,PI3K,0,Sheet1,G892
TNFSF15,TGFb,0,Sheet1,H892
TNFSF15,TNFa,0,Sheet1,I892
TNFSF15,Trail,0,Sheet1,J892
TNFSF15,VEGF,0,Sheet1,K892
TNFSF15,p53,0,Sheet1,L892
TNFSF4,EGFR,0,Sheet1,B893
TNFSF4,Hypoxia,0,Sheet1,C893
TNFSF4,JAK.STAT,0,Sheet1,D893
TNFSF4,MAPK,0,Sheet1,E893
TNFSF4,NFkB,0,Sheet1,F893
TNFSF4,PI3K,0,Sheet1,G893
TNFSF4,TGFb,5.5038930352369322,Sheet1,H893
TNFSF4,TNFa,0,Sheet1,I893
TNFSF4,Trail,0,Sheet1,J893
TNFSF4,VEGF,0,Sheet1,K893
TNFSF4,p53,0,Sheet1,L893
TNIP1,EGFR,0,Sheet1,B894
TNIP1,Hypoxia,0,Sheet1,C894
TNIP1,JAK.STAT,0,Sheet1,D894
TNIP1,MAPK,0,Sheet1,E894
TNIP1,NFkB,6.1347266766219768,Sheet1,F894
TNIP1,PI3K,0,Sheet1,G894
TNIP1,TGFb,0,Sheet1,H894
TNIP1,TNFa,6.4295944344625378,Sheet1,I894
TNIP1,Trail,0,Sheet1,J894
TNIP1,VEGF,0,Sheet1,K894
TNIP1,p53,0,Sheet1,L894
TNIP2,EGFR,0,Sheet1,B895
TNIP2,Hypoxia,0,Sheet1,C895
TNIP2,JAK.STAT,0,Sheet1,D895
TNIP2,MAPK,0,Sheet1,E895
TNIP2,NFkB,3.3107273514982913,Sheet1,F895
TNIP2,PI3K,0,Sheet1,G895
TNIP2,TGFb,0,Sheet1,H895
TNIP2,TNFa,3.3942899778951263,Sheet1,I895
TNIP2,Trail,0,Sheet1,J895
TNIP2,VEGF,0,Sheet1,K895
TNIP2,p53,0,Sheet1,L895
TNIP3,EGFR,0,Sheet1,B896
TNIP3,Hypoxia,0,Sheet1,C896
TNIP3,JAK.STAT,0,Sheet1,D896
TNIP3,MAPK,0,Sheet1,E896
TNIP3,NFkB,8.2593409382570631,Sheet1,F896
TNIP3,PI3K,0,Sheet1,G896
TNIP3,TGFb,0,Sheet1,H896
TNIP3,TNFa,0,Sheet1,I896
TNIP3,Trail,0,Sheet1,J896
TNIP3,VEGF,0,Sheet1,K896
TNIP3,p53,0,Sheet1,L896
TNNI3,EGFR,0,Sheet1,B897
TNNI3,Hypoxia,0,Sheet1,C897
TNNI3,JAK.STAT,0,Sheet1,D897
TNNI3,MAPK,0,Sheet1,E897
TNNI3,NFkB,0,Sheet1,F897
TNNI3,PI3K,-3.6721944215671916,Sheet1,G897
TNNI3,TGFb,0,Sheet1,H897
TNNI3,TNFa,0,Sheet1,I897
TNNI3,Trail,0,Sheet1,J897
TNNI3,VEGF,0,Sheet1,K897
TNNI3,p53,0,Sheet1,L897
TNS3,EGFR,0,Sheet1,B898
TNS3,Hypoxia,0,Sheet1,C898
TNS3,JAK.STAT,0,Sheet1,D898
TNS3,MAPK,-2.7264638130598553,Sheet1,E898
TNS3,NFkB,0,Sheet1,F898
TNS3,PI3K,0,Sheet1,G898
TNS3,TGFb,0,Sheet1,H898
TNS3,TNFa,0,Sheet1,I898
TNS3,Trail,0,Sheet1,J898
TNS3,VEGF,0,Sheet1,K898
TNS3,p53,0,Sheet1,L898
TOP1,EGFR,0,Sheet1,B899
TOP1,Hypoxia,0,Sheet1,C899
TOP1,JAK.STAT,0,Sheet1,D899
TOP1,MAPK,3.6334088008458671,Sheet1,E899
TOP1,NFkB,0,Sheet1,F899
TOP1,PI3K,0,Sheet1,G899
TOP1,TGFb,0,Sheet1,H899
TOP1,TNFa,0,Sheet1,I899
TOP1,Trail,0,Sheet1,J899
TOP1,VEGF,0,Sheet1,K899
TOP1,p53,0,Sheet1,L899
TP53I3,EGFR,0,Sheet1,B900
TP53I3,Hypoxia,0,Sheet1,C900
TP53I3,JAK.STAT,0,Sheet1,D900
TP53I3,MAPK,0,Sheet1,E900
TP53I3,NFkB,0,Sheet1,F900
TP53I3,PI3K,0,Sheet1,G900
TP53I3,TGFb,0,Sheet1,H900
TP53I3,TNFa,0,Sheet1,I900
TP53I3,Trail,0,Sheet1,J900
TP53I3,VEGF,0,Sheet1,K900
TP53I3,p53,18.261147329238344,Sheet1,L900
TP53INP1,EGFR,0,Sheet1,B901
TP53INP1,Hypoxia,0,Sheet1,C901
TP53INP1,JAK.STAT,0,Sheet1,D901
TP53INP1,MAPK,0,Sheet1,E901
TP53INP1,NFkB,0,Sheet1,F901
TP53INP1,PI3K,0,Sheet1,G901
TP53INP1,TGFb,0,Sheet1,H901
TP53INP1,TNFa,0,Sheet1,I901
TP53INP1,Trail,0,Sheet1,J901
TP53INP1,VEGF,0,Sheet1,K901
TP53INP1,p53,8.6583822631222809,Sheet1,L901
TPM1,EGFR,0,Sheet1,B902
TPM1,Hypoxia,0,Sheet1,C902
TPM1,JAK.STAT,0,Sheet1,D902
TPM1,MAPK,0,Sheet1,E902
TPM1,NFkB,0,Sheet1,F902
TPM1,PI3K,0,Sheet1,G902
TPM1,TGFb,4.595360809462762,Sheet1,H902
TPM1,TNFa,0,Sheet1,I902
TPM1,Trail,0,Sheet1,J902
TPM1,VEGF,0,Sheet1,K902
TPM1,p53,0,Sheet1,L902
TPPP,EGFR,0,Sheet1,B903
TPPP,Hypoxia,0,Sheet1,C903
TPPP,JAK.STAT,0,Sheet1,D903
TPPP,MAPK,0,Sheet1,E903
TPPP,NFkB,0,Sheet1,F903
TPPP,PI3K,-2.5431181614359892,Sheet1,G903
TPPP,TGFb,0,Sheet1,H903
TPPP,TNFa,0,Sheet1,I903
TPPP,Trail,0,Sheet1,J903
TPPP,VEGF,0,Sheet1,K903
TPPP,p53,0,Sheet1,L903
TRAF1,EGFR,0,Sheet1,B904
TRAF1,Hypoxia,0,Sheet1,C904
TRAF1,JAK.STAT,0,Sheet1,D904
TRAF1,MAPK,0,Sheet1,E904
TRAF1,NFkB,10.335576602944473,Sheet1,F904
TRAF1,PI3K,0,Sheet1,G904
TRAF1,TGFb,0,Sheet1,H904
TRAF1,TNFa,9.3960011951103439,Sheet1,I904
TRAF1,Trail,0,Sheet1,J904
TRAF1,VEGF,0,Sheet1,K904
TRAF1,p53,0,Sheet1,L904
TRANK1,EGFR,0,Sheet1,B905
TRANK1,Hypoxia,0,Sheet1,C905
TRANK1,JAK.STAT,3.5888746849196402,Sheet1,D905
TRANK1,MAPK,0,Sheet1,E905
TRANK1,NFkB,0,Sheet1,F905
TRANK1,PI3K,0,Sheet1,G905
TRANK1,TGFb,0,Sheet1,H905
TRANK1,TNFa,0,Sheet1,I905
TRANK1,Trail,0,Sheet1,J905
TRANK1,VEGF,0,Sheet1,K905
TRANK1,p53,0,Sheet1,L905
TRH,EGFR,0.77196466138076547,Sheet1,B906
TRH,Hypoxia,0,Sheet1,C906
TRH,JAK.STAT,0,Sheet1,D906
TRH,MAPK,0,Sheet1,E906
TRH,NFkB,0,Sheet1,F906
TRH,PI3K,0,Sheet1,G906
TRH,TGFb,0,Sheet1,H906
TRH,TNFa,0,Sheet1,I906
TRH,Trail,0,Sheet1,J906
TRH,VEGF,0,Sheet1,K906
TRH,p53,0,Sheet1,L906
TRIAP1,EGFR,0,Sheet1,B907
TRIAP1,Hypoxia,0,Sheet1,C907
TRIAP1,JAK.STAT,0,Sheet1,D907
TRIAP1,MAPK,0,Sheet1,E907
TRIAP1,NFkB,0,Sheet1,F907
TRIAP1,PI3K,0,Sheet1,G907
TRIAP1,TGFb,0,Sheet1,H907
TRIAP1,TNFa,0,Sheet1,I907
TRIAP1,Trail,0,Sheet1,J907
TRIAP1,VEGF,0,Sheet1,K907
TRIAP1,p53,6.4227889821899637,Sheet1,L907
TRIB1,EGFR,3.9177943832768052,Sheet1,B908
TRIB1,Hypoxia,0,Sheet1,C908
TRIB1,JAK.STAT,0,Sheet1,D908
TRIB1,MAPK,4.1829430716292011,Sheet1,E908
TRIB1,NFkB,0,Sheet1,F908
TRIB1,PI3K,0,Sheet1,G908
TRIB1,TGFb,0,Sheet1,H908
TRIB1,TNFa,0,Sheet1,I908
TRIB1,Trail,0,Sheet1,J908
TRIB1,VEGF,0,Sheet1,K908
TRIB1,p53,0,Sheet1,L908
TRIM14,EGFR,0,Sheet1,B909
TRIM14,Hypoxia,0,Sheet1,C909
TRIM14,JAK.STAT,3.0379588513996647,Sheet1,D909
TRIM14,MAPK,0,Sheet1,E909
TRIM14,NFkB,0,Sheet1,F909
TRIM14,PI3K,0,Sheet1,G909
TRIM14,TGFb,0,Sheet1,H909
TRIM14,TNFa,0,Sheet1,I909
TRIM14,Trail,0,Sheet1,J909
TRIM14,VEGF,0,Sheet1,K909
TRIM14,p53,0,Sheet1,L909
TRIM21,EGFR,0,Sheet1,B910
TRIM21,Hypoxia,0,Sheet1,C910
TRIM21,JAK.STAT,6.6741881171753219,Sheet1,D910
TRIM21,MAPK,0,Sheet1,E910
TRIM21,NFkB,0,Sheet1,F910
TRIM21,PI3K,0,Sheet1,G910
TRIM21,TGFb,0,Sheet1,H910
TRIM21,TNFa,0,Sheet1,I910
TRIM21,Trail,0,Sheet1,J910
TRIM21,VEGF,0,Sheet1,K910
TRIM21,p53,0,Sheet1,L910
TRIM22,EGFR,0,Sheet1,B911
TRIM22,Hypoxia,0,Sheet1,C911
TRIM22,JAK.STAT,10.567457497191381,Sheet1,D911
TRIM22,MAPK,0,Sheet1,E911
TRIM22,NFkB,0,Sheet1,F911
TRIM22,PI3K,0,Sheet1,G911
TRIM22,TGFb,0,Sheet1,H911
TRIM22,TNFa,0,Sheet1,I911
TRIM22,Trail,0,Sheet1,J911
TRIM22,VEGF,0,Sheet1,K911
TRIM22,p53,0,Sheet1,L911
TRIM25,EGFR,0,Sheet1,B912
TRIM25,Hypoxia,0,Sheet1,C912
TRIM25,JAK.STAT,3.4141309207242134,Sheet1,D912
TRIM25,MAPK,0,Sheet1,E912
TRIM25,NFkB,0,Sheet1,F912
TRIM25,PI3K,0,Sheet1,G912
TRIM25,TGFb,0,Sheet1,H912
TRIM25,TNFa,0,Sheet1,I912
TRIM25,Trail,0,Sheet1,J912
TRIM25,VEGF,0,Sheet1,K912
TRIM25,p53,0,Sheet1,L912
TRIM38,EGFR,0,Sheet1,B913
TRIM38,Hypoxia,0,Sheet1,C913
TRIM38,JAK.STAT,3.4927261463022377,Sheet1,D913
TRIM38,MAPK,0,Sheet1,E913
TRIM38,NFkB,0,Sheet1,F913
TRIM38,PI3K,0,Sheet1,G913
TRIM38,TGFb,0,Sheet1,H913
TRIM38,TNFa,0,Sheet1,I913
TRIM38,Trail,0,Sheet1,J913
TRIM38,VEGF,0,Sheet1,K913
TRIM38,p53,0,Sheet1,L913
TRIM47,EGFR,0,Sheet1,B914
TRIM47,Hypoxia,0,Sheet1,C914
TRIM47,JAK.STAT,0,Sheet1,D914
TRIM47,MAPK,0,Sheet1,E914
TRIM47,NFkB,0,Sheet1,F914
TRIM47,PI3K,0,Sheet1,G914
TRIM47,TGFb,0,Sheet1,H914
TRIM47,TNFa,5.244304088277187,Sheet1,I914
TRIM47,Trail,0,Sheet1,J914
TRIM47,VEGF,0,Sheet1,K914
TRIM47,p53,0,Sheet1,L914
TRIM5,EGFR,0,Sheet1,B915
TRIM5,Hypoxia,0,Sheet1,C915
TRIM5,JAK.STAT,3.4234903429741017,Sheet1,D915
TRIM5,MAPK,0,Sheet1,E915
TRIM5,NFkB,0,Sheet1,F915
TRIM5,PI3K,0,Sheet1,G915
TRIM5,TGFb,0,Sheet1,H915
TRIM5,TNFa,0,Sheet1,I915
TRIM5,Trail,0,Sheet1,J915
TRIM5,VEGF,0,Sheet1,K915
TRIM5,p53,0,Sheet1,L915
TRIM52,EGFR,-2.0121603319072139,Sheet1,B916
TRIM52,Hypoxia,0,Sheet1,C916
TRIM52,JAK.STAT,0,Sheet1,D916
TRIM52,MAPK,-2.201190386908435,Sheet1,E916
TRIM52,NFkB,0,Sheet1,F916
TRIM52,PI3K,0,Sheet1,G916
TRIM52,TGFb,0,Sheet1,H916
TRIM52,TNFa,0,Sheet1,I916
TRIM52,Trail,0,Sheet1,J916
TRIM52,VEGF,0,Sheet1,K916
TRIM52,p53,0,Sheet1,L916
TRIM63,EGFR,0,Sheet1,B917
TRIM63,Hypoxia,0,Sheet1,C917
TRIM63,JAK.STAT,0,Sheet1,D917
TRIM63,MAPK,0,Sheet1,E917
TRIM63,NFkB,0,Sheet1,F917
TRIM63,PI3K,-5.528597674095491,Sheet1,G917
TRIM63,TGFb,0,Sheet1,H917
TRIM63,TNFa,0,Sheet1,I917
TRIM63,Trail,0,Sheet1,J917
TRIM63,VEGF,0,Sheet1,K917
TRIM63,p53,0,Sheet1,L917
TRIM72,EGFR,0,Sheet1,B918
TRIM72,Hypoxia,0,Sheet1,C918
TRIM72,JAK.STAT,0,Sheet1,D918
TRIM72,MAPK,0,Sheet1,E918
TRIM72,NFkB,0,Sheet1,F918
TRIM72,PI3K,0,Sheet1,G918
TRIM72,TGFb,0,Sheet1,H918
TRIM72,TNFa,0,Sheet1,I918
TRIM72,Trail,1.5866385550003113,Sheet1,J918
TRIM72,VEGF,0,Sheet1,K918
TRIM72,p53,0,Sheet1,L918
TRIP10,EGFR,0,Sheet1,B919
TRIP10,Hypoxia,0,Sheet1,C919
TRIP10,JAK.STAT,0,Sheet1,D919
TRIP10,MAPK,0,Sheet1,E919
TRIP10,NFkB,4.1675617488263947,Sheet1,F919
TRIP10,PI3K,0,Sheet1,G919
TRIP10,TGFb,0,Sheet1,H919
TRIP10,TNFa,0,Sheet1,I919
TRIP10,Trail,0,Sheet1,J919
TRIP10,VEGF,0,Sheet1,K919
TRIP10,p53,0,Sheet1,L919
TSNARE1,EGFR,0,Sheet1,B920
TSNARE1,Hypoxia,0,Sheet1,C920
TSNARE1,JAK.STAT,0,Sheet1,D920
TSNARE1,MAPK,0,Sheet1,E920
TSNARE1,NFkB,0,Sheet1,F920
TSNARE1,PI3K,-2.4315033012720155,Sheet1,G920
TSNARE1,TGFb,0,Sheet1,H920
TSNARE1,TNFa,0,Sheet1,I920
TSNARE1,Trail,0,Sheet1,J920
TSNARE1,VEGF,0,Sheet1,K920
TSNARE1,p53,0,Sheet1,L920
TSPAN2,EGFR,0,Sheet1,B921
TSPAN2,Hypoxia,0,Sheet1,C921
TSPAN2,JAK.STAT,0,Sheet1,D921
TSPAN2,MAPK,0,Sheet1,E921
TSPAN2,NFkB,0,Sheet1,F921
TSPAN2,PI3K,0,Sheet1,G921
TSPAN2,TGFb,5.5023261158259062,Sheet1,H921
TSPAN2,TNFa,0,Sheet1,I921
TSPAN2,Trail,0,Sheet1,J921
TSPAN2,VEGF,0,Sheet1,K921
TSPAN2,p53,0,Sheet1,L921
TTC12,EGFR,0,Sheet1,B922
TTC12,Hypoxia,0,Sheet1,C922
TTC12,JAK.STAT,0,Sheet1,D922
TTC12,MAPK,0,Sheet1,E922
TTC12,NFkB,0,Sheet1,F922
TTC12,PI3K,-3.1848730433459171,Sheet1,G922
TTC12,TGFb,0,Sheet1,H922
TTC12,TNFa,0,Sheet1,I922
TTC12,Trail,0,Sheet1,J922
TTC12,VEGF,0,Sheet1,K922
TTC12,p53,0,Sheet1,L922
TTC28,EGFR,0,Sheet1,B923
TTC28,Hypoxia,0,Sheet1,C923
TTC28,JAK.STAT,0,Sheet1,D923
TTC28,MAPK,0,Sheet1,E923
TTC28,NFkB,0,Sheet1,F923
TTC28,PI3K,0,Sheet1,G923
TTC28,TGFb,0,Sheet1,H923
TTC28,TNFa,0,Sheet1,I923
TTC28,Trail,0,Sheet1,J923
TTC28,VEGF,-2.0738964217548781,Sheet1,K923
TTC28,p53,0,Sheet1,L923
TTC33,EGFR,-1.3844089815723284,Sheet1,B924
TTC33,Hypoxia,0,Sheet1,C924
TTC33,JAK.STAT,0,Sheet1,D924
TTC33,MAPK,0,Sheet1,E924
TTC33,NFkB,0,Sheet1,F924
TTC33,PI3K,0,Sheet1,G924
TTC33,TGFb,0,Sheet1,H924
TTC33,TNFa,0,Sheet1,I924
TTC33,Trail,0,Sheet1,J924
TTC33,VEGF,0,Sheet1,K924
TTC33,p53,0,Sheet1,L924
TUBB4B,EGFR,4.0845102076362494,Sheet1,B925
TUBB4B,Hypoxia,0,Sheet1,C925
TUBB4B,JAK.STAT,0,Sheet1,D925
TUBB4B,MAPK,0,Sheet1,E925
TUBB4B,NFkB,0,Sheet1,F925
TUBB4B,PI3K,0,Sheet1,G925
TUBB4B,TGFb,0,Sheet1,H925
TUBB4B,TNFa,0,Sheet1,I925
TUBB4B,Trail,0,Sheet1,J925
TUBB4B,VEGF,0,Sheet1,K925
TUBB4B,p53,0,Sheet1,L925
TUBB7P,EGFR,0.99687917023145323,Sheet1,B926
TUBB7P,Hypoxia,0,Sheet1,C926
TUBB7P,JAK.STAT,0,Sheet1,D926
TUBB7P,MAPK,0,Sheet1,E926
TUBB7P,NFkB,0,Sheet1,F926
TUBB7P,PI3K,0,Sheet1,G926
TUBB7P,TGFb,0,Sheet1,H926
TUBB7P,TNFa,0,Sheet1,I926
TUBB7P,Trail,0,Sheet1,J926
TUBB7P,VEGF,0,Sheet1,K926
TUBB7P,p53,0,Sheet1,L926
TUFT1,EGFR,0,Sheet1,B927
TUFT1,Hypoxia,0,Sheet1,C927
TUFT1,JAK.STAT,0,Sheet1,D927
TUFT1,MAPK,0,Sheet1,E927
TUFT1,NFkB,0,Sheet1,F927
TUFT1,PI3K,0,Sheet1,G927
TUFT1,TGFb,6.0109912971859076,Sheet1,H927
TUFT1,TNFa,0,Sheet1,I927
TUFT1,Trail,0,Sheet1,J927
TUFT1,VEGF,0,Sheet1,K927
TUFT1,p53,0,Sheet1,L927
TYMP,EGFR,0,Sheet1,B928
TYMP,Hypoxia,0,Sheet1,C928
TYMP,JAK.STAT,0,Sheet1,D928
TYMP,MAPK,0,Sheet1,E928
TYMP,NFkB,0,Sheet1,F928
TYMP,PI3K,0,Sheet1,G928
TYMP,TGFb,0,Sheet1,H928
TYMP,TNFa,4.0186251433609472,Sheet1,I928
TYMP,Trail,0,Sheet1,J928
TYMP,VEGF,0,Sheet1,K928
TYMP,p53,0,Sheet1,L928
TYR,EGFR,0,Sheet1,B929
TYR,Hypoxia,0,Sheet1,C929
TYR,JAK.STAT,0,Sheet1,D929
TYR,MAPK,0,Sheet1,E929
TYR,NFkB,0,Sheet1,F929
TYR,PI3K,-5.0768540892758329,Sheet1,G929
TYR,TGFb,0,Sheet1,H929
TYR,TNFa,0,Sheet1,I929
TYR,Trail,0,Sheet1,J929
TYR,VEGF,0,Sheet1,K929
TYR,p53,0,Sheet1,L929
UAP1L1,EGFR,0,Sheet1,B930
UAP1L1,Hypoxia,0,Sheet1,C930
UAP1L1,JAK.STAT,0,Sheet1,D930
UAP1L1,MAPK,0,Sheet1,E930
UAP1L1,NFkB,0,Sheet1,F930
UAP1L1,PI3K,0,Sheet1,G930
UAP1L1,TGFb,0,Sheet1,H930
UAP1L1,TNFa,0,Sheet1,I930
UAP1L1,Trail,2.7973723557199803,Sheet1,J930
UAP1L1,VEGF,0,Sheet1,K930
UAP1L1,p53,0,Sheet1,L930
UBA2,EGFR,0,Sheet1,B931
UBA2,Hypoxia,0,Sheet1,C931
UBA2,JAK.STAT,0,Sheet1,D931
UBA2,MAPK,2.0798784879032222,Sheet1,E931
UBA2,NFkB,0,Sheet1,F931
UBA2,PI3K,0,Sheet1,G931
UBA2,TGFb,0,Sheet1,H931
UBA2,TNFa,0,Sheet1,I931
UBA2,Trail,0,Sheet1,J931
UBA2,VEGF,0,Sheet1,K931
UBA2,p53,0,Sheet1,L931
UBALD2,EGFR,0,Sheet1,B932
UBALD2,Hypoxia,0,Sheet1,C932
UBALD2,JAK.STAT,0,Sheet1,D932
UBALD2,MAPK,0,Sheet1,E932
UBALD2,NFkB,0,Sheet1,F932
UBALD2,PI3K,-9.9853774649776987,Sheet1,G932
UBALD2,TGFb,0,Sheet1,H932
UBALD2,TNFa,0,Sheet1,I932
UBALD2,Trail,0,Sheet1,J932
UBALD2,VEGF,0,Sheet1,K932
UBALD2,p53,0,Sheet1,L932
UBASH3B,EGFR,0,Sheet1,B933
UBASH3B,Hypoxia,0,Sheet1,C933
UBASH3B,JAK.STAT,0,Sheet1,D933
UBASH3B,MAPK,4.9676240116528234,Sheet1,E933
UBASH3B,NFkB,0,Sheet1,F933
UBASH3B,PI3K,0,Sheet1,G933
UBASH3B,TGFb,0,Sheet1,H933
UBASH3B,TNFa,0,Sheet1,I933
UBASH3B,Trail,0,Sheet1,J933
UBASH3B,VEGF,0,Sheet1,K933
UBASH3B,p53,0,Sheet1,L933
UBE2L6,EGFR,0,Sheet1,B934
UBE2L6,Hypoxia,0,Sheet1,C934
UBE2L6,JAK.STAT,8.2155851259939219,Sheet1,D934
UBE2L6,MAPK,0,Sheet1,E934
UBE2L6,NFkB,0,Sheet1,F934
UBE2L6,PI3K,0,Sheet1,G934
UBE2L6,TGFb,0,Sheet1,H934
UBE2L6,TNFa,0,Sheet1,I934
UBE2L6,Trail,0,Sheet1,J934
UBE2L6,VEGF,0,Sheet1,K934
UBE2L6,p53,0,Sheet1,L934
UBE2Q2P1,EGFR,0,Sheet1,B935
UBE2Q2P1,Hypoxia,0,Sheet1,C935
UBE2Q2P1,JAK.STAT,0,Sheet1,D935
UBE2Q2P1,MAPK,0,Sheet1,E935
UBE2Q2P1,NFkB,0,Sheet1,F935
UBE2Q2P1,PI3K,0,Sheet1,G935
UBE2Q2P1,TGFb,0,Sheet1,H935
UBE2Q2P1,TNFa,0,Sheet1,I935
UBE2Q2P1,Trail,0,Sheet1,J935
UBE2Q2P1,VEGF,-9.7158353435635121,Sheet1,K935
UBE2Q2P1,p53,0,Sheet1,L935
UBE2Z,EGFR,0,Sheet1,B936
UBE2Z,Hypoxia,0,Sheet1,C936
UBE2Z,JAK.STAT,0,Sheet1,D936
UBE2Z,MAPK,0,Sheet1,E936
UBE2Z,NFkB,2.152932765652571,Sheet1,F936
UBE2Z,PI3K,0,Sheet1,G936
UBE2Z,TGFb,0,Sheet1,H936
UBE2Z,TNFa,2.248799621815309,Sheet1,I936
UBE2Z,Trail,0,Sheet1,J936
UBE2Z,VEGF,0,Sheet1,K936
UBE2Z,p53,0,Sheet1,L936
UNC5B,EGFR,0,Sheet1,B937
UNC5B,Hypoxia,0,Sheet1,C937
UNC5B,JAK.STAT,0,Sheet1,D937
UNC5B,MAPK,0,Sheet1,E937
UNC5B,NFkB,0,Sheet1,F937
UNC5B,PI3K,0,Sheet1,G937
UNC5B,TGFb,3.8338195218086257,Sheet1,H937
UNC5B,TNFa,0,Sheet1,I937
UNC5B,Trail,0,Sheet1,J937
UNC5B,VEGF,0,Sheet1,K937
UNC5B,p53,0,Sheet1,L937
UNC5B-AS1,EGFR,0,Sheet1,B938
UNC5B-AS1,Hypoxia,0,Sheet1,C938
UNC5B-AS1,JAK.STAT,0,Sheet1,D938
UNC5B-AS1,MAPK,0,Sheet1,E938
UNC5B-AS1,NFkB,0,Sheet1,F938
UNC5B-AS1,PI3K,0,Sheet1,G938
UNC5B-AS1,TGFb,0,Sheet1,H938
UNC5B-AS1,TNFa,0,Sheet1,I938
UNC5B-AS1,Trail,0,Sheet1,J938
UNC5B-AS1,VEGF,0,Sheet1,K938
UNC5B-AS1,p53,9.4317689616947291,Sheet1,L938
UNC5D,EGFR,0,Sheet1,B939
UNC5D,Hypoxia,0,Sheet1,C939
UNC5D,JAK.STAT,0,Sheet1,D939
UNC5D,MAPK,0,Sheet1,E939
UNC5D,NFkB,0,Sheet1,F939
UNC5D,PI3K,0,Sheet1,G939
UNC5D,TGFb,0,Sheet1,H939
UNC5D,TNFa,0,Sheet1,I939
UNC5D,Trail,0,Sheet1,J939
UNC5D,VEGF,-2.5394275494386593,Sheet1,K939
UNC5D,p53,0,Sheet1,L939
USP18,EGFR,0,Sheet1,B940
USP18,Hypoxia,0,Sheet1,C940
USP18,JAK.STAT,12.178011752798669,Sheet1,D940
USP18,MAPK,0,Sheet1,E940
USP18,NFkB,0,Sheet1,F940
USP18,PI3K,0,Sheet1,G940
USP18,TGFb,0,Sheet1,H940
USP18,TNFa,0,Sheet1,I940
USP18,Trail,0,Sheet1,J940
USP18,VEGF,0,Sheet1,K940
USP18,p53,0,Sheet1,L940
USP43,EGFR,0,Sheet1,B941
USP43,Hypoxia,0,Sheet1,C941
USP43,JAK.STAT,0,Sheet1,D941
USP43,MAPK,0,Sheet1,E941
USP43,NFkB,0,Sheet1,F941
USP43,PI3K,0,Sheet1,G941
USP43,TGFb,0,Sheet1,H941
USP43,TNFa,3.4492245557244177,Sheet1,I941
USP43,Trail,0,Sheet1,J941
USP43,VEGF,0,Sheet1,K941
USP43,p53,0,Sheet1,L941
UXS1,EGFR,0,Sheet1,B942
UXS1,Hypoxia,0,Sheet1,C942
UXS1,JAK.STAT,0,Sheet1,D942
UXS1,MAPK,0,Sheet1,E942
UXS1,NFkB,0,Sheet1,F942
UXS1,PI3K,0,Sheet1,G942
UXS1,TGFb,0,Sheet1,H942
UXS1,TNFa,4.2349708221978766,Sheet1,I942
UXS1,Trail,0,Sheet1,J942
UXS1,VEGF,0,Sheet1,K942
UXS1,p53,0,Sheet1,L942
VAMP5,EGFR,0,Sheet1,B943
VAMP5,Hypoxia,0,Sheet1,C943
VAMP5,JAK.STAT,0,Sheet1,D943
VAMP5,MAPK,0,Sheet1,E943
VAMP5,NFkB,0,Sheet1,F943
VAMP5,PI3K,-4.3610740034269542,Sheet1,G943
VAMP5,TGFb,0,Sheet1,H943
VAMP5,TNFa,0,Sheet1,I943
VAMP5,Trail,0,Sheet1,J943
VAMP5,VEGF,0,Sheet1,K943
VAMP5,p53,0,Sheet1,L943
VASH2,EGFR,0,Sheet1,B944
VASH2,Hypoxia,0,Sheet1,C944
VASH2,JAK.STAT,0,Sheet1,D944
VASH2,MAPK,0,Sheet1,E944
VASH2,NFkB,0,Sheet1,F944
VASH2,PI3K,0,Sheet1,G944
VASH2,TGFb,0,Sheet1,H944
VASH2,TNFa,0,Sheet1,I944
VASH2,Trail,0,Sheet1,J944
VASH2,VEGF,-3.04376019627761,Sheet1,K944
VASH2,p53,0,Sheet1,L944
VAV3,EGFR,-3.3864850362161092,Sheet1,B945
VAV3,Hypoxia,0,Sheet1,C945
VAV3,JAK.STAT,0,Sheet1,D945
VAV3,MAPK,0,Sheet1,E945
VAV3,NFkB,0,Sheet1,F945
VAV3,PI3K,0,Sheet1,G945
VAV3,TGFb,0,Sheet1,H945
VAV3,TNFa,0,Sheet1,I945
VAV3,Trail,0,Sheet1,J945
VAV3,VEGF,0,Sheet1,K945
VAV3,p53,0,Sheet1,L945
VEGFA,EGFR,0,Sheet1,B946
VEGFA,Hypoxia,10.612898925768754,Sheet1,C946
VEGFA,JAK.STAT,0,Sheet1,D946
VEGFA,MAPK,0,Sheet1,E946
VEGFA,NFkB,0,Sheet1,F946
VEGFA,PI3K,0,Sheet1,G946
VEGFA,TGFb,0,Sheet1,H946
VEGFA,TNFa,0,Sheet1,I946
VEGFA,Trail,0,Sheet1,J946
VEGFA,VEGF,0,Sheet1,K946
VEGFA,p53,0,Sheet1,L946
VHL,EGFR,0,Sheet1,B947
VHL,Hypoxia,0,Sheet1,C947
VHL,JAK.STAT,0,Sheet1,D947
VHL,MAPK,0,Sheet1,E947
VHL,NFkB,0,Sheet1,F947
VHL,PI3K,0,Sheet1,G947
VHL,TGFb,0,Sheet1,H947
VHL,TNFa,0,Sheet1,I947
VHL,Trail,-1.1923081070046433,Sheet1,J947
VHL,VEGF,0,Sheet1,K947
VHL,p53,0,Sheet1,L947
VKORC1,EGFR,0,Sheet1,B948
VKORC1,Hypoxia,5.4194336738570499,Sheet1,C948
VKORC1,JAK.STAT,0,Sheet1,D948
VKORC1,MAPK,0,Sheet1,E948
VKORC1,NFkB,0,Sheet1,F948
VKORC1,PI3K,0,Sheet1,G948
VKORC1,TGFb,0,Sheet1,H948
VKORC1,TNFa,0,Sheet1,I948
VKORC1,Trail,0,Sheet1,J948
VKORC1,VEGF,0,Sheet1,K948
VKORC1,p53,0,Sheet1,L948
VLDLR,EGFR,0,Sheet1,B949
VLDLR,Hypoxia,10.266334142486112,Sheet1,C949
VLDLR,JAK.STAT,0,Sheet1,D949
VLDLR,MAPK,0,Sheet1,E949
VLDLR,NFkB,0,Sheet1,F949
VLDLR,PI3K,0,Sheet1,G949
VLDLR,TGFb,0,Sheet1,H949
VLDLR,TNFa,0,Sheet1,I949
VLDLR,Trail,0,Sheet1,J949
VLDLR,VEGF,0,Sheet1,K949
VLDLR,p53,0,Sheet1,L949
VPREB1,EGFR,0,Sheet1,B950
VPREB1,Hypoxia,0,Sheet1,C950
VPREB1,JAK.STAT,0,Sheet1,D950
VPREB1,MAPK,0,Sheet1,E950
VPREB1,NFkB,0,Sheet1,F950
VPREB1,PI3K,0,Sheet1,G950
VPREB1,TGFb,0,Sheet1,H950
VPREB1,TNFa,0,Sheet1,I950
VPREB1,Trail,0,Sheet1,J950
VPREB1,VEGF,-3.1796901692438966,Sheet1,K950
VPREB1,p53,0,Sheet1,L950
VPREB3,EGFR,0,Sheet1,B951
VPREB3,Hypoxia,0,Sheet1,C951
VPREB3,JAK.STAT,0,Sheet1,D951
VPREB3,MAPK,0,Sheet1,E951
VPREB3,NFkB,0,Sheet1,F951
VPREB3,PI3K,0,Sheet1,G951
VPREB3,TGFb,0,Sheet1,H951
VPREB3,TNFa,0,Sheet1,I951
VPREB3,Trail,0,Sheet1,J951
VPREB3,VEGF,-3.3923379350007634,Sheet1,K951
VPREB3,p53,0,Sheet1,L951
VPS9D1-AS1,EGFR,1.6017470092888213,Sheet1,B952
VPS9D1-AS1,Hypoxia,0,Sheet1,C952
VPS9D1-AS1,JAK.STAT,0,Sheet1,D952
VPS9D1-AS1,MAPK,0,Sheet1,E952
VPS9D1-AS1,NFkB,0,Sheet1,F952
VPS9D1-AS1,PI3K,0,Sheet1,G952
VPS9D1-AS1,TGFb,0,Sheet1,H952
VPS9D1-AS1,TNFa,0,Sheet1,I952
VPS9D1-AS1,Trail,0,Sheet1,J952
VPS9D1-AS1,VEGF,0,Sheet1,K952
VPS9D1-AS1,p53,0,Sheet1,L952
VTRNA1-2,EGFR,0,Sheet1,B953
VTRNA1-2,Hypoxia,0,Sheet1,C953
VTRNA1-2,JAK.STAT,0,Sheet1,D953
VTRNA1-2,MAPK,0,Sheet1,E953
VTRNA1-2,NFkB,0,Sheet1,F953
VTRNA1-2,PI3K,0,Sheet1,G953
VTRNA1-2,TGFb,0,Sheet1,H953
VTRNA1-2,TNFa,0,Sheet1,I953
VTRNA1-2,Trail,0,Sheet1,J953
VTRNA1-2,VEGF,12.314904337734957,Sheet1,K953
VTRNA1-2,p53,0,Sheet1,L953
VWA8,EGFR,0,Sheet1,B954
VWA8,Hypoxia,0,Sheet1,C954
VWA8,JAK.STAT,0,Sheet1,D954
VWA8,MAPK,0,Sheet1,E954
VWA8,NFkB,0,Sheet1,F954
VWA8,PI3K,0,Sheet1,G954
VWA8,TGFb,0,Sheet1,H954
VWA8,TNFa,0,Sheet1,I954
VWA8,Trail,0,Sheet1,J954
VWA8,VEGF,-3.6068043404084924,Sheet1,K954
VWA8,p53,0,Sheet1,L954
WBSCR27,EGFR,0,Sheet1,B955
WBSCR27,Hypoxia,0,Sheet1,C955
WBSCR27,JAK.STAT,0,Sheet1,D955
WBSCR27,MAPK,0,Sheet1,E955
WBSCR27,NFkB,0,Sheet1,F955
WBSCR27,PI3K,-4.5498730551595008,Sheet1,G955
WBSCR27,TGFb,0,Sheet1,H955
WBSCR27,TNFa,0,Sheet1,I955
WBSCR27,Trail,0,Sheet1,J955
WBSCR27,VEGF,0,Sheet1,K955
WBSCR27,p53,0,Sheet1,L955
WDR19,EGFR,-1.4937894240640512,Sheet1,B956
WDR19,Hypoxia,0,Sheet1,C956
WDR19,JAK.STAT,0,Sheet1,D956
WDR19,MAPK,0,Sheet1,E956
WDR19,NFkB,0,Sheet1,F956
WDR19,PI3K,0,Sheet1,G956
WDR19,TGFb,0,Sheet1,H956
WDR19,TNFa,0,Sheet1,I956
WDR19,Trail,0,Sheet1,J956
WDR19,VEGF,0,Sheet1,K956
WDR19,p53,0,Sheet1,L956
WDR3,EGFR,0,Sheet1,B957
WDR3,Hypoxia,0,Sheet1,C957
WDR3,JAK.STAT,0,Sheet1,D957
WDR3,MAPK,2.2991152990385255,Sheet1,E957
WDR3,NFkB,0,Sheet1,F957
WDR3,PI3K,0,Sheet1,G957
WDR3,TGFb,0,Sheet1,H957
WDR3,TNFa,0,Sheet1,I957
WDR3,Trail,0,Sheet1,J957
WDR3,VEGF,0,Sheet1,K957
WDR3,p53,0,Sheet1,L957
WDR31,EGFR,0,Sheet1,B958
WDR31,Hypoxia,0,Sheet1,C958
WDR31,JAK.STAT,0,Sheet1,D958
WDR31,MAPK,0,Sheet1,E958
WDR31,NFkB,0,Sheet1,F958
WDR31,PI3K,-3.9438387823292205,Sheet1,G958
WDR31,TGFb,0,Sheet1,H958
WDR31,TNFa,0,Sheet1,I958
WDR31,Trail,0,Sheet1,J958
WDR31,VEGF,0,Sheet1,K958
WDR31,p53,0,Sheet1,L958
WDR45B,EGFR,0,Sheet1,B959
WDR45B,Hypoxia,4.504362332270949,Sheet1,C959
WDR45B,JAK.STAT,0,Sheet1,D959
WDR45B,MAPK,0,Sheet1,E959
WDR45B,NFkB,0,Sheet1,F959
WDR45B,PI3K,0,Sheet1,G959
WDR45B,TGFb,0,Sheet1,H959
WDR45B,TNFa,0,Sheet1,I959
WDR45B,Trail,0,Sheet1,J959
WDR45B,VEGF,0,Sheet1,K959
WDR45B,p53,0,Sheet1,L959
WDR54,EGFR,0,Sheet1,B960
WDR54,Hypoxia,5.6955016417851514,Sheet1,C960
WDR54,JAK.STAT,0,Sheet1,D960
WDR54,MAPK,0,Sheet1,E960
WDR54,NFkB,0,Sheet1,F960
WDR54,PI3K,0,Sheet1,G960
WDR54,TGFb,0,Sheet1,H960
WDR54,TNFa,0,Sheet1,I960
WDR54,Trail,0,Sheet1,J960
WDR54,VEGF,0,Sheet1,K960
WDR54,p53,0,Sheet1,L960
WDR63,EGFR,0,Sheet1,B961
WDR63,Hypoxia,0,Sheet1,C961
WDR63,JAK.STAT,0,Sheet1,D961
WDR63,MAPK,0,Sheet1,E961
WDR63,NFkB,0,Sheet1,F961
WDR63,PI3K,0,Sheet1,G961
WDR63,TGFb,0,Sheet1,H961
WDR63,TNFa,0,Sheet1,I961
WDR63,Trail,0,Sheet1,J961
WDR63,VEGF,0,Sheet1,K961
WDR63,p53,13.098405880124508,Sheet1,L961
WDR78,EGFR,0,Sheet1,B962
WDR78,Hypoxia,0,Sheet1,C962
WDR78,JAK.STAT,0,Sheet1,D962
WDR78,MAPK,0,Sheet1,E962
WDR78,NFkB,0,Sheet1,F962
WDR78,PI3K,-3.62712257526587,Sheet1,G962
WDR78,TGFb,0,Sheet1,H962
WDR78,TNFa,0,Sheet1,I962
WDR78,Trail,0,Sheet1,J962
WDR78,VEGF,0,Sheet1,K962
WDR78,p53,0,Sheet1,L962
WDR97,EGFR,0,Sheet1,B963
WDR97,Hypoxia,0,Sheet1,C963
WDR97,JAK.STAT,0,Sheet1,D963
WDR97,MAPK,0,Sheet1,E963
WDR97,NFkB,0,Sheet1,F963
WDR97,PI3K,0,Sheet1,G963
WDR97,TGFb,0,Sheet1,H963
WDR97,TNFa,0,Sheet1,I963
WDR97,Trail,-1.3506488351485857,Sheet1,J963
WDR97,VEGF,0,Sheet1,K963
WDR97,p53,0,Sheet1,L963
WFDC10A,EGFR,0,Sheet1,B964
WFDC10A,Hypoxia,0,Sheet1,C964
WFDC10A,JAK.STAT,0,Sheet1,D964
WFDC10A,MAPK,0,Sheet1,E964
WFDC10A,NFkB,0,Sheet1,F964
WFDC10A,PI3K,0,Sheet1,G964
WFDC10A,TGFb,0,Sheet1,H964
WFDC10A,TNFa,0,Sheet1,I964
WFDC10A,Trail,1.5981959590783616,Sheet1,J964
WFDC10A,VEGF,0,Sheet1,K964
WFDC10A,p53,0,Sheet1,L964
WIPI2,EGFR,0,Sheet1,B965
WIPI2,Hypoxia,0,Sheet1,C965
WIPI2,JAK.STAT,0,Sheet1,D965
WIPI2,MAPK,0,Sheet1,E965
WIPI2,NFkB,0,Sheet1,F965
WIPI2,PI3K,-3.153066059934722,Sheet1,G965
WIPI2,TGFb,0,Sheet1,H965
WIPI2,TNFa,0,Sheet1,I965
WIPI2,Trail,0,Sheet1,J965
WIPI2,VEGF,0,Sheet1,K965
WIPI2,p53,0,Sheet1,L965
WNT16,EGFR,0,Sheet1,B966
WNT16,Hypoxia,0,Sheet1,C966
WNT16,JAK.STAT,0,Sheet1,D966
WNT16,MAPK,0,Sheet1,E966
WNT16,NFkB,0,Sheet1,F966
WNT16,PI3K,0,Sheet1,G966
WNT16,TGFb,0,Sheet1,H966
WNT16,TNFa,0,Sheet1,I966
WNT16,Trail,0,Sheet1,J966
WNT16,VEGF,-2.03801122829194,Sheet1,K966
WNT16,p53,0,Sheet1,L966
WNT8A,EGFR,0,Sheet1,B967
WNT8A,Hypoxia,0,Sheet1,C967
WNT8A,JAK.STAT,0,Sheet1,D967
WNT8A,MAPK,0,Sheet1,E967
WNT8A,NFkB,0,Sheet1,F967
WNT8A,PI3K,0,Sheet1,G967
WNT8A,TGFb,0,Sheet1,H967
WNT8A,TNFa,0,Sheet1,I967
WNT8A,Trail,-1.8469616099390898,Sheet1,J967
WNT8A,VEGF,0,Sheet1,K967
WNT8A,p53,0,Sheet1,L967
WSB1,EGFR,0,Sheet1,B968
WSB1,Hypoxia,7.0242243476725257,Sheet1,C968
WSB1,JAK.STAT,0,Sheet1,D968
WSB1,MAPK,0,Sheet1,E968
WSB1,NFkB,0,Sheet1,F968
WSB1,PI3K,0,Sheet1,G968
WSB1,TGFb,0,Sheet1,H968
WSB1,TNFa,0,Sheet1,I968
WSB1,Trail,0,Sheet1,J968
WSB1,VEGF,0,Sheet1,K968
WSB1,p53,0,Sheet1,L968
WT1-AS,EGFR,0,Sheet1,B969
WT1-AS,Hypoxia,0,Sheet1,C969
WT1-AS,JAK.STAT,0,Sheet1,D969
WT1-AS,MAPK,0,Sheet1,E969
WT1-AS,NFkB,0,Sheet1,F969
WT1-AS,PI3K,0,Sheet1,G969
WT1-AS,TGFb,0,Sheet1,H969
WT1-AS,TNFa,0,Sheet1,I969
WT1-AS,Trail,2.225105360384251,Sheet1,J969
WT1-AS,VEGF,0,Sheet1,K969
WT1-AS,p53,0,Sheet1,L969
WTAP,EGFR,0,Sheet1,B970
WTAP,Hypoxia,0,Sheet1,C970
WTAP,JAK.STAT,0,Sheet1,D970
WTAP,MAPK,0,Sheet1,E970
WTAP,NFkB,3.7666344028884846,Sheet1,F970
WTAP,PI3K,0,Sheet1,G970
WTAP,TGFb,0,Sheet1,H970
WTAP,TNFa,3.2215281990206424,Sheet1,I970
WTAP,Trail,0,Sheet1,J970
WTAP,VEGF,0,Sheet1,K970
WTAP,p53,0,Sheet1,L970
XAF1,EGFR,0,Sheet1,B971
XAF1,Hypoxia,0,Sheet1,C971
XAF1,JAK.STAT,8.7802861150211555,Sheet1,D971
XAF1,MAPK,0,Sheet1,E971
XAF1,NFkB,0,Sheet1,F971
XAF1,PI3K,0,Sheet1,G971
XAF1,TGFb,0,Sheet1,H971
XAF1,TNFa,0,Sheet1,I971
XAF1,Trail,0,Sheet1,J971
XAF1,VEGF,0,Sheet1,K971
XAF1,p53,0,Sheet1,L971
XK,EGFR,0,Sheet1,B972
XK,Hypoxia,0,Sheet1,C972
XK,JAK.STAT,0,Sheet1,D972
XK,MAPK,0,Sheet1,E972
XK,NFkB,0,Sheet1,F972
XK,PI3K,0,Sheet1,G972
XK,TGFb,0,Sheet1,H972
XK,TNFa,0,Sheet1,I972
XK,Trail,0,Sheet1,J972
XK,VEGF,-4.115595055397848,Sheet1,K972
XK,p53,0,Sheet1,L972
XKR4,EGFR,0,Sheet1,B973
XKR4,Hypoxia,0,Sheet1,C973
XKR4,JAK.STAT,0,Sheet1,D973
XKR4,MAPK,0,Sheet1,E973
XKR4,NFkB,0,Sheet1,F973
XKR4,PI3K,0,Sheet1,G973
XKR4,TGFb,0,Sheet1,H973
XKR4,TNFa,0,Sheet1,I973
XKR4,Trail,0,Sheet1,J973
XKR4,VEGF,-3.6325157636153889,Sheet1,K973
XKR4,p53,0,Sheet1,L973
XPC,EGFR,0,Sheet1,B974
XPC,Hypoxia,0,Sheet1,C974
XPC,JAK.STAT,0,Sheet1,D974
XPC,MAPK,0,Sheet1,E974
XPC,NFkB,0,Sheet1,F974
XPC,PI3K,0,Sheet1,G974
XPC,TGFb,0,Sheet1,H974
XPC,TNFa,0,Sheet1,I974
XPC,Trail,0,Sheet1,J974
XPC,VEGF,0,Sheet1,K974
XPC,p53,6.5870260085933134,Sheet1,L974
XRCC3,EGFR,1.487957075070578,Sheet1,B975
XRCC3,Hypoxia,0,Sheet1,C975
XRCC3,JAK.STAT,0,Sheet1,D975
XRCC3,MAPK,1.5437565622296989,Sheet1,E975
XRCC3,NFkB,0,Sheet1,F975
XRCC3,PI3K,0,Sheet1,G975
XRCC3,TGFb,0,Sheet1,H975
XRCC3,TNFa,0,Sheet1,I975
XRCC3,Trail,0,Sheet1,J975
XRCC3,VEGF,0,Sheet1,K975
XRCC3,p53,0,Sheet1,L975
XRCC4,EGFR,0,Sheet1,B976
XRCC4,Hypoxia,0,Sheet1,C976
XRCC4,JAK.STAT,0,Sheet1,D976
XRCC4,MAPK,0,Sheet1,E976
XRCC4,NFkB,0,Sheet1,F976
XRCC4,PI3K,0,Sheet1,G976
XRCC4,TGFb,3.3772318622335034,Sheet1,H976
XRCC4,TNFa,0,Sheet1,I976
XRCC4,Trail,0,Sheet1,J976
XRCC4,VEGF,0,Sheet1,K976
XRCC4,p53,0,Sheet1,L976
XYLT1,EGFR,0,Sheet1,B977
XYLT1,Hypoxia,0,Sheet1,C977
XYLT1,JAK.STAT,0,Sheet1,D977
XYLT1,MAPK,0,Sheet1,E977
XYLT1,NFkB,0,Sheet1,F977
XYLT1,PI3K,0,Sheet1,G977
XYLT1,TGFb,3.1977156030026879,Sheet1,H977
XYLT1,TNFa,0,Sheet1,I977
XYLT1,Trail,0,Sheet1,J977
XYLT1,VEGF,0,Sheet1,K977
XYLT1,p53,0,Sheet1,L977
YBX2,EGFR,0,Sheet1,B978
YBX2,Hypoxia,0,Sheet1,C978
YBX2,JAK.STAT,0,Sheet1,D978
YBX2,MAPK,0,Sheet1,E978
YBX2,NFkB,0,Sheet1,F978
YBX2,PI3K,-4.4198573450747043,Sheet1,G978
YBX2,TGFb,0,Sheet1,H978
YBX2,TNFa,0,Sheet1,I978
YBX2,Trail,0,Sheet1,J978
YBX2,VEGF,0,Sheet1,K978
YBX2,p53,0,Sheet1,L978
YEATS2,EGFR,0,Sheet1,B979
YEATS2,Hypoxia,5.3531275165068877,Sheet1,C979
YEATS2,JAK.STAT,0,Sheet1,D979
YEATS2,MAPK,0,Sheet1,E979
YEATS2,NFkB,0,Sheet1,F979
YEATS2,PI3K,0,Sheet1,G979
YEATS2,TGFb,0,Sheet1,H979
YEATS2,TNFa,0,Sheet1,I979
YEATS2,Trail,0,Sheet1,J979
YEATS2,VEGF,0,Sheet1,K979
YEATS2,p53,0,Sheet1,L979
YIPF5,EGFR,0,Sheet1,B980
YIPF5,Hypoxia,0,Sheet1,C980
YIPF5,JAK.STAT,0,Sheet1,D980
YIPF5,MAPK,0,Sheet1,E980
YIPF5,NFkB,0,Sheet1,F980
YIPF5,PI3K,0,Sheet1,G980
YIPF5,TGFb,2.8119363564910023,Sheet1,H980
YIPF5,TNFa,0,Sheet1,I980
YIPF5,Trail,0,Sheet1,J980
YIPF5,VEGF,0,Sheet1,K980
YIPF5,p53,0,Sheet1,L980
YRDC,EGFR,0,Sheet1,B981
YRDC,Hypoxia,0,Sheet1,C981
YRDC,JAK.STAT,0,Sheet1,D981
YRDC,MAPK,3.625646429254592,Sheet1,E981
YRDC,NFkB,0,Sheet1,F981
YRDC,PI3K,0,Sheet1,G981
YRDC,TGFb,0,Sheet1,H981
YRDC,TNFa,0,Sheet1,I981
YRDC,Trail,0,Sheet1,J981
YRDC,VEGF,0,Sheet1,K981
YRDC,p53,0,Sheet1,L981
ZBED8,EGFR,-3.1168487742826496,Sheet1,B982
ZBED8,Hypoxia,0,Sheet1,C982
ZBED8,JAK.STAT,0,Sheet1,D982
ZBED8,MAPK,0,Sheet1,E982
ZBED8,NFkB,0,Sheet1,F982
ZBED8,PI3K,0,Sheet1,G982
ZBED8,TGFb,0,Sheet1,H982
ZBED8,TNFa,0,Sheet1,I982
ZBED8,Trail,0,Sheet1,J982
ZBED8,VEGF,0,Sheet1,K982
ZBED8,p53,0,Sheet1,L982
ZBP1,EGFR,0,Sheet1,B983
ZBP1,Hypoxia,0,Sheet1,C983
ZBP1,JAK.STAT,1.9414515596319635,Sheet1,D983
ZBP1,MAPK,0,Sheet1,E983
ZBP1,NFkB,0,Sheet1,F983
ZBP1,PI3K,0,Sheet1,G983
ZBP1,TGFb,0,Sheet1,H983
ZBP1,TNFa,0,Sheet1,I983
ZBP1,Trail,0,Sheet1,J983
ZBP1,VEGF,0,Sheet1,K983
ZBP1,p53,0,Sheet1,L983
ZBTB25,EGFR,0,Sheet1,B984
ZBTB25,Hypoxia,3.4190588078493094,Sheet1,C984
ZBTB25,JAK.STAT,0,Sheet1,D984
ZBTB25,MAPK,0,Sheet1,E984
ZBTB25,NFkB,0,Sheet1,F984
ZBTB25,PI3K,0,Sheet1,G984
ZBTB25,TGFb,0,Sheet1,H984
ZBTB25,TNFa,0,Sheet1,I984
ZBTB25,Trail,0,Sheet1,J984
ZBTB25,VEGF,0,Sheet1,K984
ZBTB25,p53,0,Sheet1,L984
ZBTB3,EGFR,0,Sheet1,B985
ZBTB3,Hypoxia,0,Sheet1,C985
ZBTB3,JAK.STAT,0,Sheet1,D985
ZBTB3,MAPK,-1.5691639732103673,Sheet1,E985
ZBTB3,NFkB,0,Sheet1,F985
ZBTB3,PI3K,0,Sheet1,G985
ZBTB3,TGFb,0,Sheet1,H985
ZBTB3,TNFa,0,Sheet1,I985
ZBTB3,Trail,0,Sheet1,J985
ZBTB3,VEGF,0,Sheet1,K985
ZBTB3,p53,0,Sheet1,L985
ZC3HAV1,EGFR,0,Sheet1,B986
ZC3HAV1,Hypoxia,0,Sheet1,C986
ZC3HAV1,JAK.STAT,5.1337269925211553,Sheet1,D986
ZC3HAV1,MAPK,0,Sheet1,E986
ZC3HAV1,NFkB,0,Sheet1,F986
ZC3HAV1,PI3K,0,Sheet1,G986
ZC3HAV1,TGFb,0,Sheet1,H986
ZC3HAV1,TNFa,0,Sheet1,I986
ZC3HAV1,Trail,0,Sheet1,J986
ZC3HAV1,VEGF,0,Sheet1,K986
ZC3HAV1,p53,0,Sheet1,L986
ZIM3,EGFR,0,Sheet1,B987
ZIM3,Hypoxia,0,Sheet1,C987
ZIM3,JAK.STAT,0,Sheet1,D987
ZIM3,MAPK,0,Sheet1,E987
ZIM3,NFkB,0,Sheet1,F987
ZIM3,PI3K,0,Sheet1,G987
ZIM3,TGFb,0,Sheet1,H987
ZIM3,TNFa,0,Sheet1,I987
ZIM3,Trail,1.4980606592681449,Sheet1,J987
ZIM3,VEGF,0,Sheet1,K987
ZIM3,p53,0,Sheet1,L987
ZMAT3,EGFR,0,Sheet1,B988
ZMAT3,Hypoxia,0,Sheet1,C988
ZMAT3,JAK.STAT,0,Sheet1,D988
ZMAT3,MAPK,0,Sheet1,E988
ZMAT3,NFkB,0,Sheet1,F988
ZMAT3,PI3K,0,Sheet1,G988
ZMAT3,TGFb,0,Sheet1,H988
ZMAT3,TNFa,0,Sheet1,I988
ZMAT3,Trail,0,Sheet1,J988
ZMAT3,VEGF,0,Sheet1,K988
ZMAT3,p53,7.9566982646146887,Sheet1,L988
ZMPSTE24,EGFR,0,Sheet1,B989
ZMPSTE24,Hypoxia,-4.3923402775269791,Sheet1,C989
ZMPSTE24,JAK.STAT,0,Sheet1,D989
ZMPSTE24,MAPK,0,Sheet1,E989
ZMPSTE24,NFkB,0,Sheet1,F989
ZMPSTE24,PI3K,0,Sheet1,G989
ZMPSTE24,TGFb,0,Sheet1,H989
ZMPSTE24,TNFa,0,Sheet1,I989
ZMPSTE24,Trail,0,Sheet1,J989
ZMPSTE24,VEGF,0,Sheet1,K989
ZMPSTE24,p53,0,Sheet1,L989
ZNF160,EGFR,0,Sheet1,B990
ZNF160,Hypoxia,2.7139242251059188,Sheet1,C990
ZNF160,JAK.STAT,0,Sheet1,D990
ZNF160,MAPK,0,Sheet1,E990
ZNF160,NFkB,0,Sheet1,F990
ZNF160,PI3K,0,Sheet1,G990
ZNF160,TGFb,0,Sheet1,H990
ZNF160,TNFa,0,Sheet1,I990
ZNF160,Trail,0,Sheet1,J990
ZNF160,VEGF,0,Sheet1,K990
ZNF160,p53,0,Sheet1,L990
ZNF200,EGFR,0,Sheet1,B991
ZNF200,Hypoxia,0,Sheet1,C991
ZNF200,JAK.STAT,0,Sheet1,D991
ZNF200,MAPK,0,Sheet1,E991
ZNF200,NFkB,0,Sheet1,F991
ZNF200,PI3K,0,Sheet1,G991
ZNF200,TGFb,0,Sheet1,H991
ZNF200,TNFa,0,Sheet1,I991
ZNF200,Trail,0,Sheet1,J991
ZNF200,VEGF,3.5046920530972709,Sheet1,K991
ZNF200,p53,0,Sheet1,L991
ZNF224,EGFR,-1.3973098554739216,Sheet1,B992
ZNF224,Hypoxia,0,Sheet1,C992
ZNF224,JAK.STAT,0,Sheet1,D992
ZNF224,MAPK,0,Sheet1,E992
ZNF224,NFkB,0,Sheet1,F992
ZNF224,PI3K,0,Sheet1,G992
ZNF224,TGFb,0,Sheet1,H992
ZNF224,TNFa,0,Sheet1,I992
ZNF224,Trail,0,Sheet1,J992
ZNF224,VEGF,0,Sheet1,K992
ZNF224,p53,0,Sheet1,L992
ZNF257,EGFR,0,Sheet1,B993
ZNF257,Hypoxia,0,Sheet1,C993
ZNF257,JAK.STAT,0,Sheet1,D993
ZNF257,MAPK,0,Sheet1,E993
ZNF257,NFkB,0,Sheet1,F993
ZNF257,PI3K,0,Sheet1,G993
ZNF257,TGFb,0,Sheet1,H993
ZNF257,TNFa,0,Sheet1,I993
ZNF257,Trail,0,Sheet1,J993
ZNF257,VEGF,-4.5561455481393631,Sheet1,K993
ZNF257,p53,0,Sheet1,L993
ZNF292,EGFR,0,Sheet1,B994
ZNF292,Hypoxia,6.0239381118710504,Sheet1,C994
ZNF292,JAK.STAT,0,Sheet1,D994
ZNF292,MAPK,0,Sheet1,E994
ZNF292,NFkB,0,Sheet1,F994
ZNF292,PI3K,0,Sheet1,G994
ZNF292,TGFb,0,Sheet1,H994
ZNF292,TNFa,0,Sheet1,I994
ZNF292,Trail,0,Sheet1,J994
ZNF292,VEGF,0,Sheet1,K994
ZNF292,p53,0,Sheet1,L994
ZNF32-AS3,EGFR,0,Sheet1,B995
ZNF32-AS3,Hypoxia,0,Sheet1,C995
ZNF32-AS3,JAK.STAT,0,Sheet1,D995
ZNF32-AS3,MAPK,0,Sheet1,E995
ZNF32-AS3,NFkB,0,Sheet1,F995
ZNF32-AS3,PI3K,0,Sheet1,G995
ZNF32-AS3,TGFb,0,Sheet1,H995
ZNF32-AS3,TNFa,0,Sheet1,I995
ZNF32-AS3,Trail,0.89589348719502282,Sheet1,J995
ZNF32-AS3,VEGF,0,Sheet1,K995
ZNF32-AS3,p53,0,Sheet1,L995
ZNF337,EGFR,0,Sheet1,B996
ZNF337,Hypoxia,0,Sheet1,C996
ZNF337,JAK.STAT,0,Sheet1,D996
ZNF337,MAPK,0,Sheet1,E996
ZNF337,NFkB,0,Sheet1,F996
ZNF337,PI3K,0,Sheet1,G996
ZNF337,TGFb,0,Sheet1,H996
ZNF337,TNFa,0,Sheet1,I996
ZNF337,Trail,0,Sheet1,J996
ZNF337,VEGF,0,Sheet1,K996
ZNF337,p53,3.3017630301456933,Sheet1,L996
ZNF347,EGFR,0,Sheet1,B997
ZNF347,Hypoxia,0,Sheet1,C997
ZNF347,JAK.STAT,0,Sheet1,D997
ZNF347,MAPK,0,Sheet1,E997
ZNF347,NFkB,0,Sheet1,F997
ZNF347,PI3K,0,Sheet1,G997
ZNF347,TGFb,0,Sheet1,H997
ZNF347,TNFa,0,Sheet1,I997
ZNF347,Trail,0,Sheet1,J997
ZNF347,VEGF,3.0310536501075847,Sheet1,K997
ZNF347,p53,0,Sheet1,L997
ZNF350,EGFR,-1.2635000674740438,Sheet1,B998
ZNF350,Hypoxia,0,Sheet1,C998
ZNF350,JAK.STAT,0,Sheet1,D998
ZNF350,MAPK,0,Sheet1,E998
ZNF350,NFkB,0,Sheet1,F998
ZNF350,PI3K,0,Sheet1,G998
ZNF350,TGFb,0,Sheet1,H998
ZNF350,TNFa,0,Sheet1,I998
ZNF350,Trail,0,Sheet1,J998
ZNF350,VEGF,0,Sheet1,K998
ZNF350,p53,0,Sheet1,L998
ZNF395,EGFR,0,Sheet1,B999
ZNF395,Hypoxia,8.0609340435475652,Sheet1,C999
ZNF395,JAK.STAT,0,Sheet1,D999
ZNF395,MAPK,0,Sheet1,E999
ZNF395,NFkB,0,Sheet1,F999
ZNF395,PI3K,0,Sheet1,G999
ZNF395,TGFb,0,Sheet1,H999
ZNF395,TNFa,0,Sheet1,I999
ZNF395,Trail,0,Sheet1,J999
ZNF395,VEGF,0,Sheet1,K999
ZNF395,p53,0,Sheet1,L999
ZNF415,EGFR,0,Sheet1,B1000
ZNF415,Hypoxia,0,Sheet1,C1000
ZNF415,JAK.STAT,0,Sheet1,D1000
ZNF415,MAPK,0,Sheet1,E1000
ZNF415,NFkB,0,Sheet1,F1000
ZNF415,PI3K,0,Sheet1,G1000
ZNF415,TGFb,0,Sheet1,H1000
ZNF415,TNFa,0,Sheet1,I1000
ZNF415,Trail,0,Sheet1,J1000
ZNF415,VEGF,-2.7834650584597491,Sheet1,K1000
ZNF415,p53,0,Sheet1,L1000
ZNF451,EGFR,-1.0560068807443646,Sheet1,B1001
ZNF451,Hypoxia,0,Sheet1,C1001
ZNF451,JAK.STAT,0,Sheet1,D1001
ZNF451,MAPK,0,Sheet1,E1001
ZNF451,NFkB,0,Sheet1,F1001
ZNF451,PI3K,0,Sheet1,G1001
ZNF451,TGFb,0,Sheet1,H1001
ZNF451,TNFa,0,Sheet1,I1001
ZNF451,Trail,0,Sheet1,J1001
ZNF451,VEGF,0,Sheet1,K1001
ZNF451,p53,0,Sheet1,L1001
ZNF554,EGFR,0,Sheet1,B1002
ZNF554,Hypoxia,0,Sheet1,C1002
ZNF554,JAK.STAT,0,Sheet1,D1002
ZNF554,MAPK,0,Sheet1,E1002
ZNF554,NFkB,0,Sheet1,F1002
ZNF554,PI3K,-2.6749782386230772,Sheet1,G1002
ZNF554,TGFb,0,Sheet1,H1002
ZNF554,TNFa,0,Sheet1,I1002
ZNF554,Trail,0,Sheet1,J1002
ZNF554,VEGF,0,Sheet1,K1002
ZNF554,p53,0,Sheet1,L1002
ZNF561,EGFR,0,Sheet1,B1003
ZNF561,Hypoxia,0,Sheet1,C1003
ZNF561,JAK.STAT,0,Sheet1,D1003
ZNF561,MAPK,0,Sheet1,E1003
ZNF561,NFkB,0,Sheet1,F1003
ZNF561,PI3K,0,Sheet1,G1003
ZNF561,TGFb,0,Sheet1,H1003
ZNF561,TNFa,0,Sheet1,I1003
ZNF561,Trail,0,Sheet1,J1003
ZNF561,VEGF,0,Sheet1,K1003
ZNF561,p53,10.123218197683357,Sheet1,L1003
ZNF571,EGFR,-1.9039669419859979,Sheet1,B1004
ZNF571,Hypoxia,0,Sheet1,C1004
ZNF571,JAK.STAT,0,Sheet1,D1004
ZNF571,MAPK,0,Sheet1,E1004
ZNF571,NFkB,0,Sheet1,F1004
ZNF571,PI3K,0,Sheet1,G1004
ZNF571,TGFb,0,Sheet1,H1004
ZNF571,TNFa,0,Sheet1,I1004
ZNF571,Trail,0,Sheet1,J1004
ZNF571,VEGF,0,Sheet1,K1004
ZNF571,p53,0,Sheet1,L1004
ZNF597,EGFR,0,Sheet1,B1005
ZNF597,Hypoxia,0,Sheet1,C1005
ZNF597,JAK.STAT,0,Sheet1,D1005
ZNF597,MAPK,0,Sheet1,E1005
ZNF597,NFkB,0,Sheet1,F1005
ZNF597,PI3K,0,Sheet1,G1005
ZNF597,TGFb,0,Sheet1,H1005
ZNF597,TNFa,0,Sheet1,I1005
ZNF597,Trail,0,Sheet1,J1005
ZNF597,VEGF,3.0208800554598652,Sheet1,K1005
ZNF597,p53,0,Sheet1,L1005
ZNF654,EGFR,0,Sheet1,B1006
ZNF654,Hypoxia,4.2880619632066397,Sheet1,C1006
ZNF654,JAK.STAT,0,Sheet1,D1006
ZNF654,MAPK,0,Sheet1,E1006
ZNF654,NFkB,0,Sheet1,F1006
ZNF654,PI3K,0,Sheet1,G1006
ZNF654,TGFb,0,Sheet1,H1006
ZNF654,TNFa,0,Sheet1,I1006
ZNF654,Trail,0,Sheet1,J1006
ZNF654,VEGF,0,Sheet1,K1006
ZNF654,p53,0,Sheet1,L1006
ZNF669,EGFR,0,Sheet1,B1007
ZNF669,Hypoxia,0,Sheet1,C1007
ZNF669,JAK.STAT,0,Sheet1,D1007
ZNF669,MAPK,0,Sheet1,E1007
ZNF669,NFkB,0,Sheet1,F1007
ZNF669,PI3K,0,Sheet1,G1007
ZNF669,TGFb,0,Sheet1,H1007
ZNF669,TNFa,0,Sheet1,I1007
ZNF669,Trail,0,Sheet1,J1007
ZNF669,VEGF,-2.1874532085885523,Sheet1,K1007
ZNF669,p53,0,Sheet1,L1007
ZNF75D,EGFR,-1.3158194734458744,Sheet1,B1008
ZNF75D,Hypoxia,0,Sheet1,C1008
ZNF75D,JAK.STAT,0,Sheet1,D1008
ZNF75D,MAPK,0,Sheet1,E1008
ZNF75D,NFkB,0,Sheet1,F1008
ZNF75D,PI3K,0,Sheet1,G1008
ZNF75D,TGFb,0,Sheet1,H1008
ZNF75D,TNFa,0,Sheet1,I1008
ZNF75D,Trail,0,Sheet1,J1008
ZNF75D,VEGF,0,Sheet1,K1008
ZNF75D,p53,0,Sheet1,L1008
ZNF79,EGFR,0,Sheet1,B1009
ZNF79,Hypoxia,0,Sheet1,C1009
ZNF79,JAK.STAT,0,Sheet1,D1009
ZNF79,MAPK,0,Sheet1,E1009
ZNF79,NFkB,0,Sheet1,F1009
ZNF79,PI3K,0,Sheet1,G1009
ZNF79,TGFb,0,Sheet1,H1009
ZNF79,TNFa,0,Sheet1,I1009
ZNF79,Trail,0,Sheet1,J1009
ZNF79,VEGF,0,Sheet1,K1009
ZNF79,p53,4.0202633443987059,Sheet1,L1009
ZNF83,EGFR,0,Sheet1,B1010
ZNF83,Hypoxia,0,Sheet1,C1010
ZNF83,JAK.STAT,0,Sheet1,D1010
ZNF83,MAPK,0,Sheet1,E1010
ZNF83,NFkB,0,Sheet1,F1010
ZNF83,PI3K,0,Sheet1,G1010
ZNF83,TGFb,0,Sheet1,H1010
ZNF83,TNFa,0,Sheet1,I1010
ZNF83,Trail,0,Sheet1,J1010
ZNF83,VEGF,0,Sheet1,K1010
ZNF83,p53,-5.8575187613946049,Sheet1,L1010
ZNFX1,EGFR,0,Sheet1,B1011
ZNFX1,Hypoxia,0,Sheet1,C1011
ZNFX1,JAK.STAT,6.4963982141682823,Sheet1,D1011
ZNFX1,MAPK,0,Sheet1,E1011
ZNFX1,NFkB,0,Sheet1,F1011
ZNFX1,PI3K,0,Sheet1,G1011
ZNFX1,TGFb,0,Sheet1,H1011
ZNFX1,TNFa,0,Sheet1,I1011
ZNFX1,Trail,0,Sheet1,J1011
ZNFX1,VEGF,0,Sheet1,K1011
ZNFX1,p53,0,Sheet1,L1011
ZNRF4,EGFR,0,Sheet1,B1012
ZNRF4,Hypoxia,0,Sheet1,C1012
ZNRF4,JAK.STAT,0,Sheet1,D1012
ZNRF4,MAPK,0,Sheet1,E1012
ZNRF4,NFkB,0,Sheet1,F1012
ZNRF4,PI3K,0,Sheet1,G1012
ZNRF4,TGFb,0,Sheet1,H1012
ZNRF4,TNFa,0,Sheet1,I1012
ZNRF4,Trail,1.0338854192621099,Sheet1,J1012
ZNRF4,VEGF,0,Sheet1,K1012
ZNRF4,p53,0,Sheet1,L1012
ZSCAN2,EGFR,0,Sheet1,B1013
ZSCAN2,Hypoxia,0,Sheet1,C1013
ZSCAN2,JAK.STAT,0,Sheet1,D1013
ZSCAN2,MAPK,0,Sheet1,E1013
ZSCAN2,NFkB,0,Sheet1,F1013
ZSCAN2,PI3K,-3.1587434535477241,Sheet1,G1013
ZSCAN2,TGFb,0,Sheet1,H1013
ZSCAN2,TNFa,0,Sheet1,I1013
ZSCAN2,Trail,0,Sheet1,J1013
ZSCAN2,VEGF,0,Sheet1,K1013
ZSCAN2,p53,0,Sheet1,L1013
ZSCAN31,EGFR,-3.1000917088831597,Sheet1,B1014
ZSCAN31,Hypoxia,0,Sheet1,C1014
ZSCAN31,JAK.STAT,0,Sheet1,D1014
ZSCAN31,MAPK,-3.3278642206561044,Sheet1,E1014
ZSCAN31,NFkB,0,Sheet1,F1014
ZSCAN31,PI3K,0,Sheet1,G1014
ZSCAN31,TGFb,0,Sheet1,H1014
ZSCAN31,TNFa,0,Sheet1,I1014
ZSCAN31,Trail,0,Sheet1,J1014
ZSCAN31,VEGF,0,Sheet1,K1014
ZSCAN31,p53,0,Sheet1,L1014
ZSCAN4,EGFR,0,Sheet1,B1015
ZSCAN4,Hypoxia,0,Sheet1,C1015
ZSCAN4,JAK.STAT,0,Sheet1,D1015
ZSCAN4,MAPK,0,Sheet1,E1015
ZSCAN4,NFkB,0,Sheet1,F1015
ZSCAN4,PI3K,0,Sheet1,G1015
ZSCAN4,TGFb,0,Sheet1,H1015
ZSCAN4,TNFa,0,Sheet1,I1015
ZSCAN4,Trail,0,Sheet1,J1015
ZSCAN4,VEGF,0,Sheet1,K1015
ZSCAN4,p53,3.1834625061636643,Sheet1,L1015
