cohort,bmi,raw_kde,displayed_density,half_width_rows
Krieg,33.61,0.007827498329633743,0.008516303050988154,0.03812940557880867
Krieg,33.658003913894326,0.007901119878728958,0.008596403154082957,0.03848803176901356
Krieg,33.706007827788646,0.007975324162001293,0.00867713727083596,0.03884949658106777
Krieg,33.75401174168297,0.008050138414854285,0.008758535033313558,0.039213932684402035
Krieg,33.8020156555773,0.008125590594894956,0.00884062685933815,0.03958147626645358
Krieg,33.85001956947163,0.008201709367300846,0.008923443936567483,0.039952266961385735
Krieg,33.89802348336595,0.008278524089229692,0.009007018205532425,0.04032644777414427
Krieg,33.94602739726027,0.008356064793284552,0.009091382341647044,0.040704164999912425
Krieg,33.9940313111546,0.008434362170048454,0.009176569736206345,0.04108556813903354
Krieg,34.04203522504892,0.008513447549703883,0.00926261447638831,0.04147080980747565
Krieg,34.09003913894325,0.008593352882753829,0.009349551324278421,0.041860045642919605
Krieg,34.138043052837574,0.008674110719861928,0.009437415694935794,0.04225343420655615
Krieg,34.1860469667319,0.008755754190830916,0.00952624363352176,0.04265113688068548
Krieg,34.23405088062622,0.008838316982739276,0.009616071791512585,0.04305331776221624
Krieg,34.28205479452055,0.008921833317257308,0.009706937402019403,0.043460143552167256
Krieg,34.330058708414875,0.009006337927164699,0.009798878254239368,0.043871783441279656
Krieg,34.378062622309194,0.009091866032092881,0.009891932667063393,0.04428840899185274
Krieg,34.42606653620352,0.009178453313516174,0.009986139461866564,0.04471019401592054
Krieg,34.47407045009785,0.009266135889016622,0.010081537934508321,0.045137314449890345
Krieg,34.522074363992175,0.009354950285848495,0.0101781678265707,0.04556994822576982
Krieg,34.570078277886495,0.00944493341382888,0.010276069295863336,0.04600827513911129
Krieg,34.61808219178082,0.009536122537581718,0.010375282886225044,0.0464524767138066
Krieg,34.66608610567515,0.00962855524816316,0.010475849496652244,0.046902736063868106
Krieg,34.71409001956947,0.009722269434096978,0.010577810349785558,0.04735923775233613
Krieg,34.762093933463795,0.009817303251848994,0.010681206959786037,0.04782216764745356
Krieg,34.81009784735812,0.009913695095770088,0.01078608109963322,0.0482917127762519
Krieg,34.85810176125244,0.010011483567538062,0.010892474767877927,0.04876806117569606
Krieg,34.90610567514677,0.010110707445128486,0.011000430154882623,0.04925140174153486
Krieg,34.954109589041096,0.010211405651345398,0.01110998960858285,0.049741924075007236
Krieg,35.00211350293542,0.010313617221942855,0.011221195599803566,0.050239818327555724
Krieg,35.05011741682974,0.010417381273368371,0.011334090687164046,0.050745275043697746
Krieg,35.09812133072407,0.010522736970159785,0.011448717481605749,0.05125848500220895
Krieg,35.146125244618396,0.01062972349202665,0.011565118610576929,0.051779639055769586
Krieg,35.19412915851272,0.010738380000647852,0.011683336681908508,0.05230892796922873
Krieg,35.24213307240704,0.01084874560621669,0.01180341424741519,0.05284654225663822
Krieg,35.29013698630137,0.01096085933376481,0.01192539376625597,0.05339267201720943
Krieg,35.3381409001957,0.01107476008929607,0.012049317568087825,0.053947506770344066
Krieg,35.38614481409002,0.011190486625761383,0.012175227816046442,0.05451123528989051
Krieg,35.43414872798434,0.011308077508905456,0.012303166469587505,0.055084045437775966
Krieg,35.48215264187867,0.01142757108301548,0.012433175247221354,0.055666123997161074
Krieg,35.53015655577299,0.01154900543660242,0.012565295589174288,0.05625765650526619
Krieg,35.57816046966732,0.01167241836804434,0.012699568620008572,0.05685882708601276
Krieg,35.626164383561644,0.011797847351221193,0.012836035111233152,0.05746981828262303
Krieg,35.67416829745597,0.011925329501170114,0.012974735443936682,0.05809081089031974
Krieg,35.72217221135029,0.01205490153978949,0.013115709571473618,0.058721983789263354
Krieg,35.77017612524462,0.012186599761619893,0.013258996982233942,0.05936351377786373
Krieg,35.818180039138944,0.012320459999728986,0.013404636662525999,0.06001557540659822
Krieg,35.866183953033264,0.012456517591727416,0.01355266705960186,0.06067834081246793
Krieg,35.91418786692759,0.012594807345941884,0.01370312604485369,0.06135197955421953
Krieg,35.96219178082192,0.01273536350777063,0.01385605087720857,0.062036658448455684
Krieg,36.010195694716245,0.012878219726246693,0.014011478166749395,0.06273254140675757
Krieg,36.058199608610565,0.013023409020832844,0.014169443838587835,0.06343978927393605
Krieg,36.10620352250489,0.013170963748472021,0.014329983097015253,0.06415855966752719
Krieg,36.15420743639922,0.013320915570915892,0.014493130389956255,0.06488900681864287
Krieg,36.20221135029354,0.013473295422354007,0.014658919373749276,0.06563128141428555
Krieg,36.250215264187865,0.013628133477365016,0.014827382878277551,0.06638553044123167
Krieg,36.29821917808219,0.013785459119210483,0.014998552872472865,0.06715189703158429
Krieg,36.34622309197652,0.013945300908491845,0.015172460430214363,0.06793052031009436
Krieg,36.39422700587084,0.014107686552189528,0.015349135696643191,0.06872153524334373
Krieg,36.442230919765166,0.01427264287310356,0.015528607854913928,0.06952507249088391
Krieg,36.49023483365949,0.014440195779712825,0.015710905093401513,0.07034125825841404
Krieg,36.53823874755381,0.014610370236471255,0.015896054573383566,0.07117021415308739
Krieg,36.58624266144814,0.014783190234557667,0.01608408239721626,0.07201205704102756
Krieg,36.634246575342466,0.014958678763094526,0.016275013577020395,0.07286689890712902
Krieg,36.68225048923679,0.0151368577808523,0.016468872003895792,0.07373484671722301
Krieg,36.73025440313111,0.01531774818845379,0.016665680417679657,0.07461600228267887
Krieg,36.77825831702544,0.015501369801093083,0.016865460377264847,0.07551046212751235
Krieg,36.82626223091977,0.015687741321782488,0.017068232231492602,0.0764183173580657
Krieg,36.87426614481409,0.01587688031514184,0.017274015090635343,0.07733965353532986
Krieg,36.92227005870841,0.016068803181742378,0.01748282679848288,0.07827455054996799
Krieg,36.97027397260274,0.016263525133017594,0.01769468390504544,0.0792230825001009
Krieg,37.01827788649707,0.01646106016675392,0.017909601639887605,0.08018531757191708
Krieg,37.06628180039139,0.01666142104317225,0.018127593886105044,0.08116131792316053
Krieg,37.114285714285714,0.016864619261612254,0.018348673154957078,0.08215113956955528
Krieg,37.16228962818004,0.017070665037829898,0.01857285056116646,0.08315483227421673
Krieg,37.21029354207436,0.017279567281920087,0.018800135798899213,0.0841724394401081
Krieg,37.25829745596869,0.017491333576874428,0.019030537118435553,0.08520399800559086
Krieg,37.306301369863014,0.01770597015778422,0.01926406130354276,0.08624953834311799
Krieg,37.35430528375734,0.01792348189170026,0.019500713649562688,0.08730908416112683
Krieg,37.40230919765166,0.018143872258158517,0.019740497942223746,0.08838265240917555
Krieg,37.45031311154599,0.018367143330382613,0.01998341643718923,0.0894702531863764
Krieg,37.498317025440315,0.01859329575717286,0.02022946984035262,0.09057188965317339
Krieg,37.546320939334635,0.01882232874549235,0.020478657288891304,0.09168755794651548
Krieg,37.59432485322896,0.01905424004376033,0.020730976333089762,0.09281724709847491
Krieg,37.64232876712329,0.019289025925862804,0.020986422918943176,0.09396093895835966
Krieg,37.69033268101761,0.019526681175891368,0.021244991371553286,0.09511860811837293
Krieg,37.738336594911935,0.01976719907362057,0.02150667437932779,0.09629022184287031
Krieg,37.78634050880626,0.020010571380734355,0.021771462978994745,0.09747574000126588
Krieg,37.83434442270059,0.02025678832781312,0.022039346541444512,0.09867511500464345
Krieg,37.88234833659491,0.02050583860209203,0.022310312758410816,0.09988829174612458
Krieg,37.930352250489236,0.020757709336002524,0.022584347630003936,0.10111520754505196
Krieg,37.97835616438356,0.021012386096508115,0.02286143545310808,0.1023557920950418
Krieg,38.02636007827789,0.021269852875247196,0.023141558810656767,0.10360996741596724
Krieg,38.07436399217221,0.02153009207949462,0.023424698561799042,0.10487764780993046
Krieg,38.122367906066536,0.021793084523955005,0.023710833832970617,0.10615873982128596
Krieg,38.17037181996086,0.022058809423400313,0.023999942009883573,0.10745314220077679
Krieg,38.21837573385518,0.022327244386165374,0.02429199873044948,0.1087607458738497
Krieg,38.26637964774951,0.02259836540851469,0.024586977878650534,0.11008143391321491
Krieg,38.31438356164384,0.022872146869894402,0.024884851579373653,0.11141508151571711
Krieg,38.362387475538156,0.02314856152908364,0.025185590194223194,0.11276155598358809
Krieg,38.41039138943248,0.023427580521259962,0.025489162318328144,0.11412071671015184
Krieg,38.45839530332681,0.023709173355993176,0.02579553477815939,0.11549241517005192
Krieg,38.50639921722114,0.023993307916183197,0.026104672630374134,0.11687649491407771
Krieg,38.55440313111546,0.024279950457956757,0.026416539161703483,0.11827279156866109
Krieg,38.602407045009784,0.024569065611538935,0.026731095889900705,0.119681132840122
Krieg,38.65041095890411,0.024860616383114535,0.02704830256576638,0.12110133852373546
Krieg,38.69841487279844,0.025154564157696048,0.027368117176268743,0.12253322051770212
Krieg,38.74641878669276,0.025450868703013454,0.02769049594877579,0.12397658284209631
Krieg,38.794422700587084,0.02574948817444249,0.02801539335641721,0.12543122166287266
Krieg,38.84242661448141,0.026050379120986834,0.02834276212459301,0.12689692532100652
Krieg,38.89043052837573,0.026353496492330986,0.028672553238647005,0.12837347436685018
Krieg,38.93843444227006,0.026658793646979477,0.029004715952722297,0.12986064159978056
Krieg,38.986438356164385,0.02696622236149819,0.029339197799815784,0.1313581921132157
Krieg,39.034442270058705,0.02727573284087378,0.02967594460304921,0.13286588334507773
Krieg,39.08244618395303,0.027587273730006724,0.03001490048817357,0.13438346513377783
Krieg,39.13045009784736,0.027900792126352544,0.03035600789732274,0.13591067977979449
Krieg,39.178454011741685,0.02821623359372683,0.030699207604033312,0.1374472621129205
Krieg,39.226457925636005,0.028533542177287728,0.031044438729545525,0.13899293956524605
Krieg,39.27446183953033,0.028852660419710234,0.03139163876040084,0.14054743224994698
Krieg,39.32246575342466,0.029173529378564777,0.03174074356734983,0.14211045304593958
Krieg,39.37046966731898,0.029496088644913605,0.032091687425585005,0.14368170768846764
Krieg,39.418473581213306,0.029820276363136146,0.03244440303631075,0.14526089486567578
Krieg,39.46647749510763,0.030146029251994135,0.03279882154966217,0.1468477063212224
Krieg,39.51448140900196,0.030473282626947342,0.03315487258898453,0.14844182696298414
Krieg,39.56248532289628,0.03080197042372831,0.03351248427648256,0.15004293497789353
Krieg,39.610489236790606,0.031132025223184524,0.033871583260248646,0.15165070195295044
Krieg,39.65849315068493,0.031463378277394274,0.034232094742676876,0.153264793002438
Krieg,39.70649706457925,0.03179595953706273,0.034593942510269884,0.15488486690137462
Krieg,39.75450097847358,0.03212969768020187,0.03495704896484258,0.15651057622522016
Krieg,39.80250489236791,0.0324645201420971,0.035321335156125754,0.15814156749584948
Krieg,39.850508806262226,0.03280035314656259,0.03568672081577186,0.15977748133380412
Krieg,39.89851272015655,0.03313712173848473,0.03605312439276217,0.16141795261681804
Krieg,39.94651663405088,0.033474749817651805,0.03642046309021346,0.1630626106446094
Krieg,39.99452054794521,0.033813160173866964,0.03678865290358082,0.16471107930992315
Krieg,40.04252446183953,0.03415227452333872,0.03715760866025044,0.16636297727579694
Krieg,40.090528375733854,0.034492013546342314,0.03752724406051511,0.16801791815901757
Krieg,40.13853228962818,0.034832296926142176,0.037897471719921805,0.16967551071972065
Krieg,40.18653620352251,0.03517304338916543,0.03826820321298035,0.17133535905708416
Krieg,40.23454011741683,0.03551417074641267,0.038639349118218265,0.17299706281104918
Krieg,40.282544031311154,0.03585559593609132,0.0390108190645658,0.17466021736999596
Krieg,40.33054794520548,0.036197235067453544,0.039382521779051494,0.17632441408428792
Krieg,40.3785518590998,0.03653900346582021,0.03975436513578812,0.1779892404855926
Krieg,40.42655577299413,0.0368808157187685,0.04012625620622478,0.17965428051187152
Krieg,40.474559686888455,0.03722258572345901,0.04049810131063865,0.18131911473792056
Krieg,40.522563600782775,0.037564226735076506,0.040869806070838434,0.18298332061133496
Krieg,40.5705675146771,0.03790565141635549,0.04124127546404812,0.1846464726937591
Krieg,40.61857142857143,0.03824677188815901,0.04161241387793658,0.18630814290726647
Krieg,40.666575342465755,0.03858749978107818,0.04198312516675778,0.18796790078571188
Krieg,40.714579256360075,0.038927746288015846,0.042353312708561686,0.18962531373087776
Krieg,40.7625831702544,0.03926742221771678,0.04272287946343503,0.19127994727323097
Krieg,40.81058708414873,0.039606438049203045,0.043091728032726886,0.19293136533708916
Krieg,40.858590998043056,0.03994470398707263,0.04345976071921344,0.19457913050999195
Krieg,40.906594911937376,0.040282130017615055,0.0438268795881517,0.19622280431605224
Krieg,40.9545988258317,0.04061862596569721,0.04419298652917117,0.1978619474930589
Krieg,41.00260273972603,0.04095410155236835,0.04455798331894796,0.1994961202730832
Krieg,41.05060665362035,0.041288466453133325,0.04492177168460595,0.2011248826663397
Krieg,41.098610567514676,0.04162163035683883,0.04528425336778493,0.20274779474803425
Krieg,41.146614481409,0.041953503025116044,0.04564533018931407,0.2043644169479211
Krieg,41.19461839530332,0.04228399435232146,0.046004904114427425,0.20597431034228786
Krieg,41.24262230919765,0.042613014425915134,0.04636287731845534,0.20757703694807045
Krieg,41.29062622309198,0.04294047358721281,0.046719152252922676,0.20917216001878974
Krieg,41.3386301369863,0.04326628249244876,0.047073631711985024,0.21075924434200166
Krieg,41.38663405088062,0.04359035217408178,0.047426218899129555,0.21233785653793158
Krieg,41.43463796477495,0.04391259410227707,0.04777681749406713,0.2139075653589656
Krieg,41.48264187866928,0.04423292024649365,0.04812533171973935,0.2154679419896562
Krieg,41.530645792563604,0.04455124313710689,0.04847166640936372,0.21701856034689818
Krieg,41.578649706457924,0.04486747592699315,0.048815727073437586,0.21855899737992093
Krieg,41.62665362035225,0.045181532453002986,0.04915741996662092,0.22008883336973722
Krieg,41.67465753424658,0.04549332729724762,0.04949665215441587,0.22160765222768278
Krieg,41.7226614481409,0.045802775848123416,0.049833331579561234,0.22311504179267933
Krieg,41.770665362035224,0.046109794360997165,0.05016736712805798,0.22461059412684553
Krieg,41.81866927592955,0.04641430001847455,0.05049866869474118,0.2260939058090775
Krieg,41.86667318982387,0.04671621099017398,0.05082714724831386,0.2275645782262198
Krieg,41.9146771037182,0.047015446491927584,0.05115271489575754,0.22902221786144608
Krieg,41.962681017612525,0.04731192684432964,0.051475284946032825,0.2304664365794608
Krieg,42.010684931506844,0.047605573530554474,0.05179477197298517,0.2318968519081427
Krieg,42.05868884540117,0.04789630925336484,0.05211109187736987,0.23331308731624442
Krieg,42.1066927592955,0.04818405799123145,0.05242416194791003,0.23471477248676298
Krieg,42.154696673189825,0.048468745053486334,0.05273390092130328,0.23610154358560317
Krieg,42.20270058708415,0.04875029713443161,0.053040229041092034,0.2374730435251531
Krieg,42.25070450097847,0.04902864236632688,0.05334306811531367,0.238828922222397
Krieg,42.2987084148728,0.04930371037117963,0.05364234157284838,0.24016883685119703
Krieg,42.346712328767126,0.04957543231126225,0.05393797451838161,0.24149245208837278
Krieg,42.394716242661445,0.04984374093828301,0.05422989378590195,0.24279944035322323
Krieg,42.44272015655577,0.05010857064113868,0.054518027990655915,0.24408948204014005
Krieg,42.4907240704501,0.050369857492176165,0.05480230757948053,0.24536226574395772
Krieg,42.53872798434442,0.05062753929189595,0.05508266487944055,0.2466174884777137
Krieg,42.586731898238746,0.050881555612029325,0.05535903414469645,0.24785485588248643
Krieg,42.63473581213307,0.05113184783692333,0.05563135160153111,0.24907408242899054
Krieg,42.68273972602739,0.051378359203171534,0.05589955549146807,0.25027489161062644
Krieg,42.73074363992172,0.05162103483743009,0.0561635861124153,0.2514570161276906
Krieg,42.778747553816046,0.051859821792359234,0.0564233858577695,0.2526201980624542
Krieg,42.82675146771037,0.052094669080636875,0.056678899253422795,0.2537641890448503
Krieg,42.8747553816047,0.05232552770699055,0.056930072992613455,0.25488875040850867
Krieg,42.92275929549902,0.05255235069819789,0.05717685596856635,0.25599365333689394
Krieg,42.97076320939335,0.052775093131009754,0.057419199304873256,0.2570786789993256
Krieg,43.018767123287674,0.05299371215795173,0.05765705638356485,0.2581436186766625
Krieg,43.066771037181994,0.053208167030964995,0.0578903828708319,0.2591882738764621
Krieg,43.11477495107632,0.05341841912284905,0.05811913674035494,0.26021245643743307
Krieg,43.16277886497065,0.053624431946473615,0.05834327829420675,0.26121598862302015
Krieg,43.21078277886497,0.05382617117173052,0.058562770181296006,0.26219870320398064
Krieg,43.258786692759294,0.0540236046401997,0.058777577413323866,0.2631604435298256
Krieg,43.30679060665362,0.05421670237750732,0.05898766737822952,0.2641010635890185
Krieg,43.35479452054794,0.05440543660335847,0.0591930098511058,0.26502042805784715
Krieg,43.40279843444227,0.0545897817392306,0.05939357700256965,0.26591841233789976
Krieg,43.450802348336595,0.05476971441371668,0.05958934340457538,0.26679490258209254
Krieg,43.49880626223092,0.05494521346551392,0.05978028603366647,0.26764979570922864
Krieg,43.54681017612524,0.055116259944054766,0.059966384271662045,0.26848299940707165
Krieg,43.59481409001957,0.055282837107783415,0.06014761990378177,0.26929443212395027
Krieg,43.642818003913895,0.05544493042008388,0.06032397711421555,0.27008402304892287
Krieg,43.69082191780822,0.05560252754287057,0.06049544247915009,0.27085171208055603
Krieg,43.73882583170254,0.05575561832785598,0.060662004957268235,0.27159744978438766
Krieg,43.78682974559687,0.055904194805514514,0.06082365587774153,0.2723211973391672
Krieg,43.834833659491196,0.05604825117176542,0.060980388925741334,0.27302292647198545
Krieg,43.882837573385515,0.05618778377240198,0.0611322001254978,0.27370261938242596
Krieg,43.93084148727984,0.05632279108529812,0.06127908782094071,0.2743602686558897
Krieg,43.97884540117417,0.05645327370042732,0.06142105265396006,0.27499587716626256
Krieg,44.02684931506849,0.05657923429773344,0.0615580975403296,0.27560945796812
Krieg,44.074853228962816,0.056700677622895525,0.061690227643338945,0.27620103417867164
Krieg,44.12285714285714,0.056817610461033674,0.06181745034518566,0.2767706388496776
Krieg,44.17086105675146,0.0569300416084063,0.06193977521618188,0.2773183148295794
Krieg,44.21886497064579,0.05703798184215229,0.062057213981833885,0.2778441146161077
Krieg,44.266868884540116,0.05714144388813546,0.062169780487856915,0.278348100199646
Krieg,44.31487279843444,0.05724044238695196,0.06227749066319127,0.27883034289764536
Krieg,44.36287671232877,0.057334993858164145,0.06238036248108886,0.2792909231803998
Krieg,44.41088062622309,0.057425116662828055,0.062478415918343154,0.27972993048850997
Krieg,44.45888454011742,0.05751083096438391,0.06257167291273814,0.28014746304237265
Krieg,44.506888454011744,0.05759215868798206,0.06266015731879501,0.2805436276440481
Krieg,44.554892367906064,0.05766912347831973,0.06274389486189866,0.2809185394718748
Krieg,44.60289628180039,0.05774175065606586,0.06282291309088792,0.2812723218682047
Krieg,44.65090019569472,0.05781006717295349,0.06289724132919625,0.28160510612064954
Krieg,44.69890410958904,0.057874101565621824,0.06296691062463192,0.281917031237235
Krieg,44.746908023483364,0.05793388390829144,0.06303195369788879,0.28220824371587216
Krieg,44.79491193737769,0.057989445764357994,0.06309240488988034,0.28247889730856
Krieg,44.84291585127201,0.05804082013699117,0.06314830010799136,0.28272915278074207
Krieg,44.89091976516634,0.05808804141882725,0.06319967677134364,0.28295917766624895
Krieg,44.938923679060665,0.058131145340844,0.06324657375517194,0.2831691460182564
Krieg,44.98692759295499,0.05817016892050865,0.06328903133440901,0.28335923815670333
Krieg,45.03493150684932,0.05820515040928903,0.06332709112657793,0.28352964041260775
Krieg,45.08293542074364,0.05823612923961968,0.06336079603409125,0.28368054486972694
Krieg,45.130939334637965,0.05826314597141408,0.06339019018605643,0.28381214910400737
Krieg,45.17894324853229,0.058286242238214825,0.06341531887968731,0.28392465592127075
Krieg,45.22694716242661,0.05830546069307276,0.06343622852142078,0.28401827309358013
Krieg,45.27495107632094,0.058320844954246505,0.06345296656783787,0.28409321309473007
Krieg,45.322954990215266,0.05833243955081266,0.06346558146648786,0.28414969283530306
Krieg,45.370958904109585,0.05834028986827637,0.06347412259671262,0.28418793339772686
Krieg,45.41896281800391,0.05834444209427079,0.0634786402105677,0.2842081597717647
Krieg,45.46696673189824,0.05834494316443317,0.06347918537393574,0.28421060059086684
Krieg,45.51497064579256,0.05834184070854369,0.06347580990792547,0.28419548786980087
Krieg,45.562974559686886,0.05833518299701126,0.06346856633064847,0.28416305674397285
Krieg,45.61097847358121,0.058325018887789536,0.06345750779946388,0.28411354521084414
Krieg,45.65898238747554,0.058311397773803376,0.06344268805377846,0.2840471938738343
Krieg,45.70698630136987,0.058294369530965236,0.06342416135848855,0.28396424568909795
Krieg,45.754990215264186,0.05827398446685687,0.06340198244814585,0.28386494571554255
Krieg,45.80299412915851,0.05825029327015147,0.06337620647192878,0.28374954086845267
Krieg,45.85099804305284,0.058223346960846405,0.06334688893949587,0.2836182796770635
Krieg,45.89900195694716,0.058193196841375916,0.0633140856677964,0.2834714120464199
Krieg,45.94700587084149,0.05815989444866903,0.0632778527289095,0.28330918902384084
Krieg,45.995009784735814,0.05812349150721554,0.0632382463989801,0.2831318625702935
Krieg,46.04301369863013,0.05808403988319895,0.06319532310831558,0.2829396853369651
Krieg,46.09101761252446,0.058041591539753204,0.06314913939270522,0.2827329104473093
Krieg,46.13902152641879,0.057996198493395504,0.06309975184601917,0.28251179128482057
Krieg,46.18702544031311,0.05794791277168439,0.06304721707414056,0.28227658128677835
Krieg,46.235029354207434,0.057896786372149116,0.06299159165028069,0.282027533744183
Krieg,46.28303326810176,0.05784287122253203,0.06293293207172286,0.281764901608088
Krieg,46.33103718199609,0.05778621914238234,0.06287129471803642,0.281488937302515
Krieg,46.37904109589041,0.05772688180603576,0.06280673581079874,0.28119989254412014
Krieg,46.427045009784734,0.05766491070701066,0.06273931137485826,0.28089801816875976
Krieg,46.47504892367906,0.05760035712384789,0.06266907720116832,0.28058356396508916
Krieg,46.52305283757339,0.05753327208741657,0.06259608881121584,0.28025677851530184
Krieg,46.57105675146771,0.0574637063497054,0.06252040142306642,0.27991790904310576
Krieg,46.619060665362035,0.05739171035411458,0.062442069919041984,0.27956720126900897
Krieg,46.66706457925636,0.057317334207259395,0.06236114881504307,0.2792048992729684
Krieg,46.71506849315068,0.057240627652292826,0.06227769223152399,0.2788312453644392
Krieg,46.76307240704501,0.05716164004375105,0.062191753866124674,0.27844647995984145
Krieg,46.811076320939335,0.057080420323921036,0.06210338696795874,0.27805084146744197
Krieg,46.859080234833655,0.05699701700072673,0.06201264431355367,0.277644566179633
Krieg,46.90708414872798,0.05691147812712569,0.061919578184434394,0.27722788817256905
Krieg,46.95508806262231,0.056823851282005004,0.06182424034633808,0.27680103921310656
Krieg,47.00309197651663,0.056734183552561684,0.06172668203004406,0.2763642486729756
Krieg,47.051095890410956,0.056642521518148706,0.06162695391379832,0.2759177434500898
Krieg,47.09909980430528,0.05654891123556582,0.06152510610730996,0.27546174789689537
Krieg,47.14710371819961,0.05645339822576916,0.061421188137291256,0.27499648375563046
Krieg,47.195107632093936,0.05635602746197252,0.06131524893451187,0.27452217010036406
Krieg,47.243111545988256,0.05625684335910816,0.061207336822332245,0.2740390232856572
Krieg,47.29111545988258,0.05615588976461421,0.0610974995066803,0.2735472569016868
Krieg,47.33911937377691,0.05605320995051104,0.06098578406743055,0.27304708173564757
Krieg,47.38712328767123,0.05594884660672763,0.060872236951143195,0.27253870573924355
Krieg,47.43512720156556,0.055842841835636224,0.060756903965117855,0.27202233400206527
Krieg,47.483131115459884,0.05573523714775086,0.06063983027271355,0.27149816873063637
Krieg,47.5311350293542,0.05562607345854376,0.06052106038988496,0.27096640923290527
Krieg,47.57913894324853,0.05551539108633144,0.06040063818288253,0.27042725190794864
Krieg,47.62714285714286,0.05540322975118023,0.060278606867061615,0.2698808902406391
Krieg,47.67514677103718,0.0552896285747799,0.060155009006745086,0.26932751480103034
Krieg,47.723150684931504,0.055174626081232234,0.060029886516081196,0.268767313248198
Krieg,47.77115459882583,0.05505826019870006,0.059903280660837784,0.2682004703382727
Krieg,47.81915851272016,0.05494056826186161,0.05977523206107259,0.2676271679363955
Krieg,47.867162426614485,0.054821587015113644,0.059645780694618254,0.26704758503232123
Krieg,47.915166340508804,0.0547013526164665,0.05951496590132013,0.266461897759392
Krieg,47.96317025440313,0.054579900642073104,0.05938282638796384,0.265870279416599
Krieg,48.01117416829746,0.054457266091334895,0.059249400233830476,0.2652729004934545
Krieg,48.05917808219178,0.054333483392525674,0.05911472489681538,0.26466992869738676
Krieg,48.107181996086105,0.05420858640887552,0.058978837220047424,0.2640615289833763
Krieg,48.15518590998043,0.05408260844505764,0.058841773438946664,0.2634478635855545
Krieg,48.20318982387475,0.05395558225401967,0.05870356918865681,0.2628290920504803
Krieg,48.25119373776908,0.05382754004410306,0.05856425951179111,0.26220537127182053
Krieg,48.299197651663405,0.05369851348639445,0.05842387886643059,0.2615768555261596
Krieg,48.347201565557725,0.05356853372225324,0.058282461134314095,0.2609436965096683
Krieg,48.39520547945205,0.053437631370961525,0.05814003962916133,0.260306043375368
Krieg,48.44320939334638,0.05330583653744318,0.0579966471050713,0.25966404277073196
Krieg,48.491213307240706,0.05317317882000034,0.05785231576493948,0.2590178388753715
Krieg,48.53921722113503,0.05303968731801733,0.05770707726883978,0.2583675734385633
Krieg,48.58722113502935,0.052905390639583216,0.057560962742317805,0.25771338581638076
Krieg,48.63522504892368,0.052770316908986294,0.05741400278454484,0.2570554130082008
Krieg,48.683228962818006,0.05263449377403629,0.057266227476284425,0.25639378969237236
Krieg,48.731232876712326,0.052497948413170285,0.05711766638762357,0.2557286482608304
Krieg,48.77923679060665,0.05236070754230276,0.05696834858542557,0.25506011885246427
Krieg,48.82724070450098,0.05222279742138107,0.056818302640462406,0.2543883293850507
Krieg,48.8752446183953,0.05208424386060991,0.05666755663418687,0.25371340558557426
Krieg,48.92324853228963,0.051945072226311444,0.05651613816510845,0.25303547101877377
Krieg,48.971252446183954,0.051805307446390274,0.05636407435473916,0.25235464711376293
Krieg,49.01925636007827,0.05166497401537386,0.056211391853077525,0.25167105318858335
Krieg,49.0672602739726,0.05152409599900327,0.05605811684360331,0.2509848064725673
Krieg,49.11526418786693,0.051382697038350834,0.05590427504775751,0.2502960221263954
Krieg,49.163268101761254,0.0512408003534438,0.05574989172888487,0.2496048132597482
Krieg,49.211272015655574,0.051098428746376864,0.055594991695620356,0.24891129094646836
Krieg,49.2592759295499,0.05095560460389821,0.0554395993047027,0.24821556423715724
Krieg,49.30727984344423,0.05081234989945741,0.055283738463202566,0.24751774016915118
Krieg,49.355283757338555,0.05066868619470512,0.05512743263015419,0.2468179237738265
Krieg,49.403287671232874,0.050524634640438944,0.05497070481758447,0.2461162180812071
Krieg,49.4512915851272,0.05038021597699115,0.054813577590934824,0.24541272412185317
Krieg,49.49929549902153,0.05023545053405758,0.05465607306887502,0.24470754092602762
Krieg,49.54729941291585,0.050090358229969566,0.054498212922511065,0.2440007655201497
Krieg,49.595303326810175,0.04994495857041322,0.05434001837399172,0.24329249292055607
Krieg,49.6433072407045,0.04979927064660354,0.054181510194522005,0.24258281612460666
Krieg,49.69131115459882,0.04965331313292295,0.05402270870179389,0.2418718260991815
Krieg,49.73931506849315,0.04950710428403659,0.053863633756847766,0.24115961176662865
Krieg,49.787318982387475,0.049360661931499406,0.05370430476038094,0.24044625998823657
Krieg,49.835322896281795,0.04921400347987192,0.05354474064852161,0.23973185554531332
Krieg,49.88332681017613,0.049067145902364336,0.05338495988808968,0.23901648111796805
Krieg,49.93133072407045,0.048920105736031,0.0532249804713683,0.23830021726170203
Krieg,49.979334637964776,0.0487728990765383,0.05306481991041138,0.23758314238192219
Krieg,50.0273385518591,0.04862554157253282,0.05290449523091617,0.23686533270650723
Krieg,50.07534246575342,0.04847804841963679,0.052744022965690265,0.23614686225655784
Krieg,50.12334637964775,0.0483304343541005,0.05258341914774549,0.23542780281547668
Krieg,50.171350293542076,0.0481827136461434,0.05242269930305304,0.23470822389653126
Krieg,50.219354207436396,0.048034900093015906,0.05226187844299468,0.2339881927090565
Krieg,50.26735812133072,0.04788700701181657,0.052100971056547894,0.2332677741234657
Krieg,50.31536203522505,0.04773904723210006,0.05193999110224336,0.2325470306352424
Krieg,50.36336594911937,0.04759103308831228,0.051778951999934375,0.23182602232809038
Krieg,50.4113698630137,0.0474429764120905,0.05161786662241943,0.2311048068364258
Krieg,50.45937377690802,0.04729488852446701,0.05145674728695975,0.23038343930739955
Krieg,50.50737769080234,0.04714678022801534,0.05129560574673447,0.2296619723626399
Krieg,50.55538160469668,0.046998661798978894,0.05113445318227653,0.22894045605990937
Krieg,50.603385518591,0.04685054297942267,0.050973300192933835,0.22821893785487413
Krieg,50.65138943248532,0.04670243296944792,0.05081215678839875,0.2274974625631799
Krieg,50.69939334637965,0.04655434041951118,0.05065103238035128,0.22677607232303634
Krieg,50.74739726027397,0.04640627342288825,0.05048993577425982,0.22605480655850746
Krieg,50.7954011741683,0.046258239508323154,0.05032887516138334,0.22533370194370322
Krieg,50.843405088062624,0.04611024563290382,0.05016785811102005,0.22461279236807544
Krieg,50.891409001956944,0.04596229817520295,0.050006891563044706,0.2238921089030054
Krieg,50.93941291585127,0.04581440292872463,0.049845981820778575,0.22317167976988114
Krieg,50.9874168297456,0.0456665650956953,0.049685134544233955,0.22245153030985165
Krieg,51.03542074363992,0.04551878928123662,0.04952435474377431,0.2217316829554419
Krieg,51.083424657534245,0.045371079487957995,0.04936364677423094,0.22101215720421172
Krieg,51.13142857142857,0.04522343911100453,0.04920301432951515,0.2202929695946335
Krieg,51.17943248532289,0.04507587093359546,0.049042460437764085,0.21957413368435877
Krieg,51.227436399217225,0.044928377123086706,0.048881987457056804,0.21885566003103823
Krieg,51.275440313111545,0.04478095922759001,0.04872159707173589,0.21813755617585276
Krieg,51.323444227005865,0.04463361817317945,0.04856129028936815,0.21741982662990567
Krieg,51.3714481409002,0.044486354261714635,0.04840106743837625,0.21670247286361924
Krieg,51.41945205479452,0.0443391671693086,0.0482409281663718,0.21598549329927125
Krieg,51.467455968688846,0.04419205594546565,0.048080871439217326,0.21526888330679553
Krieg,51.51545988258317,0.04404501901291424,0.04792089554084442,0.21455263520296755
Krieg,51.56346379647749,0.04389805416815643,0.04776099807385161,0.21383673825408128
Krieg,51.61146771037182,0.043751158582754704,0.047601175960904324,0.21312117868221728
Krieg,51.659471624266146,0.043604328805374265,0.04744142544695698,0.21240593967519125
Krieg,51.707475538160466,0.043457560764597475,0.04728174210231507,0.2116910014002639
Krieg,51.75547945205479,0.043310849772524175,0.04712212082655227,0.21097634102167856
Krieg,51.80348336594912,0.0431641905291706,0.046962555853296485,0.2102619327220895
Krieg,51.85148727984344,0.043017577127676385,0.04680304075589507,0.20954774772792634
Krieg,51.89949119373777,0.042871003060327664,0.046643568453967915,0.2088337543387337
Krieg,51.94749510763209,0.04272446122540214,0.04648413122085489,0.20811991796051504
Krieg,51.99549902152641,0.04257794393483906,0.04632472069196075,0.20740620114309488
Krieg,52.04350293542075,0.042431442922735665,0.04616532787399929,0.20669256362150662
Krieg,52.09150684931507,0.04228494935466942,0.04600594315513585,0.20597896236140312
Krieg,52.139510763209394,0.04213845383784212,0.045846556316024155,0.20526535160847095
Krieg,52.18751467710372,0.04199194643204179,0.04568715654173278,0.20455168294182796
Krieg,52.23551859099804,0.041845416661413705,0.04552773243455204,0.2038379053313625
Krieg,52.28352250489237,0.0416988535270322,0.04536827202767208,0.20312396519897344
Krieg,52.331526418786694,0.04155224552026121,0.04520876279971911,0.20240980648365203
Krieg,52.379530332681014,0.04140558063688976,0.045049191690134785,0.20169537071033897
Krieg,52.42753424657534,0.04125884639202763,0.044889545115382685,0.20098059706248433
Krieg,52.47553816046967,0.04111202983574337,0.04472980898596243,0.2002654224582237
Krieg,52.52354207436399,0.04096511756942525,0.04456996872421036,0.1995497816300758
Krieg,52.571545988258315,0.04081809576284473,0.044410009282864545,0.19883360720806217
Krieg,52.61954990215264,0.04067095017189941,0.04424991516436912,0.19811682980613712
Krieg,52.66755381604696,0.04052366615701095,0.04408967044089117,0.1973993781118076
Krieg,52.715557729941295,0.04037622870215259,0.04392925877502257,0.1966811789788204
Krieg,52.763561643835615,0.04022862243447868,0.043768663441136994,0.19596215752278182
Krieg,52.81156555772994,0.04008083164452721,0.04360786734737014,0.19524223721956843
Krieg,52.85956947162427,0.039932840306966165,0.043446853058191764,0.194521340006387
Krieg,52.90757338551859,0.03978463210185145,0.04328560281753423,0.19379938638532623
Krieg,52.955577299412916,0.039636190436365064,0.04312409857244362,0.19307629552924818
Krieg,53.00358121330724,0.03948749846699981,0.04296232199721668,0.19235198538985468
Krieg,53.05158512720156,0.039338539122155965,0.04280025451798591,0.19162637280776035
Krieg,53.09958904109589,0.039189295125115736,0.04263787733771574,0.19089937362440623
Krieg,53.147592954990216,0.03903974901735921,0.04247517146157026,0.19017090279563664
Krieg,53.195596868884536,0.03888988318218553,0.042312117722613,0.18944087450676295
Krieg,53.24360078277886,0.038739679868602626,0.0421486968077989,0.18870920228893553
Krieg,53.29160469667319,0.03858912121544846,0.04198488928421818,0.18797579913664345
Krieg,53.33960861056751,0.03843818927570571,0.0418206756255507,0.18724057762615648
Krieg,53.387612524461844,0.03828686604097278,0.04165603623869034,0.18650345003472857
Krieg,53.43561643835616,0.038135133466053205,0.04149095149049821,0.18576432846037796
Krieg,53.48362035225048,0.03798297349362513,0.04132540173464306,0.18502312494205772
Krieg,53.53162426614482,0.03783036807895395,0.04115936733848851,0.18427975158003593
Krieg,53.57962818003914,0.03767729921461018,0.04099282870998609,0.18353412065630192
Krieg,53.627632093933464,0.03752374895515508,0.04082576632453316,0.18278614475481503
Krieg,53.67563600782779,0.03736969944175791,0.04065816075175637,0.1820357368814206
Krieg,53.72363992172211,0.03721513292670752,0.04048999268218033,0.18128281058325107
Krieg,53.77164383561644,0.03706003179778333,0.04032124295374307,0.18052728006744218
Krieg,53.819647749510764,0.036904378602449966,0.04015189257811985,0.17976906031899018
Krieg,53.867651663405084,0.036748156071840885,0.03998192276681726,0.1790080672175812
Krieg,53.91565557729941,0.036591347144497924,0.03981131495700179,0.17824421765323165
Krieg,53.96365949119374,0.036433934989833466,0.03964005083702666,0.17747742964057728
Krieg,54.01166340508806,0.03627590303128311,0.039468112371621844,0.17670762243165491
Krieg,54.05966731898239,0.03611723496911831,0.03929548182671418,0.17593471662702748
Krieg,54.10767123287671,0.03595791480288905,0.039122141793844996,0.17515863428510725
Krieg,54.15567514677103,0.03579792685346703,0.038948075214153006,0.17437929902953275
Krieg,54.203679060665365,0.03563725578466271,0.038773265401893645,0.17359663615446994
Krieg,54.251682974559685,0.03547588662438905,0.03859769606746515,0.17281057272770534
Krieg,54.29968688845401,0.03531380478534658,0.03842135133991389,0.17202103769140734
Krieg,54.34769080234834,0.0351509960852065,0.03824421578889357,0.1712279619604426
Krieg,54.39569471624266,0.0349874467662682,0.03806627444605249,0.17043127851813158
Krieg,54.443698630136986,0.03482314351457058,0.03788751282582674,0.1696309225093442
Krieg,54.49170254403131,0.03465807347843682,0.037707916945616766,0.16882683133083515
Krieg,54.53970645792563,0.034492224286433705,0.037527473345327154,0.16801894471872772
Krieg,54.58771037181996,0.034325584064728576,0.037346169106250916,0.167207204833063
Krieg,54.635714285714286,0.03415814145382803,0.037163991869281196,0.1663915563393379
Krieg,54.683718199608606,0.033989885624683226,0.0369809298524338,0.16557194648695725
Krieg,54.73172211350293,0.03382080629414943,0.036796971867667116,0.16474832518454066
Krieg,54.77972602739726,0.033650893739787704,0.03661210733698638,0.16392064507202472
Krieg,54.82772994129158,0.03348013881399795,0.03642632630782038,0.16308886158950797
Krieg,54.87573385518591,0.03330853295747505,0.03623961946766168,0.1622529330427986
Krieg,54.92373776908023,0.03313606821198005,0.03605197815796169,0.16141282066562582
Krieg,54.97174168297456,0.03296273723241948,0.03586339438727291,0.16056848867848036
Krieg,55.01974559686889,0.03278853329822901,0.035673860843634345,0.1597199043440672
Krieg,55.06774951076321,0.03261345032405621,0.03548337090619431,0.15886703801934307
Krieg,55.115753424657534,0.03243748286974088,0.03529191865606903,0.15800986320413318
Krieg,55.16375733855186,0.03226062614959142,0.03509949888643529,0.15714835658631804
Krieg,55.21176125244618,0.03208287604095638,0.03490610711185629,0.15628249808358743
Krieg,55.25976516634051,0.031904229092093055,0.03471173957684263,0.1554122708817702
Krieg,55.307769080234834,0.03172468252933488,0.03451639326365045,0.15453766146974776
Krieg,55.355772994129154,0.03154423426356003,0.03432006589931925,0.1536586596709644
Krieg,55.40377690802348,0.0313628828959664,0.034122755961955034,0.15277525867155814
Krieg,55.45178082191781,0.03118062772315736,0.03392446268626364,0.15188745504513476
Krieg,55.49978473581213,0.030997468741544076,0.033725186068340414,0.15099524877421228
Krieg,55.54778864970646,0.030813406651071764,0.03352492686972441,0.1500986432683724
Krieg,55.59579256360078,0.03062844285827714,0.03332368662072484,0.14919764537915395
Krieg,55.64379647749511,0.03044257947868516,0.03312146762302877,0.14829226541172796
Krieg,55.691800391389435,0.03025581933855485,0.03291827295160057,0.14738251713340197
Krieg,55.739804305283755,0.030068165975982986,0.03271410645588268,0.1464684177789963
Krieg,55.78780821917808,0.02987962364137665,0.0325089727603098,0.14554998805314587
Krieg,55.83581213307241,0.029690197297305383,0.032302877264147975,0.14462725212958005
Krieg,55.88381604696673,0.029499892617743644,0.03209582614067047,0.14370023764743267
Krieg,55.931819960861056,0.029308715986716118,0.031887826335683794,0.14276897570464286
Krieg,55.97982387475538,0.029116674496357787,0.0316788855654171,0.14183350084850524
Krieg,56.0278277886497,0.02892377594440061,0.031469012313787674,0.14089385106342706
Krieg,56.07583170254403,0.02873002883110057,0.031258215829057606,0.13995006775595925
Krieg,56.123835616438356,0.028535442355617502,0.03104650611989501,0.13900219573716163
Krieg,56.171839530332676,0.028340026411860574,0.030833893950853928,0.13805028320236556
Krieg,56.21984344422701,0.02814379158381356,0.030620390837288257,0.13709438170840227
Krieg,56.26784735812133,0.027946749140352826,0.030406009039713685,0.13613454614836
Krieg,56.31585127201565,0.027748911029571156,0.030190761557632076,0.13517083472393449
Krieg,56.36385518590998,0.027550289872621682,0.029974662122833635,0.13420330891544122
Krieg,56.4118590998043,0.027350898957095124,0.029757725192191376,0.13323203344955453
Krieg,56.45986301369863,0.027150752229942968,0.029539965939961558,0.13225707626483513
Krieg,56.50786692759296,0.02694986428996139,0.029321400249606194,0.13127850847511738
Krieg,56.55587084148728,0.026748250379847537,0.02910204470515032,0.13029640433081408
Krieg,56.603874755381604,0.026545926377842352,0.028881916582089384,0.12931084117820663
Krieg,56.65187866927593,0.026342908788972476,0.028661033837860464,0.12832189941678263
Krieg,56.69988258317025,0.026139214735903263,0.028439415101890367,0.12732966245467894
Krieg,56.74788649706458,0.025934861949416393,0.028217079665235283,0.1263342166622961
Krieg,56.795890410958904,0.02572986875852363,0.027994047469824576,0.12533565132414035
Krieg,56.843894324853224,0.025524254080228386,0.0277703390973214,0.12433405858895004
Krieg,56.89189823874756,0.02531803740894748,0.027545975757613556,0.12332953341816671
Krieg,56.93990215264188,0.02511123880560429,0.027320979276946898,0.12232217353280564
Krieg,56.9879060665362,0.02490387888640302,0.02709537208571176,0.1213120793587729
Krieg,57.03590998043053,0.02469597881129736,0.026869177205896835,0.12029935397069356
Krieg,57.08391389432485,0.024487560272162014,0.026642418238219882,0.11928410303429303
Krieg,57.13191780821918,0.024278645480677017,0.02641511934894583,0.11826643474737862
Krieg,57.179921722113505,0.024069257155937013,0.02618730525640574,0.11724645977948203
Krieg,57.227925636007825,0.023859418511792248,0.025959001217223797,0.11622429121019438
Krieg,57.27592954990215,0.023649153243931884,0.02573023301226401,0.11520004446624654
Krieg,57.32393346379648,0.023438485516719183,0.025501026932306887,0.11417383725738024
Krieg,57.3719373776908,0.023227439949785628,0.025271409763463894,0.11314578951104548
Krieg,57.419941291585125,0.023016041604393078,0.025041408772339485,0.11211602330596744
Krieg,57.46794520547945,0.022804315969573125,0.02481105169095076,0.11108466280462852
Krieg,57.51594911937377,0.022592288948049523,0.02458036670141108,0.11005183418469337
Krieg,57.5639530332681,0.022379986841952415,0.02434938242038721,0.10901766556942001
Krieg,57.611956947162426,0.022167436338332555,0.02411812788333877,0.10798228695709637
Krieg,57.659960861056746,0.02195466449448094,0.023886632528546066,0.10694583014952927
Krieg,57.70796477495108,0.021741698723061812,0.02365492618093479,0.1059084286796239
Krieg,57.7559686888454,0.021528566777067017,0.023423039035706434,0.10487021773809356
Krieg,57.80397260273973,0.021315296734595826,0.023191001641778716,0.10383133409931873
Krieg,57.85197651663405,0.021101916983469467,0.022958844885046258,0.10279191604640131
Krieg,57.89998043052837,0.02088845620568561,0.022726599971467077,0.10175210329543909
Krieg,57.9479843444227,0.020674943361719076,0.022494298409981794,0.10071203691905115
Krieg,57.99598825831703,0.02046140767467603,0.022261971995273428,0.09967185926918956
Krieg,58.04399217221135,0.020247878614307654,0.02202965279037429,0.09863171389926667
Krieg,58.091996086105674,0.020034385880889172,0.021797373109126415,0.09759174548562631
Krieg,58.14,0.019820959388971715,0.021565165498503597,0.09655209974839575
Petrus,20.0,0.024436113627997174,0.02726438995382099,0.12206881039624516
Petrus,20.06457925636008,0.024732120337229786,0.027594656970594832,0.12354749016568008
Petrus,20.129158512720156,0.025027719272860505,0.027924469017373683,0.12502413293204437
Petrus,20.193737769080236,0.025322812630723206,0.028253716969974998,0.12649825012181148
Petrus,20.258317025440313,0.02561730180163487,0.02858229080602534,0.12796934914005215
Petrus,20.322896281800393,0.02591108742902172,0.02891007966925627,0.12943693365830136
Petrus,20.38747553816047,0.026204069467922718,0.029236971935337003,0.13090050390930622
Petrus,20.45205479452055,0.0264961472453323,0.029562855279201324,0.13235955698846352
Petrus,20.516634050880626,0.02678721952184184,0.029887616743823512,0.13381358716174516
Petrus,20.581213307240706,0.027077184554537764,0.0302111428103964,0.13526208617990104
Petrus,20.645792563600782,0.027365940161111674,0.030533319469861722,0.13670454359871656
Petrus,20.710371819960862,0.027653383785137323,0.03085403229574234,0.13814044710509882
Petrus,20.77495107632094,0.02793941256246557,0.031173166518221853,0.13956928284874784
Petrus,20.83953033268102,0.028223923388688572,0.031490607099417235,0.140990535779169
Petrus,20.904109589041095,0.028506812987621206,0.03180623880978637,0.14240368998776676
Petrus,20.968688845401175,0.02878797798074696,0.03211994630561177,0.14380822905475676
Petrus,21.03326810176125,0.029067314957573354,0.03243161420749902,0.14520363640062106
Petrus,21.09784735812133,0.02934472054684056,0.032741127179827204,0.14658939564182544
Petrus,21.162426614481408,0.029620091488525256,0.03304837001108661,0.14796499095050955
Petrus,21.227005870841488,0.02989332470658024,0.03335322769503735,0.14932990741785218
Petrus,21.291585127201564,0.03016431738234866,0.03365558551262069,0.15068363142080682
Petrus,21.356164383561644,0.030432967028590944,0.03395532911455392,0.15202565099189747
Petrus,21.42074363992172,0.03069917156406005,0.034252344604537154,0.15335545619175414
Petrus,21.4853228962818,0.03096282938856074,0.03454651862300001,0.15467253948406567
Petrus,21.549902152641877,0.031223839458426064,0.03483773843131392,0.15597639611261715
Petrus,21.614481409001957,0.03148210136234397,0.035125891996395014,0.15726652448007605
Petrus,21.679060665362034,0.031737515397465464,0.03541086807562117,0.15854242652818504
Petrus,21.743639921722114,0.03198998264572476,0.03569255630198557,0.15980360811901362
Petrus,21.80821917808219,0.032239405050301,0.03597084726940827,0.1610495794169171
Petrus,21.87279843444227,0.032485685492150265,0.0362456326181261,0.16227985527084657
Petrus,21.93737769080235,0.03272872786653536,0.03651680512008016,0.1634939555966478
Petrus,22.001956947162427,0.03296843715948115,0.03678425876422023,0.16469140575898836
Petrus,22.066536203522503,0.0332047195240811,0.03704788884164314,0.16587173695254123
Petrus,22.131115459882583,0.03343748235658173,0.03730759203048337,0.1670344865820592
Petrus,22.195694716242663,0.033666634372169615,0.03756326648047177,0.16817919864096312
Petrus,22.26027397260274,0.033892085680386465,0.03781481189707929,0.16930542408807256
Petrus,22.324853228962816,0.03411374786009695,0.038062129625161735,0.17041272122210196
Petrus,22.389432485322896,0.03433153403393319,0.038305122732020545,0.17150065605354262
Petrus,22.454011741682976,0.03454535894214083,0.038543696089795965,0.17256880267355534
Petrus,22.518590998043052,0.034755139015750496,0.03877775645710749,0.17361674361949322
Petrus,22.583170254403132,0.03496079244899911,0.03900721255985733,0.17464407023667675
Petrus,22.64774951076321,0.035162239270925155,0.0392319751711122,0.17565038303604277
Petrus,22.71232876712329,0.035359401416062725,0.03945195718997971,0.17663529204729161
Petrus,22.776908023483365,0.03555220279415893,0.03966707371939486,0.17759841716715502
Petrus,22.841487279843445,0.035740569358840124,0.039877242142733894,0.17853938850241333
Petrus,22.90606653620352,0.03592442917515225,0.04008238219917185,0.1794578467072884
Petrus,22.9706457925636,0.036103712485902,0.040282416057702164,0.18035344331484585
Petrus,23.035225048923678,0.036278351776725164,0.040477268389736094,0.18122584106203926
Petrus,23.099804305283758,0.03644828183981032,0.040666866440201975,0.1820747142080373
Petrus,23.164383561643834,0.036613439836205554,0.040851140097063365,0.18289974884547225
Petrus,23.228962818003914,0.036773765356638385,0.041030021959178375,0.18370064320426147
Petrus,23.29354207436399,0.036929200480778517,0.04120344740242159,0.1844771079476501
Petrus,23.35812133072407,0.0370796898348752,0.04137135464399252,0.18522886646013445
Petrus,23.422700587084147,0.037225180647701785,0.04153368480483518,0.18595565512692863
Petrus,23.487279843444227,0.03736562280474101,0.04169038197009497,0.18665722360464349
Petrus,23.551859099804304,0.037500968900546675,0.041841393247540694,0.18733333508285516
Petrus,23.616438356164384,0.037631174289217986,0.04198666882388096,0.18798376653624624
Petrus,23.68101761252446,0.03775619713292465,0.04212616201890558,0.18860830896700914
Petrus,23.74559686888454,0.03787599844842271,0.04225982933738529,0.18920676763721267
Petrus,23.810176125244617,0.03799054215150231,0.04238763051866393,0.18977896229083746
Petrus,23.874755381604697,0.03809979509931054,0.04250952858387979,0.19032472736519662
Petrus,23.939334637964777,0.038203727130494344,0.04262548988075482,0.19084391219146696
Petrus,24.003913894324853,0.038302311103110366,0.042735484125892086,0.1913363811840643
Petrus,24.06849315068493,0.038395522930250454,0.04283948444452474,0.19180201401860858
Petrus,24.13307240704501,0.03848334161333399,0.04293746740766162,0.19224070579823307
Petrus,24.19765166340509,0.03856574927301952,0.043029413066576615,0.192652367208001
Petrus,24.262230919765166,0.038642731177691424,0.0431153049845925,0.1930369246572089
Petrus,24.326810176125242,0.03871427576947858,0.04319513026611096,0.1933943204093606
Petrus,24.391389432485322,0.03878037468776503,0.043268879582844484,0.1937245126996134
Petrus,24.455968688845402,0.03884102279015461,0.04333654719720744,0.194027475839505
Petrus,24.52054794520548,0.03889621817085396,0.04339813098282679,0.19430320030878467
Petrus,24.585127201565555,0.03894596217644127,0.04345363244213592,0.19455169283418486
Petrus,24.649706457925635,0.038990259418989676,0.04350305672101695,0.1947729764549781
Petrus,24.714285714285715,0.039029117786518006,0.0435464126204611,0.19496709057518288
Petrus,24.77886497064579,0.03906254845074325,0.043583712605218414,0.19513409100229073
Petrus,24.84344422700587,0.03909056587211233,0.04361497280941193,0.19527404997240191
Petrus,24.908023483365948,0.03911318780209297,0.04364021303909369,0.19538705616166926
Petrus,24.972602739726028,0.0391304352827071,0.04365945677172414,0.19547321468396744
Petrus,25.037181996086105,0.03914233264329171,0.04367273115255811,0.19553264707471207
Petrus,25.101761252446185,0.03914890749447628,0.04368006698792512,0.1955654912607742
Petrus,25.16634050880626,0.03915019071936759,0.04368149873539395,0.19557190151644485
Petrus,25.23091976516634,0.03914621646193635,0.04367706449081514,0.19555204840542134
Petrus,25.295499021526417,0.0391370221126026,0.04366680597223795,0.1955061187088
Petrus,25.360078277886497,0.039122648291019885,0.04365076850070202,0.19543431533907593
Petrus,25.424657534246574,0.03910313882606103,0.04362900097790661,0.19533685724016342
Petrus,25.489236790606654,0.03907854073301139,0.043601555860764196,0.1952139792734664
Petrus,25.55381604696673,0.03904890418797828,0.043568489132847985,0.19506593209004272
Petrus,25.61839530332681,0.03901428249952841,0.04352986027274662,0.19489298198892097
Petrus,25.68297455968689,0.038974732077567714,0.04348573221934213,0.194695410761642
Petrus,25.747553816046967,0.03893031239948145,0.043436171334030986,0.1944735155231143
Petrus,25.812133072407043,0.03888108597355508,0.043381247359911314,0.19422760852888563
Petrus,25.876712328767123,0.038827118299698996,0.04332103337796178,0.1939580169789463
Petrus,25.941291585127203,0.03876847782750407,0.043255605760242455,0.19366508280819883
Petrus,26.00587084148728,0.038705235911656845,0.04318504412014966,0.19334916246373762
Petrus,26.070450097847356,0.03863746676474668,0.04310943125976094,0.19301062666910068
Petrus,26.135029354207436,0.03856524740749977,0.04302885311430912,0.19264986017566732
Petrus,26.199608610567516,0.03848865761647805,0.04294339869382773,0.19226726150139178
Petrus,26.264187866927593,0.03840777986928343,0.042853160022013156,0.19186324265707508
Petrus,26.32876712328767,0.03832269928731069,0.04275823207235158,0.19143822886039122
Petrus,26.39334637964775,0.038233503576095354,0.042658712701562726,0.1909926582378996
Petrus,26.45792563600783,0.03814028296330518,0.04255470258041427,0.19052698151528574
Petrus,26.522504892367905,0.03804313013442662,0.04244630512196461,0.19004166169608794
Petrus,26.587084148727982,0.03794214016620042,0.04233362640729419,0.18953717372917972
Petrus,26.651663405088062,0.03783741045786278,0.042216775108788365,0.1890140041652899
Petrus,26.716242661448142,0.03772904066025113,0.04209586241103779,0.18847265080285588
Petrus,26.78082191780822,0.03761713260283586,0.04197100192942468,0.18791362232351597
Petrus,26.8454011741683,0.03750179021874205,0.04184230962646641,0.1873374379175609
Petrus,26.909980430528375,0.03738311946782692,0.04170990372598983,0.18674462689967294
Petrus,26.974559686888455,0.03726122825788172,0.04157390462521297,0.1861357283152957
Petrus,27.03913894324853,0.037136226364028246,0.041434434804812285,0.18551129053798526
Petrus,27.10371819960861,0.03700822534638258,0.04129161873705678,0.18487187085810566
Petrus,27.168297455968688,0.03687733846606086,0.04114558279209203,0.1842180350632417
Petrus,27.232876712328768,0.03674368059960315,0.04099645514245942,0.18355035701070965
Petrus,27.297455968688844,0.03660736815189428,0.04084436566593823,0.1828694181925599
Petrus,27.362035225048924,0.03646851896766122,0.0406894458467996,0.18217580729346827
Petrus,27.426614481409,0.03632725224162917,0.04053182867556397,0.1814701197419279
Petrus,27.49119373776908,0.03618368842741959,0.04037164854735474,0.18075295725515533
Petrus,27.555772994129157,0.03603794914527493,0.04020904115894297,0.18002492737813683
Petrus,27.620352250489237,0.03589015708869655,0.04004414340457938,0.1792866430172445
Petrus,27.684931506849313,0.03574043593008313,0.039877093270711234,0.17853872196886028
Petrus,27.749510763209393,0.035588910225458625,0.03970802972968331,0.17778178644345113
Petrus,27.81409001956947,0.0354357053183794,0.03953709263252309,0.1770164625855443
Petrus,27.87866927592955,0.03528094724311161,0.03936442260091179,0.17624337999005713
Petrus,27.94324853228963,0.03512476262717049,0.03919016091844328,0.17546317121543908
Petrus,28.007827788649706,0.034967278593314374,0.03901444942127483,0.1746764712940902
Petrus,28.072407045009783,0.0348086226610863,0.0388374303882729,0.1738839172405193
Petrus,28.136986301369863,0.03464892264799766,0.03865924643075969,0.17308614755771426
Petrus,28.201565557729943,0.03448830657044783,0.03848004038196499,0.17228380174219327
Petrus,28.26614481409002,0.03432690254447454,0.03829995518628925,0.1714775197882106
Petrus,28.330724070450096,0.03416483868643037,0.03811913378848422,0.1706679416915933
Petrus,28.395303326810176,0.034002243013679836,0.037937719022856545,0.16985570695368085
Petrus,28.459882583170256,0.03383924334541308,0.03775585350260145,0.16904145408584723
Petrus,28.524461839530332,0.03367596720367059,0.037573679509371925,0.16822582011507703
Petrus,28.58904109589041,0.03351254171467419,0.03739133888318959,0.16740944009107195
Petrus,28.65362035225049,0.03334909351055907,0.037208972912803014,0.16659294659536011
Petrus,28.71819960861057,0.03318574863160084,0.037026722226598384,0.1657769692528786
Petrus,28.782778864970645,0.03302263242903152,0.036844726684167245,0.16496213424649786
Petrus,28.84735812133072,0.03285986946853757,0.03666312526863522,0.16414906383495317
Petrus,28.9119373776908,0.03269758343453214,0.03648205597985464,0.1633383758746439
Petrus,28.97651663405088,0.03253589703529353,0.036301655728563455,0.16253068334575926
Petrus,29.041095890410958,0.03237493190905986,0.03612206023161124,0.16172659388318147
Petrus,29.105675146771034,0.03221480853116996,0.0359434039083524,0.16092670931261482
Petrus,29.170254403131114,0.0320556461223386,0.03576581977830498,0.1601316251923812
Petrus,29.234833659491194,0.031897562558153215,0.035589439360172455,0.15934193036131777
Petrus,29.29941291585127,0.03174067427987798,0.035414392572324045,0.15855820649320515
Petrus,29.36399217221135,0.03158509620664904,0.03524080763482735,0.1577810276581453
Petrus,29.42857142857143,0.03143094164914425,0.035068810973126044,0.15701095989130492
Petrus,29.493150684931507,0.031278322224807885,0.03489852712345255,0.1562485607694268
Petrus,29.557729941291583,0.03112734777470964,0.03473007864006417,0.1554943789955049
Petrus,29.622309197651663,0.03097812628211557,0.034563586004389295,0.15474895399201166
Petrus,29.686888454011743,0.030830763792846067,0.03439916753616749,0.15401281550305215
Petrus,29.75146771037182,0.030685364337494334,0.034236939306665354,0.15328648320581184
Petrus,29.816046966731896,0.030542029855576757,0.03407701505404802,0.15257046633165577
Petrus,29.880626223091976,0.030400860121683877,0.033919506100982634,0.15186526329722094
Petrus,29.945205479452056,0.030261952673699067,0.03376452127454899,0.15117136134583795
Petrus,30.009784735812133,0.030125402743148913,0.03361216682852853,0.15048923619960153
Petrus,30.07436399217221,0.029991303187747422,0.03346254636814111,0.14981935172240013
Petrus,30.13894324853229,0.029859744426193352,0.033315760777295665,0.1491621595942006
Petrus,30.20352250489237,0.029730814375277522,0.03317190814841823,0.1485180989968726
Petrus,30.268101761252446,0.02960459838935413,0.03303108371491753,0.14788759631182183
Petrus,30.332681017612522,0.029481179202227505,0.032893379786345656,0.14727106482968969
Petrus,30.397260273972602,0.029360636871503067,0.032758885686308074,0.14666890447236247
Petrus,30.461839530332682,0.029243048725448174,0.03262768769317408,0.14608150152751878
Petrus,30.52641878669276,0.029128489312405772,0.032499868983635494,0.14550922839592897
Petrus,30.590998043052835,0.029017030352800927,0.03237550957915834,0.14495244335170746
Petrus,30.655577299412915,0.028908740693777253,0.03225468629536886,0.1444114903157022
Petrus,30.720156555772995,0.028803686266497205,0.032137472694411584,0.14388669864219147
Petrus,30.78473581213307,0.028701930046137244,0.032023939040314385,0.1433783829190428
Petrus,30.849315068493148,0.02860353201460573,0.031914152257391186,0.1428868427814727
Petrus,30.913894324853228,0.028508549126008476,0.031808175891710484,0.1424123627395326
Petrus,30.978473581213308,0.0284170352748834,0.03170607007565341,0.14195521201942715
Petrus,31.043052837573384,0.02832904126722311,0.03160789149558244,0.14151564441875997
Petrus,31.10763209393346,0.028244614794300425,0.031513693362637415,0.14109389817578066
Petrus,31.17221135029354,0.028163800409309395,0.03142352538667297,0.140690195852697
Petrus,31.23679060665362,0.028086639506830744,0.03133743375334727,0.14030474423309583
Petrus,31.301369863013697,0.028013170305127396,0.03125546110436838,0.13993773423350184
Petrus,31.365949119373777,0.02794342783127309,0.031177646520901665,0.1395893408290886
Petrus,31.430528375733857,0.027877443909113474,0.031104025510137454,0.1392597229935391
Petrus,31.495107632093934,0.027815247150056132,0.0310346299950151,0.13894902365303788
Petrus,31.55968688845401,0.027756862946682725,0.03096948830709579,0.13865736965436115
Petrus,31.62426614481409,0.02770231346917343,0.030908625182573132,0.13838487174701522
Petrus,31.68884540117417,0.027651617664530937,0.030852061761407337,0.13813162457936007
Petrus,31.753424657534246,0.027604791258587703,0.030799815589564794,0.13789770670863644
Petrus,31.818003913894323,0.02756184676077769,0.0307519006243421,0.13768318062480261
Petrus,31.882583170254403,0.02752279347165062,0.03070832724275004,0.13748809278807148
Petrus,31.947162426614483,0.027487637493103678,0.03066910225292949,0.13731247368002214
Petrus,32.01174168297456,0.027456381741303,0.030634228908568494,0.1371563378681483
Petrus,32.076320939334636,0.027429025962264143,0.030603706926286032,0.1370196840836893
Petrus,32.14090019569471,0.027405566750058282,0.030577532505945425,0.13690249531257795
Petrus,32.205479452054796,0.027385997567607834,0.030555698353856887,0.1368047388993234
Petrus,32.27005870841487,0.027370308770032582,0.030538193708825767,0.13672636666363513
Petrus,32.33463796477495,0.027358487630505104,0.030525004371000523,0.13666731502958177
Petrus,32.39921722113503,0.027350518368571303,0.030516112733471126,0.13662750516706415
Petrus,32.46379647749511,0.027346382180889608,0.030511497816566063,0.13660684314537092
Petrus,32.528375733855185,0.02734605727434016,0.03051113530479363,0.13660522009857287
Petrus,32.59295499021526,0.02734951890145266,0.03051499758637026,0.1366225124025002
Petrus,32.65753424657534,0.027356739398099555,0.030523053795276395,0.13665858186303612
Petrus,32.72211350293542,0.02736768822339917,0.03053526985577805,0.13671327591544996
Petrus,32.7866927592955,0.0273823320017709,0.030551608529349565,0.1367864278344808
Petrus,32.851272015655574,0.027400634567083342,0.03057202946393148,0.13687785695487617
Petrus,32.91585127201566,0.02742255700883346,0.03059648924545461,0.1369873689020768
Petrus,32.980430528375734,0.02744805772029402,0.030624941451560084,0.13711475583273347
Petrus,33.04500978473581,0.02747709244856411,0.030657336707442837,0.13725979668473082
Petrus,33.10958904109589,0.02750961434645637,0.03069362274374433,0.137422257436386
Petrus,33.174168297455964,0.02754557402615303,0.030733744456418844,0.13760189137448378
Petrus,33.23874755381605,0.027584919614561276,0.03077764396849575,0.13779843937079983
Petrus,33.303326810176124,0.02762759681029739,0.03082526069365911,0.1380116301667612
Petrus,33.3679060665362,0.02767354894222797,0.03087653140156453,0.13824118066588437
Petrus,33.432485322896284,0.02772271702949513,0.030931390284811802,0.1384867962336269
Petrus,33.49706457925636,0.027775039842952067,0.030989769027491103,0.13874817100428416
Petrus,33.56164383561644,0.02783045396793412,0.03105159687521929,0.13902498819455775
Petrus,33.62622309197651,0.027888893868290132,0.03111680070658236,0.13931692042341923
Petrus,33.6908023483366,0.02795029195159774,0.031185305105898866,0.13962363003788847
Petrus,33.75538160469667,0.028014578635486276,0.03125703243721913,0.13994476944434472
Petrus,33.81996086105675,0.028081682414990098,0.031331902919474186,0.14027998144498538
Petrus,33.88454011741683,0.028151529930855082,0.03140983470268814,0.1406288995790459
Petrus,33.94911937377691,0.028224046038720696,0.03149074394516752,0.1409911484683938
Petrus,34.013698630136986,0.028299153879100206,0.03157454489158112,0.14136634416710972
Petrus,34.07827788649706,0.028376774948081093,0.03166114995184335,0.14175409451466603
Petrus,34.14285714285714,0.02845682916866851,0.03175046978071515,0.142153999492318
Petrus,34.20743639921722,0.028539234962694435,0.031842413358036004,0.14256565158232043
Petrus,34.2720156555773,0.028623909323215277,0.03193688806950099,0.14298863612958493
Petrus,34.336594911937375,0.02871076788732208,0.03203379978789812,0.1434225317053976
Petrus,34.40117416829746,0.0287997250092867,0.032133052954720624,0.14386691047281558
Petrus,34.465753424657535,0.028890693833969028,0.03223455066207037,0.14432133855336735
Petrus,34.53033268101761,0.02898358637041057,0.0323381947347694,0.14478537639468422
Petrus,34.59491193737769,0.02907831356554053,0.03244388581259676,0.14525857913869333
Petrus,34.659491193737765,0.029174785377921692,0.032551523432569944,0.14574049699001018
Petrus,34.72407045009785,0.029272910851464076,0.03266100611119023,0.1462306755841694
Petrus,34.788649706457925,0.02937259818903586,0.0327722314265735,0.14672865635534305
Petrus,34.853228962818,0.029473754825901918,0.032885096100388624,0.14723397690319714
Petrus,34.917808219178085,0.02957628750292157,0.03299949607952729,0.14774617135854587
Petrus,34.98238747553816,0.02968010233943875,0.03311532661743057,0.14826477074746888
Petrus,35.04696673189824,0.029785104905799258,0.03323248235499945,0.14878930335356605
Petrus,35.111545988258314,0.029891200295430635,0.03335085740101733,0.14931929507802708
Petrus,35.17612524461839,0.029998293196422728,0.03347034541201549,0.14985426979720706
Petrus,35.240704500978474,0.030106287962547797,0.03359083967151313,0.15039374971740208
Petrus,35.30528375733855,0.030215088683661222,0.033712233168566384,0.15093725572653083
Petrus,35.36986301369863,0.03032459925542565,0.033834418675562486,0.1514843077424365
Petrus,35.43444227005871,0.030434723448302656,0.03395728882519661,0.15203442505752957
Petrus,35.49902152641879,0.030545364975758653,0.03408073618657205,0.15258712667950527
Petrus,35.56360078277886,0.03065642756163327,0.03420465334036593,0.1531419316678776
Petrus,35.62818003913894,0.030767815006620253,0.03432893295300472,0.15369835946607951
Petrus,35.69275929549902,0.030879431253813438,0.03445346784979659,0.15425593022889322
Petrus,35.7573385518591,0.030991180453271833,0.03457815108696939,0.1548141651449803
Petrus,35.821917808219176,0.031102967025560414,0.034702876022565735,0.15537258675429494
Petrus,35.88649706457926,0.031214695724224962,0.0348275363861488,0.15593071926017246
Petrus,35.951076320939336,0.03132627169716156,0.03495202634727482,0.15648808883589618
Petrus,36.01565557729941,0.031437600546843726,0.03507624058269101,0.15704422392555767
Petrus,36.08023483365949,0.03154858838937183,0.035200074342219466,0.15759865553903357
Petrus,36.144814090019565,0.03165914191231206,0.03532342351329051,0.15815091754091617
Petrus,36.20939334637964,0.031769168431294355,0.035446184684091324,0.15870054693324395
Petrus,36.273972602739725,0.03187857594534053,0.03556825520529791,0.15924708413188937
Petrus,36.3385518590998,0.031987273190896504,0.03568953325036106,0.15979007323647287
Petrus,36.403131115459885,0.032095169694544526,0.03580991787431956,0.16032906229368277
Petrus,36.46771037181996,0.03220217582437332,0.035929309071116036,0.16086360355389123
Petrus,36.53228962818004,0.03230820283998639,0.03604760782939331,0.161393253720967
Petrus,36.596868884540115,0.0324131629411312,0.036164716186751995,0.16191757419519898
Petrus,36.66144814090019,0.03251696931493331,0.036280537282451515,0.16243613130925053
Petrus,36.726027397260275,0.03261953618172225,0.03639497540854009,0.16294849655707996
Petrus,36.79060665362035,0.032720778839438275,0.036507936059401044,0.16345424681577042
Petrus,36.855185909980435,0.03282061370661014,0.03661932597970503,0.1639529645602228
Petrus,36.91976516634051,0.0329189583638971,0.03672905321076007,0.1644442380706754
Petrus,36.98434442270059,0.03301573159418996,0.036837027135254045,0.16492766163302608
Petrus,37.048923679060664,0.033110853421267766,0.03694315852038551,0.1654028357319385
Petrus,37.11350293542074,0.03320424514700866,0.037047359559381446,0.16586936723672663
Petrus,37.17808219178082,0.033295829387156,0.03714954391140298,0.16632686958002157
Petrus,37.2426614481409,0.03338553010564125,0.03724962673984087,0.166774962929229
Petrus,37.30724070450098,0.03347327264746827,0.037347524749005906,0.1672132743508004
Petrus,37.37181996086106,0.03355898377016474,0.037443156219220494,0.16764143796734604
Petrus,37.43639921722114,0.03364259167380775,0.037536441040319585,0.16805909510762607
Petrus,37.50097847358121,0.033724026029633175,0.03762730074357119,0.16846589444946594
Petrus,37.56555772994129,0.033803218007238685,0.03771565853202808,0.16886149215564764
Petrus,37.630136986301366,0.03388010030039299,0.03780143930932408,0.16924555200283745
Petrus,37.69471624266144,0.03395460715146421,0.03788456970692992,0.16961774550361627
Petrus,37.759295499021526,0.03402667437448257,0.03796497810988522,0.1699777520216877
Petrus,37.8238747553816,0.034096239376852897,0.038042594681024014,0.17032525888034086
Petrus,37.888454011741686,0.03416324117973455,0.03811735138371349,0.17065996146425735
Petrus,37.95303326810176,0.034227620437106664,0.03818918200312589,0.1709815633147498
Petrus,38.01761252446184,0.03428931945353851,0.038258022166065615,0.1712897762185327
Petrus,38.082191780821915,0.03434828220068468,0.038323809359373635,0.17158432029012274
Petrus,38.14677103718199,0.03440445433252711,0.0383864829469336,0.17186492404797934
Petrus,38.21135029354207,0.03445778319938517,0.0384459841853035,0.1721313244844908
Petrus,38.27592954990215,0.034508217860717214,0.03850225623799891,0.17238326712992386
Petrus,38.34050880626223,0.034555709096736865,0.038555244188453734,0.17262050611045163
Petrus,38.40508806262231,0.03460020941886821,0.0386048950516855,0.1728428042003819
Petrus,38.46966731898239,0.034641673079064364,0.038651157784692504,0.17304993286870746
Petrus,38.534246575342465,0.03468005607801476,0.03869398329561097,0.17324167232010476
Petrus,38.59882583170254,0.03471531617226654,0.038733324451660736,0.17341781153050861
Petrus,38.66340508806262,0.034747412880285704,0.03876913608590792,0.17357814827738993
Petrus,38.7279843444227,0.03477630748748435,0.03880137500287399,0.17372248916486904
Petrus,38.79256360078278,0.03480196305024015,0.03882999998302048,0.17385064964379474
Petrus,38.85714285714286,0.03482434439893412,0.03885497178613838,0.17396245402691918
Petrus,38.92172211350294,0.034843418140033555,0.0388762531536721,0.174057735499303
Petrus,38.986301369863014,0.03485915265724603,0.0388938088100071,0.17413633612408014
Petrus,39.05088062622309,0.03487151811177112,0.038907605462750676,0.17419810684371523
Petrus,39.11545988258317,0.034880486441675615,0.03891761180203495,0.17424290747688256
Petrus,39.18003913894324,0.03488603136041829,0.03892379849887079,0.17427060671109657
Petrus,39.24461839530333,0.034888128354550046,0.03892613820258184,0.17428108209122323
Petrus,39.3091976516634,0.03488675468061426,0.03892460553734608,0.1742742200039958
Petrus,39.37377690802349,0.03488188936127289,0.03891917709787358,0.17424991565866338
Petrus,39.43835616438356,0.03487351318068223,0.03890983144424697,0.17420807306389022
Petrus,39.50293542074364,0.0348616086791428,0.038896549095952235,0.17414860500103044
Petrus,39.567514677103716,0.0348461601470466,0.03887931252512526,0.17407143299389136
Petrus,39.63209393346379,0.03482715361814476,0.038858106149040374,0.1739764872751028
Petrus,39.69667318982387,0.034804576862157925,0.0388329163218654,0.1738637067492027
Petrus,39.76125244618395,0.034778419376751,0.03880373132570756,0.1737330389525478
Petrus,39.82583170254403,0.03474867237889315,0.038770541360973444,0.17358444001015264
Petrus,39.89041095890411,0.034715328795623585,0.03873333853606607,0.17341787458956137
Petrus,39.95499021526419,0.034678383254242426,0.038692116856440355,0.17323331585184637
Petrus,40.019569471624266,0.034637832071945505,0.03864687221303826,0.17303074539983002
Petrus,40.08414872798434,0.034593673244921096,0.03859760237012357,0.172810153223618
Petrus,40.14872798434442,0.03454590643692571,0.03854430695253543,0.17257153764353078
Petrus,40.213307240704495,0.03449453296735525,0.0384869874323788,0.17231490525051357
Petrus,40.27788649706458,0.03443955579882713,0.03842564711516935,0.172040270844104
Petrus,40.342465753424655,0.03438097952428789,0.03836029112544886,0.1717476573680291
Petrus,40.40704500978474,0.03431881035366012,0.03829092639188668,0.171437095843501
Petrus,40.471624266144815,0.034253056100041736,0.038217561631881634,0.1711086253002763
Petrus,40.53620352250489,0.034183726165469455,0.03814020733567776,0.17076229270553864
Petrus,40.60078277886497,0.03411083152625793,0.03805887575000658,0.17039815289066154
Petrus,40.665362035225044,0.03403438471792451,0.03797358086126702,0.170016268475901
Petrus,40.72994129158513,0.03395439981970979,0.03788433837825432,0.16961670979306898
Petrus,40.794520547945204,0.03387089243870182,0.03779116571444681,0.1691995548062273
Petrus,40.85909980430529,0.033783879693572334,0.03769408196985967,0.16876488903044295
Petrus,40.923679060665364,0.03369338019793215,0.03759310791247392,0.1683128054486413
Petrus,40.98825831702544,0.03359941404331138,0.037488265959246696,0.16784340442658496
Petrus,41.05283757338552,0.03350200278177072,0.03737958015670994,0.16735679362600978
Petrus,41.11741682974559,0.03340116940814793,0.03726707616116208,0.16685308791593842
Petrus,41.18199608610567,0.033296938341944124,0.03715078121845781,0.16633240928219475
Petrus,41.24657534246575,0.03318933540885271,0.03703072414339911,0.16579488673513282
Petrus,41.31115459882583,0.033078387821934174,0.03690693529873125,0.16524065621559705
Petrus,41.37573385518591,0.032964124162438456,0.03677944657374543,0.16466986049912177
Petrus,41.44031311154599,0.03284657436027676,0.03664829136249045,0.1640826490983796
Petrus,41.504892367906066,0.03272576967414353,0.03651350454159386,0.16347917816388205
Petrus,41.56947162426614,0.03260174267128932,0.03637512244769385,0.16285961038293675
Petrus,41.63405088062622,0.03247452720694442,0.03623318285448121,0.1622241148768594
Petrus,41.698630136986296,0.03234415840339296,0.0360877249493515,0.16157286709644006
Petrus,41.76320939334638,0.03221067262869667,0.03593878930966623,0.1609060487156592
Petrus,41.827788649706456,0.03207410747506736,0.03578641787862218,0.16022384752364927
Petrus,41.89236790606654,0.03193450173688654,0.035630653940726925,0.15952645731489296
Petrus,41.956947162426616,0.031791895388370815,0.035471542096879194,0.15881407777765252
Petrus,42.02152641878669,0.031646329560881044,0.035309128239051794,0.15808691438061942
Petrus,42.08610567514677,0.03149784651987363,0.035143459524575156,0.157345178257776
Petrus,42.150684931506845,0.03134648964149168,0.03497458435001914,0.15658908609145844
Petrus,42.21526418786692,0.031192303388794158,0.03480255232467092,0.15581885999361134
Petrus,42.279843444227005,0.03103533328762082,0.034627414243606464,0.1550347273852225
Petrus,42.34442270058708,0.030875625902091308,0.03444922206035384,0.1542369208739307
Petrus,42.409001956947165,0.030713228809736048,0.03426802885914579,0.15342567812979385
Petrus,42.47358121330724,0.030548190576257687,0.03408388882675994,0.15260124175921164
Petrus,42.53816046966732,0.0303805607299213,0.033896857223944914,0.15176385917699348
Petrus,42.602739726027394,0.03021038973557233,0.033706990356431085,0.1509137824765674
Petrus,42.66731898238747,0.030037728968280997,0.03351434554552452,0.1500512682983223
Petrus,42.731898238747554,0.029862630686613007,0.03331898109828401,0.14917657769608392
Petrus,42.79647749510763,0.029685148005526116,0.033120956277280615,0.14828997600172156
Petrus,42.861056751467714,0.02950533486889261,0.032920331269939894,0.1473917326878862
Petrus,42.92563600782779,0.029323246021648867,0.032717167157467975,0.14648212122888563
Petrus,42.99021526418787,0.02913893698157281,0.03251152588336247,0.14556141895970065
Petrus,43.054794520547944,0.028952464010691313,0.032303470221510595,0.14462990693315325
Petrus,43.11937377690802,0.028763884086319864,0.03209306374387683,0.143687869775237
Petrus,43.1839530332681,0.028573254871737563,0.031880370787783864,0.1427355955386264
Petrus,43.24853228962818,0.028380634686500938,0.03166545642279042,0.14177337555438144
Petrus,43.31311154598826,0.028186082476401416,0.03144838641717162,0.1408015042818727
Petrus,43.37769080234834,0.027989657783071078,0.031229227204006796,0.139820279156949
Petrus,43.44227005870842,0.02779142071324312,0.03100804584688216,0.13883000043838015
Petrus,43.50684931506849,0.02759143190767322,0.030784910005215035,0.13783097105260608
Petrus,43.57142857142857,0.027389752509729543,0.030559887899208445,0.13682349643683045
Petrus,43.636007827788646,0.027186444133659792,0.03033304827444533,0.13580788438050115
Petrus,43.70058708414872,0.026981568832544305,0.03010446036613247,0.13478444486522215
Petrus,43.765166340508806,0.026775189065945403,0.02987419386300555,0.13375348990314834
Petrus,43.82974559686888,0.02656736766726365,0.029642318870907132,0.13271533337391614
Petrus,43.894324853228966,0.026358167810813092,0.029408905876051175,0.13167029086017015
Petrus,43.95890410958904,0.02614765297862828,0.0291740257079882,0.13061867948175018
Petrus,44.02348336594912,0.025935886927016195,0.028937749502285923,0.1295608177286038
Petrus,44.088062622309195,0.02572293365286817,0.028700148662942036,0.12849702529250007
Petrus,44.15264187866927,0.02550885735974698,0.028461294824546176,0.12742762289762002
Petrus,44.21722113502935,0.025293722423765323,0.028221259814209098,0.12635293213010512
Petrus,44.28180039138943,0.025077593359273075,0.027980115613278563,0.12527327526665058
Petrus,44.34637964774951,0.024860534784371707,0.027737934318862286,0.12418897510223503
Petrus,44.41095890410959,0.024642611386274074,0.027494788105178445,0.12310035477707797
Petrus,44.47553816046967,0.024423887886530608,0.027250749184757075,0.1220077376029297
Petrus,44.540117416829744,0.02420442900614132,0.027005889769514093,0.12091144688879096
Petrus,44.60469667318982,0.023984299430576384,0.026760282031723284,0.11981180576617581
Petrus,44.6692759295499,0.023763563774726843,0.02651399806491037,0.11870913701402545
Petrus,44.733855185909974,0.023542286547809096,0.026267109844695456,0.1176037628833911
Petrus,44.79843444227006,0.023320532118246484,0.02601968918960998,0.11649600492200267
Petrus,44.86301369863014,0.02309836467855337,0.0257718077219164,0.11538618379884968
Petrus,44.92759295499022,0.022875848210246515,0.025523536828458353,0.11427461912889861
Petrus,44.992172211350294,0.022653046448809694,0.02527494762157024,0.11316162929807624
Petrus,45.05675146771037,0.022430022848738726,0.025026110900076476,0.11204753128865468
Petrus,45.12133072407045,0.02220684054869364,0.02477709711041034,0.1109326405051715
Petrus,45.18590998043052,0.021983562336785827,0.024527976307883385,0.10981727060102438
Petrus,45.25048923679061,0.021760250616028595,0.024278818118137195,0.10870173330588175
Petrus,45.31506849315068,0.02153696736998002,0.024029691698809676,0.10758633825405428
Petrus,45.37964774951077,0.02131377412860658,0.023780665701447695,0.10647139281396915
Petrus,45.44422700587084,0.021090731934398223,0.023531808233700238,0.1053572019189003
Petrus,45.50880626223092,0.02086790130876339,0.023283186821823953,0.10424406789909732
Petrus,45.573385518590996,0.020645342218735336,0.023034868373535997,0.10313229031546925
Petrus,45.63796477495107,0.020423114044019405,0.022786919141247308,0.10202216579497175
Petrus,45.70254403131115,0.020201275544412013,0.022539404685710616,0.10091398786785095
Petrus,45.76712328767123,0.01997988482762175,0.022292389840117083,0.09980804680689613
Petrus,45.83170254403131,0.019758999317523812,0.022045938674676486,0.09870462946885715
Petrus,45.89628180039139,0.01953867572287775,0.021800114461714263,0.09760401913817611
Petrus,45.96086105675147,0.019318970006540023,0.021554979641320717,0.09650649537319109
Petrus,46.025440313111545,0.019099937355200942,0.021310595787585238,0.09541233385495917
Petrus,46.09001956947162,0.01888163214967746,0.02106702357545074,0.09432180623885628
Petrus,46.1545988258317,0.018664107935790944,0.020824322748220773,0.09323518000909922
Petrus,46.219178082191775,0.01844741739586062,0.020582552085753585,0.09215271833634334
Petrus,46.28375733855186,0.018231612320841774,0.020341769373375534,0.09107467993850085
Petrus,46.348336594911935,0.018016743583138147,0.020102031371546758,0.09000131894492724
Petrus,46.41291585127202,0.017802861110116995,0.01986339378631082,0.08893288476411766
Petrus,46.477495107632095,0.017590013858355222,0.01962591124056004,0.08786962195505538
Petrus,46.54207436399217,0.017378249788644134,0.01938963724614727,0.08681177010234983
Petrus,46.60665362035225,0.017167615841779952,0.019154624176874347,0.08575956369529998
Petrus,46.671232876712324,0.016958157915166486,0.01892092324238674,0.08471323201101466
Petrus,46.7358121330724,0.016749920840255256,0.018688584463002523,0.08367299900171632
Petrus,46.800391389432484,0.01654294836084855,0.018457656645504236,0.08263908318635561
Petrus,46.86497064579256,0.01633728311228905,0.018228187359919833,0.0816116975466546
Petrus,46.929549902152644,0.016132966601559152,0.018000222917318714,0.0805910494276945
Petrus,46.99412915851272,0.015930039188312733,0.017773808348648043,0.07957734044316121
Petrus,47.0587084148728,0.015728540066860103,0.017548987384632616,0.07857076638535236
Petrus,47.12328767123287,0.015528507249126687,0.01732580243676116,0.07757151714004884
Petrus,47.18786692759295,0.015329977548604826,0.017104294579380692,0.0765797766063471
Petrus,47.25244618395303,0.015132986565316506,0.016884503532918795,0.07559572262154156
Petrus,47.31702544031311,0.014937568671804291,0.01666646764825312,0.07461952689114335
Petrus,47.38160469667319,0.014743757000166105,0.01645022389224557,0.07365135492411358
Petrus,47.44618395303327,0.014551583430148613,0.016235807834457567,0.07269136597338462
Petrus,47.510763209393346,0.014361078578312458,0.016023253635061272,0.07173971298173586
Petrus,47.57534246575342,0.014172271788281666,0.01581259403396043,0.07079654253308537
Petrus,47.6399217221135,0.013985191122087938,0.015603860341132841,0.06986199480925089
Petrus,47.704500978473575,0.01379986335261906,0.015397082428204735,0.06893620355222646
Petrus,47.76908023483366,0.013616313957180104,0.015192288721266732,0.06801929603201781
Petrus,47.833659491193735,0.013434567112173813,0.014989506194938534,0.06711139302006873
Petrus,47.89823874755382,0.013254645688905475,0.01478876036768824,0.0662126087683045
Petrus,47.962818003913895,0.013076571250516743,0.014590075298411291,0.06532305099381508
Petrus,48.02739726027397,0.012900364050050453,0.014393473584271291,0.06444282086918802
Petrus,48.09197651663405,0.012726043029647824,0.014198976359804308,0.0635720130184982
Petrus,48.156555772994125,0.012553625820877776,0.014006603297286296,0.06271071551895281
Petrus,48.2211350293542,0.01238312874619656,0.013816372608361667,0.06185900990818292
Petrus,48.285714285714285,0.01221456682153453,0.013628301046929463,0.06101697119716543
Petrus,48.35029354207436,0.01204795376000542,0.01344240391328195,0.06018466788875257
Petrus,48.414872798434445,0.011883301976732022,0.013258695059488824,0.05936216200177813
Petrus,48.47945205479452,0.01172062259478104,0.013077186896018982,0.058549509100704666
Petrus,48.5440313111546,0.011559925452197703,0.012897890399589326,0.05774675833076435
Petrus,48.608610567514674,0.011401219110130402,0.012720815122229763,0.05695395245854502
Petrus,48.67318982387475,0.01124451086203299,0.012545969201550591,0.05617112791795956
Petrus,48.73776908023483,0.01108980674393216,0.01237335937219825,0.05539831486153589
Petrus,48.80234833659491,0.010937111545745054,0.012202990978482837,0.054635537216953196
Petrus,48.86692759295499,0.010786428823631462,0.012034867988159972,0.05388281274874644
Petrus,48.93150684931507,0.010637760913363287,0.011868993007347672,0.05314015312509256
Petrus,48.99608610567515,0.010491108944692946,0.011705367296557774,0.05240756398958675
Petrus,49.06066536203522,0.010346472856700876,0.011543990787819787,0.051685045037909834
Petrus,49.1252446183953,0.010203851414101295,0.0113848621028739,0.05097259009928242
Petrus,49.189823874755376,0.010063242224483928,0.011227978572408303,0.05027018722259474
Petrus,49.25440313111546,0.009924641756468393,0.011073336256314794,0.04957781876709555
Petrus,49.318982387475536,0.009788045358746769,0.010920929964935357,0.048895461497517834
Petrus,49.38356164383562,0.009653447279988658,0.010770753281271072,0.04822308668351312
Petrus,49.448140900195696,0.00952084068958242,0.010622798584123978,0.04756066020326277
Petrus,49.51272015655577,0.009390217699184416,0.01047705707214046,0.046908142651125695
Petrus,49.57729941291585,0.009261569385048248,0.010333518788724905,0.046265489449182316
Petrus,49.641878669275926,0.00913488581110383,0.010192172647789996,0.04563265096252451
Petrus,49.706457925636,0.009010156052756419,0.010053006460310274,0.045009572618141834
Petrus,49.771037181996086,0.008887368221373971,0.009916006961643698,0.04439619502724631
Petrus,49.83561643835616,0.008766509489431041,0.009781159839585753,0.043792454110876976
Petrus,49.900195694716245,0.008647566116276295,0.009648449763119323,0.043198281228619566
Petrus,49.96477495107632,0.00853052347449035,0.009517860411823247,0.04261360331027519
Petrus,50.0293542074364,0.008415366076799765,0.009389374505901361,0.04203834299030715
Petrus,50.093933463796475,0.008302077603512759,0.009262973836793687,0.0414724187448941
Petrus,50.15851272015655,0.008190640930441287,0.009138639298330253,0.04091574503141274
Petrus,50.22309197651663,0.008081038157274182,0.009016350918388183,0.04036823243017368
Petrus,50.28767123287671,0.007973250636365012,0.008896087891011512,0.03982978778822915
Petrus,50.35225048923679,0.0078672590018988,0.008777828608953717,0.03930031436507317
Petrus,50.41682974559687,0.007763043199400489,0.008661550696601529,0.03877971198004892
Petrus,50.48140900195695,0.007660582515548814,0.008547231043239522,0.03826787716128175
Petrus,50.545988258317024,0.0075598556082581755,0.008434845836613709,0.03776470329595099
Petrus,50.6105675146771,0.007460840536991594,0.008324370596752962,0.037270080781716036
Petrus,50.67514677103718,0.007363514793267582,0.00821578021000681,0.03678389717911123
Petrus,50.73972602739725,0.007267855331323667,0.008109048963258005,0.03630603736472324
Petrus,50.80430528375734,0.0071738385988994804,0.008004150578268495,0.03583638368496569
Petrus,50.86888454011741,0.0070814405681025585,0.007901058246117684,0.035374816110267014
Petrus,50.9334637964775,0.00699063676631962,0.007799744661691436,0.034921212389485486
Petrus,50.99804305283757,0.006901402307137297,0.0077001820581816165,0.034475448204371435
Petrus,51.06262230919765,0.006813711921235432,0.007602342241555037,0.034037397323892465
Petrus,51.127201565557726,0.006727539987217358,0.00750619662495208,0.033606931758243835
Petrus,51.1917808219178,0.006642860562341341,0.007411716262975049,0.033183921912365126
Petrus,51.256360078277886,0.006559647413118016,0.007318871885827007,0.03276823673878751
Petrus,51.32093933463796,0.006477874045739322,0.007227633933262595,0.032359743889639206
Petrus,51.385518590998046,0.006397513736304495,0.007137972588312448,0.03195830986763726
Petrus,51.45009784735812,0.00631853956080991,0.007049857810744099,0.03156380017589957
Petrus,51.5146771037182,0.006240924424869547,0.006963259370222347,0.0311760794664113
Petrus,51.579256360078276,0.006164641093133976,0.006878146879133241,0.03079501168698526
Petrus,51.64383561643835,0.006089662218376392,0.0067944898250365815,0.030420460226559042
Petrus,51.70841487279843,0.00601596037021481,0.006712257602712472,0.030052288058674655
Petrus,51.77299412915851,0.0059435080634405455,0.006631419545768581,0.029690357882991344
Petrus,51.83757338551859,0.005872277785923917,0.006551944957775702,0.029334532264686512
Petrus,51.90215264187867,0.0058022420260687305,0.006473803142899861,0.028984673771602545
Petrus,51.96673189823875,0.005733373299788589,0.006396963436000912,0.028640645109005002
Petrus,52.031311154598825,0.005665644176978274,0.006321395232167755,0.02830230925181845
Petrus,52.0958904109589,0.005599027307455125,0.006247068015662223,0.027969529574214738
Petrus,52.16046966731898,0.005533495446345917,0.006173951388244268,0.02764216997643124
Petrus,52.22504892367906,0.005469021478895815,0.006102015096852352,0.0273200950087022
Petrus,52.28962818003914,0.005405578444677385,0.006031229060614451,0.02700316999219307
Petrus,52.354207436399214,0.005343139561178189,0.005961563397165709,0.026691261136830572
Petrus,52.41878669275929,0.00528167824674714,0.005892988448250648,0.026384235655929553
Petrus,52.483365949119374,0.005221168142880519,0.0058254748045886064,0.026081961877521157
Petrus,52.54794520547945,0.005161583135829912,0.005758993329982611,0.02578430935229366
Petrus,52.61252446183953,0.005102897377515408,0.005693515184653104,0.025491148958062825
Petrus,52.677103718199604,0.005045085305728627,0.0056290118477793066,0.02520235300069466
Petrus,52.74168297455969,0.004988121663611248,0.00556545513923222,0.024917795311408954
Petrus,52.806262230919764,0.004931981518396047,0.0055028172404847815,0.02463735134039875
Petrus,52.87084148727984,0.00487664027939834,0.005441070714685673,0.024360898246705304
Petrus,52.93542074363992,0.004822073715247422,0.005380188525885146,0.024088314984296446
Petrus,53.0,0.00476825797034833,0.00532014405740211,0.023819482384300133
"Arner, E",20.4,0.0291505710442134,0.03389946450639376,0.15177553256735493
"Arner, E",20.463796477495105,0.02946528423612897,0.03426544734298568,0.15341412010090646
"Arner, E",20.527592954990215,0.02977842187807872,0.034629597958175724,0.15504450436685188
"Arner, E",20.59138943248532,0.030089869430350562,0.03499178315268973,0.15666608900206067
"Arner, E",20.65518590998043,0.03039951239097818,0.03535186977114842,0.1582782778399297
"Arner, E",20.71898238747554,0.030707236380601407,0.035709724800752345,0.1598804753522178
"Arner, E",20.782778864970645,0.031012927227950165,0.03606521547069192,0.16147208709412683
"Arner, E",20.84657534246575,0.0313164710558614,0.03641820935217729,0.16305252015215801
"Arner, E",20.910371819960858,0.03161775436773616,0.03676857445898004,0.16462118359425976
"Arner, E",20.974168297455968,0.03191666413434247,0.03711617934837711,0.16617748892177628
"Arner, E",21.037964774951075,0.03221308788086845,0.03746089322238557,0.16772085052269836
"Arner, E",21.10176125244618,0.03250691377412938,0.03780258602917659,0.1692506861257168
"Arner, E",21.16555772994129,0.032798030709830096,0.03814112856455363,0.17076641725456287
"Arner, E",21.229354207436398,0.03308632839978487,0.03847639257338124,0.17226746968212792
"Arner, E",21.293150684931504,0.03337169745899473,0.038808250850848096,0.1737532738838408
"Arner, E",21.356947162426614,0.03365402949248197,0.039136577343447575,0.17522326548978073
"Arner, E",21.42074363992172,0.03393321718178135,0.039461247249559246,0.17667688573500312
"Arner, E",21.484540117416827,0.034209154370987364,0.03978213711951397,0.17811358190755364
"Arner, E",21.548336594911937,0.034481736152255436,0.040099124955024,0.17953280779363903
"Arner, E",21.612133072407044,0.03475085895065658,0.04041209030786129,0.18093402411943235
"Arner, E",21.67592954990215,0.035016420608284186,0.040720914377666034,0.18231669898898353
"Arner, E",21.73972602739726,0.035278320467511816,0.04102548010876786,0.18368030831770987
"Arner, E",21.803522504892367,0.03553645945330161,0.04132567228590309,0.18502433626094358
"Arner, E",21.867318982387474,0.035790740154464,0.04162137762871237,0.18634827563701917
"Arner, E",21.931115459882584,0.036041066903768786,0.04191248488490257,0.18765162834437993
"Arner, E",21.99491193737769,0.03628734585680964,0.04219888492195905,0.18893390577219474
"Arner, E",22.058708414872797,0.03652948506952539,0.04248047081729585,0.19019462920398045
"Arner, E",22.122504892367903,0.03676739457428129,0.042757137946731284,0.1914333302137272
"Arner, E",22.186301369863013,0.037000986454416254,0.04302878407117964,0.19264955105403667
"Arner, E",22.25009784735812,0.03723017491716285,0.04329530942145045,0.19384284503578741
"Arner, E",22.313894324853226,0.037454876364848635,0.04355661678104921,0.19501277689885244
"Arner, E",22.377690802348337,0.03767500946428936,0.04381261156687536,0.19615892317340203
"Arner, E",22.441487279843443,0.03789049521428636,0.0440632019077156,0.19728087253133625
"Arner, E",22.50528375733855,0.03810125701114304,0.04430829872043361,0.19837822612740327
"Arner, E",22.56908023483366,0.0383072207121166,0.044547815783758674,0.19945059792956768
"Arner, E",22.632876712328766,0.038508314696725235,0.04478166980958034,0.20049761503821287
"Arner, E",22.696673189823873,0.038704469925831396,0.04500978051165689,0.201518917993764
"Arner, E",22.76046966731898,0.038895619998427285,0.04523207067165172,0.20251416107234815
"Arner, E",22.82426614481409,0.03908170120604773,0.045448466202410574,0.20348301256910045
"Arner, E",22.888062622309196,0.03926265258474285,0.04565889620840101,0.20442515506876519
"Arner, E",22.951859099804302,0.039438415964542374,0.045863293043234894,0.20534028570323712
"Arner, E",23.015655577299412,0.03960893601634894,0.04606159236420112,0.20622811639571656
"Arner, E",23.07945205479452,0.03977416029619943,0.04625373318373741,0.20708837409116035
"Arner, E",23.143248532289626,0.03993403928683856,0.04643965791777671,0.20792080097273943
"Arner, E",23.207045009784736,0.04008852643655064,0.04661931243090497,0.20872515466402053
"Arner, E",23.270841487279842,0.04023757819520004,0.046792646078272875,0.2095012084166143
"Arner, E",23.33463796477495,0.04038115404743473,0.04695961174420865,0.21024875128305354
"Arner, E",23.39843444227006,0.04051921654301026,0.047120165877481995,0.21096758827467788
"Arner, E",23.462230919765165,0.040651731324196146,0.04727426852317528,0.21165754050432817
"Arner, E",23.526027397260272,0.04077866715023012,0.0474218833511216,0.21231844531367008
"Arner, E",23.589823874755382,0.040899995918789865,0.04756297768087443,0.21295015638498893
"Arner, E",23.65362035225049,0.04101569268445606,0.0476975225031785,0.21355254383731959
"Arner, E",23.717416829745595,0.04112573567414412,0.04782549249791548,0.2141254943067933
"Arner, E",23.781213307240705,0.04123010629948694,0.04794686604850399,0.21466891101110994
"Arner, E",23.84500978473581,0.04132878916615458,0.04806162525273759,0.21518271379806178
"Arner, E",23.908806262230918,0.04142177208010101,0.0481697559300491,0.21566683917805793
"Arner, E",23.972602739726028,0.04150904605073291,0.04827124762519568,0.2161212403406229
"Arner, E",24.036399217221135,0.04159060529099891,0.04836609360836261,0.2165458871548615
"Arner, E",24.10019569471624,0.04166644721440239,0.0484542908716894,0.21694076615390534
"Arner, E",24.16399217221135,0.04173657242894571,0.04853584012222755,0.21730588050338312
"Arner, E",24.227788649706458,0.04180098472801665,0.04861074577134224,0.21764124995396958
"Arner, E",24.291585127201564,0.04185969107823342,0.048679015920577204,0.21794691077809958
"Arner, E",24.35538160469667,0.04191270160426832,0.04874066234400609,0.21822291569095087
"Arner, E",24.41917808219178,0.041960029570673844,0.04879570046709776,0.21846933375581942
"Arner, E",24.482974559686888,0.04200169136074035,0.04884414934212975,0.21868625027404
"Arner, E",24.546771037181994,0.042037706452416806,0.048886031620186295,0.21887376665961497
"Arner, E",24.6105675146771,0.04206809739133229,0.04892137351978472,0.2190320002987476
"Arner, E",24.67436399217221,0.04209288976095778,0.0489502047921764,0.2191610843944865
"Arner, E",24.738160469667317,0.04211211214995353,0.04897255868337466,0.2192611677967163
"Arner, E",24.801956947162424,0.042125796116749645,0.048988471892965235,0.21933241481774257
"Arner, E",24.865753424657534,0.04213397615141253,0.04899798452976042,0.21937500503374543
"Arner, E",24.92954990215264,0.04213668963485285,0.04900114006436158,0.21938913307239144
"Arner, E",24.993346379647747,0.04213397679543393,0.048997985278698766,0.21937500838691099
"Arner, E",25.057142857142857,0.04212588066304431,0.048988570212621166,0.2193328550169716
"Arner, E",25.120939334637963,0.042112447020700015,0.04897294810761501,0.2192629113366906
"Arner, E",25.18473581213307,0.04209372435374611,0.048951175347729574,0.2191654297901473
"Arner, E",25.24853228962818,0.04206976379673085,0.048923311397796654,0.21904067661477777
"Arner, E",25.312328767123287,0.042040619078027364,0.04888941873903058,0.21888893155304162
"Arner, E",25.376125244618393,0.04200634646228184,0.048849562802100746,0.21871048755277267
"Arner, E",25.439921722113503,0.04196700469076955,0.04880381189777106,0.21850565045663606
"Arner, E",25.50371819960861,0.04192265491974284,0.04875223714520425,0.21827473868113054
"Arner, E",25.567514677103716,0.0418733606568571,0.048694912398031046,0.21801808288558366
"Arner, E",25.631311154598826,0.04181918769576415,0.048631914168288264,0.21773602563160527
"Arner, E",25.695107632093933,0.04176020404896341,0.04856332154833078,0.21742892103347
"Arner, E",25.75890410958904,0.041696479879004274,0.04848921613082617,0.21709713439991515
"Arner, E",25.82270058708415,0.041628087428134376,0.04840968192694204,0.21674104186784704
"Arner, E",25.886497064579256,0.04155510094649023,0.04832480528283824,0.21636103002845783
"Arner, E",25.950293542074363,0.04147759661892862,0.04823467479457845,0.2159574955462655
"Arner, E",26.014090019569473,0.04139565249059779,0.04813938122157622,0.2155308447715923
"Arner, E",26.07788649706458,0.04130934839134957,0.04803901739869316,0.2150814933470086
"Arner, E",26.141682974559686,0.04121876585909355,0.04793367814710681,0.21460986580826832
"Arner, E",26.205479452054796,0.041123988062196346,0.047823460184068016,0.2141163951802722
"Arner, E",26.269275929549902,0.041025099721028864,0.047708462031667544,0.21360152256859563
"Arner, E",26.33307240704501,0.04092218702876551,0.04758878392473277,0.21306569674712134
"Arner, E",26.39686888454012,0.04081533757153886,0.04746452771797482,0.21250937374231602
"Arner, E",26.460665362035225,0.04070464024805496,0.047335796792508426,0.21193301641469908
"Arner, E",26.524461839530332,0.04059018518877204,0.047202695961864195,0.21133709403803808
"Arner, E",26.58825831702544,0.040472063674748024,0.047065331377615566,0.2107220818768195
"Arner, E",26.652054794520545,0.040350368056259585,0.0469238104347402,0.2100884607625305
"Arner, E",26.715851272015655,0.04022519167129582,0.04677824167683553,0.2094367166692873
"Arner, E",26.77964774951076,0.04009662876402938,0.04662873470130811,0.20876734028934685
"Arner, E",26.843444227005868,0.039964774403366043,0.04647540006465415,0.2080808266090264
"Arner, E",26.90724070450098,0.03982972440167348,0.04631834918794846,0.20737767448555613
"Arner, E",26.971037181996085,0.0396915752337882,0.046157694262656875,0.20665838622538024
"Arner, E",27.03483365949119,0.039550423956398795,0.04599354815688636,0.20592346716441753
"Arner, E",27.0986301369863,0.039406368127901374,0.0458260243221841,0.20517342525078006
"Arner, E",27.162426614481408,0.03925950572882262,0.04565523670099675,0.20440877063044727
"Arner, E",27.226223091976514,0.039109935082902315,0.045481299634896624,0.203630015236374
"Arner, E",27.290019569471625,0.03895775477892715,0.04530432777368149,0.20283767238150982
"Arner, E",27.35381604696673,0.03880306359340395,0.04512443598545058,0.2020322563561891
"Arner, E",27.417612524461838,0.03864596041415917,0.044941739267757734,0.20121428203034364
"Arner, E",27.481409001956948,0.038486544164948705,0.04475635265993945,0.2003842644609756
"Arner, E",27.545205479452054,0.03832491373115967,0.044568391156712836,0.19954271850531605
"Arner, E",27.60900195694716,0.03816116788668326,0.04437796962313539,0.19869015844008084
"Arner, E",27.67279843444227,0.037995405222035046,0.0441852027110154,0.1978270975872211
"Arner, E",27.736594911937377,0.03782772407379602,0.04399020477685834,0.19695404794655086
"Arner, E",27.800391389432484,0.03765822245544521,0.04379308980143146,0.1960715198356194
"Arner, E",27.864187866927594,0.03748699798965109,0.04359397131102487,0.19518002153717964
"Arner, E",27.9279843444227,0.03731414784208651,0.043392962300484283,0.1942800589545884
"Arner, E",27.991780821917807,0.037139768656828026,0.043190175158086354,0.1933721352754562
"Arner, E",28.055577299412917,0.03696395649339797,0.0429857215923243,0.19245675064385004
"Arner, E",28.119373776908024,0.03678680676550328,0.04277971256066673,0.19153440184133091
"Arner, E",28.18317025440313,0.03660841418152278,0.0425722582003498,0.1906055819770943
"Arner, E",28.24696673189824,0.03642887268679053,0.0423634677612579,0.18967078018746225
"Arner, E",28.310763209393347,0.03624827540771899,0.04215344954094409,0.18873048134495501
"Arner, E",28.374559686888453,0.0360667145978034,0.04194231082183802,0.18778516577715693
"Arner, E",28.438356164383563,0.035884281585544076,0.041730157810684336,0.18683530899556838
"Arner, E",28.502152641878666,0.03570106672431978,0.04151709558024992,0.18588138143461613
"Arner, E",28.565949119373776,0.035517159344242426,0.04130322801333536,0.18492384820097996
"Arner, E",28.629745596868887,0.03533264770601977,0.04108865774912137,0.1839631688333736
"Arner, E",28.69354207436399,0.03514761895684739,0.04087348613187524,0.18299979707289193
"Arner, E",28.7573385518591,0.03496215908834994,0.040657813162040306,0.18203418064402752
"Arner, E",28.821135029354206,0.034776352896586926,0.040441737449726296,0.1810667610464364
"Arner, E",28.884931506849313,0.03459028394413398,0.040225356170613326,0.18009797335751046
"Arner, E",28.948727984344423,0.034404034524248485,0.04000876502427974,0.17912824604580163
"Arner, E",29.01252446183953,0.034217685627123906,0.039792058194959005,0.17815800079532182
"Arner, E",29.076320939334636,0.03403131690823334,0.03957532831472611,0.17718765234072006
"Arner, E",29.140117416829746,0.033845006658760855,0.03935866642911192,0.17621760831333022
"Arner, E",29.203913894324852,0.03365883177811366,0.03914216196513729,0.1752482690980526
"Arner, E",29.26771037181996,0.03347286774850665,0.03892590270175726,0.1742800277010259
"Arner, E",29.33150684931507,0.033287188611606455,0.038709974742700166,0.17331326962802177
"Arner, E",29.395303326810176,0.03310186694721914,0.03849446249168336,0.17234837277348014
"Arner, E",29.459099804305282,0.03291697385400297,0.03827944862998396,0.17138570732008826
"Arner, E",29.522896281800392,0.032732578932183766,0.03806501409633835,0.17042563564878627
"Arner, E",29.5866927592955,0.032548750268248126,0.03785123806914176,0.1694685122590709
"Arner, E",29.650489236790605,0.0323655544215865,0.037638197950915414,0.1685146836994511
"Arner, E",29.714285714285715,0.03218305641305545,0.037425969355005494,0.16756448850789654
"Arner, E",29.778082191780822,0.03200131971542536,0.03721462609447463,0.16661825716210218
"Arner, E",29.84187866927593,0.03182040624567805,0.037004240173144805,0.1656763120393854
"Arner, E",29.90567514677104,0.031640376359115006,0.03679488177874569,0.16473896738600957
"Arner, E",29.969471624266145,0.03146128884523618,0.03658661927812209,0.16380652929572664
"Arner, E",30.03326810176125,0.03128320092534521,0.03637951921444907,0.16287929569730866
"Arner, E",30.09706457925636,0.031106168251836343,0.03617364630640266,0.1619575563508349
"Arner, E",30.160861056751468,0.03093024490911549,0.03596906344923096,0.16104159285248734
"Arner, E",30.224657534246575,0.03075548341610568,0.035765831717667805,0.1601316786475958
"Arner, E",30.288454011741685,0.030581934730286583,0.03556401037063029,0.15922807905166997
"Arner, E",30.35225048923679,0.030409648253214686,0.035363656857638315,0.15833105127914093
"Arner, E",30.416046966731898,0.030238671837470067,0.035164826826892974,0.1574408444795301
"Arner, E",30.479843444227008,0.03006905179497422,0.03496757413494949,0.15655769978075706
"Arner, E",30.54363992172211,0.029900832906622,0.034771950857918246,0.1556818503392891
"Arner, E",30.60743639921722,0.029734058433169223,0.03457800730412611,0.1548135213968288
"Arner, E",30.67123287671233,0.029568770127317755,0.03438579202817027,0.15395293034323632
"Arner, E",30.735029354207434,0.02940500824693723,0.0341953518462939,0.15310028678536955
"Arner, E",30.798825831702544,0.029242811569363515,0.03400673185301399,0.15225579262153077
"Arner, E",30.86262230919765,0.02908221740671256,0.03381997543892992,0.15141964212119963
"Arner, E",30.926418786692757,0.028923261622147887,0.03363512430964113,0.15059202200973174
"Arner, E",30.990215264187867,0.028765978647039805,0.03345221850570166,0.14977311155769973
"Arner, E",31.054011741682974,0.028610401498954607,0.033271296423540014,0.14896308267455619
"Arner, E",31.11780821917808,0.028456561800411048,0.033092394837271194,0.14816210000629093
"Arner, E",31.18160469667319,0.028304489798342523,0.03291554892132947,0.14737032103676312
"Arner, E",31.245401174168297,0.028154214384202826,0.03274079227384954,0.14658789619238397
"Arner, E",31.309197651663403,0.028005763114653952,0.03256815694072456,0.1458149689498299
"Arner, E",31.372994129158513,0.02785916223277522,0.03239767344027044,0.1450516759464702
"Arner, E",31.43679060665362,0.027714436689732835,0.032229370788425554,0.14429814709319178
"Arner, E",31.500587084148727,0.027571610166850377,0.03206327652441673,0.14355450568931155
"Arner, E",31.564383561643837,0.027430705098021136,0.031899416736822755,0.14282086853926873
"Arner, E",31.628180039138943,0.027291742692404385,0.03173781608996808,0.14209734607079516
"Arner, E",31.69197651663405,0.02715474295734856,0.031578497850580374,0.1413840424542675
"Arner, E",31.75577299412916,0.027019724721485314,0.03142148391464684,0.14068105572294864
"Arner, E",31.819569471624266,0.026886705657940227,0.03126679483440614,0.13998847789383698
"Arner, E",31.883365949119373,0.026755702307606415,0.03111444984541351,0.1393063950888427
"Arner, E",31.947162426614483,0.026626730102429642,0.03096446689361918,0.13863488765602427
"Arner, E",32.010958904109586,0.026499803388654247,0.03081686266240134,0.13797403029062083
"Arner, E",32.074755381604696,0.026374935449981388,0.03067165259949702,0.137323892155628
"Arner, E",32.138551859099806,0.02625213853059239,0.03052885094377617,0.1366845370016714
"Arner, E",32.20234833659491,0.026131423857992123,0.03038847075180645,0.13605602328594316
"Arner, E",32.26614481409002,0.026012801665628502,0.030250523924157616,0.13543840428997259
"Arner, E",32.32994129158513,0.025896281215247157,0.030115021231398,0.13483172823601833
"Arner, E",32.39373776908023,0.025781870818940924,0.029981972339736047,0.13423603840187123
"Arner, E",32.45753424657534,0.025669577860857096,0.029851385836263886,0.1336513732338755
"Arner, E",32.52133072407045,0.025559408818526377,0.029723269253760953,0.1330777664579801
"Arner, E",32.585127201565555,0.02545136928378052,0.029597629095019312,0.1325152471886488
"Arner, E",32.648923679060665,0.025345463983226655,0.02947447085665343,0.13196384003546166
"Arner, E",32.712720156555775,0.025241696798249603,0.029353799052361067,0.1314235652072595
"Arner, E",32.77651663405088,0.02514007078451513,0.029235617235603764,0.13089443861368943
"Arner, E",32.84031311154599,0.025040588190948822,0.029119928021677555,0.13037647196402047
"Arner, E",32.9041095890411,0.02494325047816864,0.029006733109148378,0.1298696728631146
"Arner, E",32.9679060665362,0.024848058336350468,0.02889603330062805,0.12937404490444557
"Arner, E",33.03170254403131,0.02475501170250859,0.0287878285228699,0.12888958776007156
"Arner, E",33.09549902152642,0.024664109777175418,0.028682117846165804,0.12841629726748005
"Arner, E",33.159295499021525,0.024575351040466736,0.028578899503028558,0.127954165513233
"Arner, E",33.223091976516635,0.024488733267521122,0.028478170906146554,0.127503180913354
"Arner, E",33.286888454011745,0.024404253543304652,0.028379928665600303,0.12706332829041048
"Arner, E",33.35068493150685,0.02432190827677365,0.028284168605332415,0.12663458894725363
"Arner, E",33.41448140900196,0.02424169321439104,0.028190885778865894,0.12621694073739256
"Arner, E",33.47827788649707,0.024163603452993735,0.02810007448426773,0.12581035813198982
"Arner, E",33.54207436399217,0.024087633452010305,0.028011728278356966,0.12541481228347406
"Arner, E",33.60587084148728,0.024013777045031118,0.027925839990159684,0.12503027108578102
"Arner, E",33.66966731898239,0.023942027450734173,0.027842401733614783,0.12465669923124022
"Arner, E",33.733463796477494,0.02387237728317275,0.027761404919537564,0.1242940582641385
"Arner, E",33.797260273972604,0.023804818561432187,0.027682840266849702,0.12394230663099927
"Arner, E",33.861056751467714,0.0237393427186657,0.027606697813087056,0.12360139972762824
"Arner, E",33.92485322896282,0.0236759406105205,0.027532966924198505,0.12327128994298507
"Arner, E",33.98864970645793,0.023614602522967373,0.02746163630365102,0.1229519266999488
"Arner, E",34.05244618395304,0.023555318179548933,0.027392694000858732,0.12264325649305673
"Arner, E",34.11624266144814,0.02349807674806284,0.027326127418954904,0.12234522292330118
"Arner, E",34.18003913894325,0.0234428668466984,0.027261923321928238,0.12205776673008048
"Arner, E",34.24383561643836,0.023389676549646146,0.027200067841146317,0.12178082582040578
"Arner, E",34.307632093933464,0.02333849339220174,0.02714054648129096,0.12151433529547503
"Arner, E",34.371428571428574,0.023289304375386413,0.02708334412573139,0.12125822747472985
"Arner, E",34.435225048923684,0.023242095970108102,0.027028445041363255,0.12101243191752091
"Arner, E",34.49902152641879,0.023196854120888025,0.026975832882942294,0.12077687544251071
"Arner, E",34.5628180039139,0.0231535642491791,0.026925490696943354,0.12055148214495132
"Arner, E",34.626614481409,0.023112211256303156,0.02687740092497611,0.12033617341197723
"Arner, E",34.69041095890411,0.023072779526035224,0.026831545406790343,0.12013086793606083
"Arner, E",34.75420743639922,0.023035252926863932,0.026787905382904587,0.11993548172678123
"Arner, E",34.81800391389432,0.02299961481395761,0.026746461496892533,0.11974992812106118
"Arner, E",34.88180039138943,0.022965848030866907,0.026707193797363,0.11957411779203177
"Arner, E",34.945596868884536,0.02293393491099453,0.026670081739669137,0.11940795875668495
"Arner, E",35.009393346379646,0.02290385727886421,0.026635104187384084,0.11925135638248033
"Arner, E",35.073189823874756,0.022875596451220493,0.026602239413579944,0.1191042133930715
"Arner, E",35.13698630136986,0.022849133237991943,0.02657146510194791,0.11896642987332108
"Arner, E",35.20078277886497,0.022824447943150136,0.02654275834779718,0.118837903273773
"Arner, E",35.26457925636008,0.022801520365497364,0.026516095658970985,0.11871852841475392
"Arner, E",35.32837573385518,0.022780329799415744,0.026491452956717752,0.11860819749027345
"Arner, E",35.39217221135029,0.022760855035610376,0.026468805576555312,0.11850680007189354
"Arner, E",35.4559686888454,0.022743074361879563,0.02644812826916661,0.1184142231127387
"Arner, E",35.519765166340505,0.022726965563944098,0.026429395201364073,0.11833035095181374
"Arner, E",35.583561643835615,0.022712505926368018,0.026412579957160374,0.11825506531879776
"Arner, E",35.647358121330726,0.02269967223360279,0.026397655538982736,0.11818824533948093
"Arner, E",35.71115459882583,0.022688440771185932,0.026384594369066795,0.11812976754200508
"Arner, E",35.77495107632094,0.02267878732712508,0.026373368291066162,0.1180795058640701
"Arner, E",35.83874755381605,0.0226706871934978,0.026363948571912856,0.1180373316612635
"Arner, E",35.90254403131115,0.022664115168296594,0.02635630590396287,0.1180031137166666
"Arner, E",35.96634050880626,0.022659045557547823,0.026350410407460296,0.11797671825188695
"Arner, E",36.03013698630137,0.022655452177732655,0.026346231633352663,0.1179580089396633
"Arner, E",36.093933463796475,0.02265330835853708,0.02634373856648895,0.11794684691818375
"Arner, E",36.157729941291585,0.02265258694595703,0.02634289962923058,0.11794309080725297
"Arner, E",36.221526418786695,0.022653260305783712,0.026343682685504504,0.11794659672643887
"Arner, E",36.2853228962818,0.022655300327493376,0.026346055045326687,0.11795721831532519
"Arner, E",36.34911937377691,0.022658678428563974,0.026349983469821977,0.11797480675598657
"Arner, E",36.41291585127202,0.02266336555924089,0.026355434176766206,0.11799921079780183
"Arner, E",36.47671232876712,0.02266933220777178,0.026362372846673848,0.11803027678470976
"Arner, E",36.54050880626223,0.02267654840612991,0.026370764629453727,0.11806784868500823
"Arner, E",36.60430528375734,0.022684983736243683,0.02638057415165341,0.11811176812378896
"Arner, E",36.668101761252444,0.022694607336748905,0.02639176552431145,0.1181618744180938
"Arner, E",36.731898238747554,0.02270538791027873,0.02640430235143496,0.1182180046148707
"Arner, E",36.795694716242664,0.02271729373130488,0.026418147739118214,0.11827999353179978
"Arner, E",36.85949119373777,0.02273029265454229,0.02643326430531651,0.11834767380105311
"Arner, E",36.92328767123288,0.02274435212392776,0.026449614190287494,0.1184208759160428
"Arner, E",36.98708414872799,0.022759439182181613,0.026467159067710536,0.11849942828120506
"Arner, E",37.05088062622309,0.02277552048096009,0.026485860156493013,0.11858315726485949
"Arner, E",37.1146771037182,0.02279256229160409,0.026505678233270127,0.11867188725517364
"Arner, E",37.17847358121331,0.022810530516489045,0.026526573645603783,0.11876544071925733
"Arner, E",37.242270058708414,0.02282939070097843,0.026548506325883434,0.11886363826539986
"Arner, E",37.306066536203524,0.022849108045982246,0.02657143580593044,0.11896629870845703
"Arner, E",37.369863013698634,0.02286964742112013,0.026595321232305597,0.11907323913838634
"Arner, E",37.43365949119374,0.022890973378486924,0.026620121382317202,0.11918427499191883
"Arner, E",37.49745596868885,0.022913050167017373,0.026645794680725938,0.11929922012735045
"Arner, E",37.56125244618396,0.022935841747444775,0.026672299217140386,0.11941788690242575
"Arner, E",37.62504892367906,0.02295931180784668,0.026699592764095285,0.11954008625527839
"Arner, E",37.68884540117417,0.022983423779769665,0.026727632795803157,0.11966562778838623
"Arner, E",37.75264187866928,0.023008140854923177,0.026756376507567757,0.11979431985548988
"Arner, E",37.81643835616438,0.02303342600243137,0.026785780835846363,0.11992596965141598
"Arner, E",37.88023483365949,0.023059241986629963,0.026815802478945928,0.12006038330473856
"Arner, E",37.9440313111546,0.02308555138539399,0.026846397918336564,0.12019736597320432
"Arner, E",38.007827788649706,0.023112316608980894,0.02687752344056437,0.12033672194184127
"Arner, E",38.071624266144816,0.023139499919371705,0.026909135159743455,0.12047825472366058
"Arner, E",38.135420743639926,0.02316706345009212,0.026941189040606044,0.12062176716285715
"Arner, E",38.19921722113503,0.023194969226493677,0.026973640922087646,0.12076706154040562
"Arner, E",38.26301369863014,0.023223179186474093,0.02700644654142294,0.12091393968194314
"Arner, E",38.32681017612525,0.023251655201614634,0.027039561558726586,0.12106220306782317
"Arner, E",38.39060665362035,0.023280359098711,0.02707294158203171,0.12121165294521845
"Arner, E",38.454403131115455,0.023309252681673442,0.02710654219275773,0.12136209044214612
"Arner, E",38.51819960861057,0.023338297753770377,0.027140318971577683,0.12151331668328161
"Arner, E",38.581996086105676,0.023367456140188956,0.02717422752465409,0.12166513290742254
"Arner, E",38.64579256360078,0.023396689710885227,0.02720822351021164,0.12181734058646053
"Arner, E",38.709589041095896,0.023425960403695118,0.027242262665413144,0.12196974154571098
"Arner, E",38.773385518591,0.023455230247677174,0.02727630083350503,0.1221221380854495
"Arner, E",38.8371819960861,0.023484461386656975,0.027310293991197353,0.1222743331034984
"Arner, E",38.90097847358122,0.023513616102942364,0.027344198276242456,0.12242613021870255
"Arner, E",38.96477495107632,0.023542656841177914,0.02737797001517554,0.12257733389513016
"Arner, E",39.028571428571425,0.023571546232306898,0.027411565751180263,0.1227277495668334
"Arner, E",39.09236790606654,0.023600247117607925,0.02744494227204116,0.12287718376299755
"Arner, E",39.156164383561645,0.023628722572773205,0.027478056638144475,0.12302544423330714
"Arner, E",39.21996086105675,0.023656935931995256,0.02751086621048882,0.1231723400733559
"Arner, E",39.28375733855186,0.02368485081202804,0.027543328678666074,0.12331768184992362
"Arner, E",39.34755381604697,0.023712431136188667,0.027575402088773203,0.12346128172594356
"Arner, E",39.41135029354207,0.02373964115826542,0.0276070448712151,0.1236029535849821
"Arner, E",39.47514677103718,0.023766445486297888,0.02763821586835873,0.12374251315505252
"Arner, E",39.53894324853229,0.023792809106194714,0.027668874361998427,0.12387977813158337
"Arner, E",39.602739726027394,0.023818697405154708,0.027698980100592505,0.12401456829936279
"Arner, E",39.666536203522504,0.02384407619485719,0.027728493326231538,0.12414670565328176
"Arner, E",39.730332681017615,0.02386891173438723,0.027757374801298314,0.12427601451769654
"Arner, E",39.79412915851272,0.02389317075286214,0.027785585834780396,0.124402321664236
"Arner, E",39.85792563600783,0.02391682047172567,0.027813088308196253,0.12452545642787877
"Arner, E",39.92172211350294,0.023939828626676502,0.02783984470109608,0.1246452508211261
"Arner, E",39.98551859099804,0.023962163489198548,0.02786581811609961,0.12476153964610179
"Arner, E",40.04931506849315,0.02398379388766054,0.027890972303433,0.12487416060440938
"Arner, E",40.11311154598826,0.024004689227953364,0.02791527168492818,0.12498295440458261
"Arner, E",40.176908023483364,0.02402481951363386,0.02793868137744825,0.1250877648669662
"Arner, E",40.240704500978474,0.02404415536554486,0.027961167215703825,0.12518843902586982
"Arner, E",40.304500978473584,0.024062668040881554,0.027982695774425463,0.12528482722883885
"Arner, E",40.36829745596869,0.024080329451675448,0.02800323438985884,0.1253767832328934
"Arner, E",40.4320939334638,0.024097112182667777,0.028022751180549903,0.1254641642975879
"Arner, E",40.49589041095891,0.024112989508545256,0.02804121506738847,0.12554683127475086
"Arner, E",40.55968688845401,0.02412793541051201,0.028058595792879906,0.12562464869476858
"Arner, E",40.62348336594912,0.024141924592172244,0.02807486393961519,0.12569748484927967
"Arner, E",40.68727984344423,0.024154932494700073,0.028089990947912077,0.12576521187015866
"Arner, E",40.75107632093933,0.024166935311272786,0.028103949132599653,0.12582770580466404
"Arner, E",40.81487279843444,0.024177910000746167,0.028116711698921503,0.12588484668664052
"Arner, E",40.87866927592955,0.024187834300550926,0.02812825275753308,0.12593651860366542
"Arner, E",40.942465753424656,0.024196686738790763,0.02813854733857066,0.12598260976003875
"Arner, E",41.006262230919766,0.024204446645523903,0.028147571404770737,0.12602301253552156
"Arner, E",41.07005870841488,0.024211094163211096,0.028155301863620096,0.12605762353973463
"Arner, E",41.13385518590998,0.02421661025631448,0.028161716578518424,0.12608634366213592
"Arner, E",41.19765166340509,0.02422097672003296,0.028166794378936762,0.12610907811750227
"Arner, E",41.2614481409002,0.02422417618816139,0.02817051506955701,0.12612573648684908
"Arner, E",41.3252446183953,0.024226192140061824,0.028172859438378866,0.12613623275372682
"Arner, E",41.38904109589041,0.024227008906736885,0.0281738092637826,0.1261404853358427
"Arner, E",41.45283757338552,0.024226611675996636,0.028173347320537667,0.12613841711196258
"Arner, E",41.516634050880626,0.024224986496711624,0.028171457384748577,0.12612995544405473
"Arner, E",41.580430528375736,0.02422212028214649,0.028168124237731625,0.12611503219464681
"Arner, E",41.644227005870846,0.024218000812369817,0.028163333668817292,0.12609358373937293
"Arner, E",41.70802348336595,0.024212616735737345,0.028157072477075103,0.12606555097469616
"Arner, E",41.77181996086106,0.024205957569447486,0.028149328471959632,0.12603087932080076
"Arner, E",41.83561643835617,0.024198013699169057,0.028140090472877605,0.1259895187196542
"Arner, E",41.89941291585127,0.02418877637774296,0.02812934830767806,0.12594142362824706
"Arner, E",41.96320939334638,0.024178237722961005,0.028117092810069307,0.1258865530070284
"Arner, E",42.02700587084149,0.024166390714426396,0.028103315815968,0.12582487030355946
"Arner, E",42.090802348336595,0.02415322918950189,0.028088010158787164,0.12575634343141737
"Arner, E",42.154598825831705,0.02413874783835317,0.028071169663672124,0.12568094474438793
"Arner, E",42.218395303326815,0.02412294219809636,0.028052789140694586,0.12559865100599404
"Arner, E",42.28219178082192,0.024105808646059844,0.028032864377016735,0.12550944335441258
"Arner, E",42.34598825831703,0.024087344392172333,0.028011392128039266,0.12541330726284217
"Arner, E",42.40978473581214,0.024067547470489968,0.027988370107548167,0.12531023249538814
"Arner, E",42.47358121330724,0.024046416729877108,0.02796379697687731,0.1252002130585409
"Arner, E",42.537377690802344,0.024023951823856242,0.027937672333104853,0.12508324714832866
"Arner, E",42.60117416829746,0.024000153199644308,0.02790999669630344,0.12495933709323377
"Arner, E",42.664970645792565,0.02397502208639333,0.02788077149586515,0.12482848929296622
"Arner, E",42.72876712328767,0.02394856048265506,0.02784999905592402,0.12469071415319724
"Arner, E",42.792563600782785,0.023920771143090044,0.027817682579899878,0.12454602601635842
"Arner, E",42.85636007827789,0.023891657564443013,0.027783826134189015,0.12439444308862117
"Arner, E",42.92015655577299,0.02386122397080716,0.027748434631027864,0.12423598736317365
"Arner, E",42.98395303326811,0.02382947529820156,0.027711513810557958,0.12407068453992148
"Arner, E",43.04774951076321,0.023796417178486243,0.027673070222120608,0.1238985639417398
"Arner, E",43.111545988258314,0.023762055922640985,0.02763311120481166,0.12371965842741259
"Arner, E",43.17534246575343,0.02372639850343439,0.027591644867327215,0.12353400430139734
"Arner, E",43.239138943248534,0.023689452537511094,0.02754868006713268,0.12334164122056031
"Arner, E",43.30293542074364,0.023651226266925215,0.027504226388987838,0.12314261209802833
"Arner, E",43.36673189823875,0.023611728540149493,0.02745829412286221,0.12293696300431102
"Arner, E",43.43052837573386,0.023570968792589738,0.02741089424127513,0.12272474306584703
"Arner, E",43.49432485322896,0.023528957026635423,0.027362038376096395,0.12250600436113555
"Arner, E",43.55812133072407,0.023485703791277138,0.02731173879484322,0.12228080181461227
"Arner, E",43.62191780821918,0.023441220161322975,0.02726000837651078,0.12204919308843734
"Arner, E",43.68571428571428,0.023395517716245706,0.0272068605869734,0.12181123847236096
"Arner, E",43.74951076320939,0.02334860851869344,0.027152309453994408,0.1215670007718369
"Arner, E",43.8133072407045,0.023300505092696717,0.027096369541882957,0.12131654519455527
"Arner, E",43.877103718199606,0.023251220401605235,0.02703905592583646,0.121059939235568
"Arner, E",43.94090019569472,0.023200767825787665,0.02698038416600747,0.1207972525611803
"Arner, E",44.00469667318983,0.02314916114012855,0.02692037028133467,0.1205285568917861
"Arner, E",44.06849315068493,0.023096414491355657,0.026859030723176584,0.12025392588382036
"Arner, E",44.13228962818004,0.023042542375232147,0.026796382348788193,0.1199734350110078
"Arner, E",44.19608610567515,0.02298755961364729,0.026732442394679496,0.11968716144508319
"Arner, E",44.25988258317025,0.02293148133163956,0.026667228449895455,0.11939518393615975
"Arner, E",44.32367906066536,0.02287432293438617,0.02660075842925693,0.11909758269292263
"Arner, E",44.38747553816047,0.022816100084192555,0.02653305054660153,0.11879443926282234
"Arner, E",44.451272015655576,0.022756828677515207,0.026464123288063256,0.11848583641244158
"Arner, E",44.515068493150686,0.02269652482205119,0.026393995385429702,0.11817185800820951
"Arner, E",44.578864970645796,0.02263520481392726,0.02632268578961506,0.11785258889763436
"Arner, E",44.6426614481409,0.022572885115020896,0.026250213644286542,0.11752811479122303
"Arner, E",44.70645792563601,0.022509582330445567,0.026176598259681813,0.11719852214525583
"Arner, E",44.77025440313112,0.02244531318623168,0.026101859086653932,0.11686389804557985
"Arner, E",44.83405088062622,0.02238009450723456,0.026026015690980363,0.11652433009258456
"Arner, E",44.89784735812133,0.02231394319529962,0.02594908772797104,0.1161799062875165
"Arner, E",44.96164383561644,0.02224687620771503,0.025871094917410787,0.11583071492029079
"Arner, E",45.025440313111545,0.02217891053598083,0.02579205701886972,0.11547684445895023
"Arner, E",45.089236790606655,0.022110063184923263,0.02571199380741512,0.11511838344092198
"Arner, E",45.153033268101765,0.022040351152181826,0.025630925049756732,0.11475542036621457
"Arner, E",45.21682974559687,0.021969791408096424,0.025548870480857366,0.11438804359269836
"Arner, E",45.28062622309198,0.021898400876020307,0.02546584978103861,0.1140163412336027
"Arner, E",45.34442270058709,0.021826196413084545,0.02538188255361169,0.11364040105736418
"Arner, E",45.40821917808219,0.021753194791437995,0.025296988303061232,0.11326031038995048
"Arner, E",45.4720156555773,0.02167941267998651,0.025211186413809636,0.11287615601978367
"Arner, E",45.53581213307241,0.021604866626653674,0.025124496129587916,0.11248802410537878
"Arner, E",45.599608610567515,0.02152957304118454,0.02503693653343803,0.11209600008580983
"Arner, E",45.663405088062625,0.02145354817851272,0.024948526528370273,0.11170016859410853
"Arner, E",45.727201565557735,0.021376808122710405,0.024859284818698667,0.11130061337369863
"Arner, E",45.79099804305284,0.0212993687715392,0.024769229892074935,0.11089741719795806
"Arner, E",45.85479452054795,0.021221245821619338,0.024678380002241686,0.11049066179300097
"Arner, E",45.91859099804306,0.0211424547542329,0.024586753152522813,0.11008042776376055
"Arner, E",45.98238747553816,0.02106301082177628,0.024494367080068972,0.10966679452345247
"Arner, E",46.04618395303327,0.02098292903487523,0.02440123924087353,0.10924984022648802
"Arner, E",46.10998043052838,0.02090222415017546,0.024307386795574162,0.10882964170490449
"Arner, E",46.173776908023484,0.020820910658819636,0.02421282659605262,0.10840627440836945
"Arner, E",46.237573385518594,0.020739002775621376,0.0241175751728451,0.10797981234781409
"Arner, E",46.301369863013704,0.020656514428944794,0.02402164872337306,0.10755032804273992
"Arner, E",46.36516634050881,0.020573459251297697,0.02392506310100396,0.10711789247224132
"Arner, E",46.42896281800392,0.020489850570644477,0.023827833804948958,0.10668257502977513
"Arner, E",46.49275929549903,0.020405701402444534,0.0237299759710043,0.10624444348170786
"Arner, E",46.55655577299413,0.02032102444241977,0.0236315043631406,0.10580356392965894
"Arner, E",46.62035225048923,0.020235832060054425,0.023532433365943704,0.10536000077665687
"Arner, E",46.68414872798435,0.020150136292828615,0.023432776977908853,0.10491381669711557
"Arner, E",46.74794520547945,0.020063948841186376,0.023332548805588965,0.10446507261063495
"Arner, E",46.81174168297456,0.019977281064236883,0.023231762058595527,0.10401382765961883
"Arner, E",46.875538160469674,0.019890143976187692,0.0231304295454508,0.10356013919070427
"Arner, E",46.93933463796478,0.01980254824350626,0.023028563670286918,0.1031040627399827
"Arner, E",47.00313111545988,0.01971450418280588,0.022926176430387416,0.10264565202199281
"Arner, E",47.066927592955,0.019626021759450392,0.022823279414564652,0.10218495892245592
"Arner, E",47.1307240704501,0.01953711058687165,0.02271988380236606,0.10172203349472211
"Arner, E",47.1945205479452,0.019447779926591337,0.022616000364099546,0.10125692395988406
"Arner, E",47.25831702544032,0.01935803868893944,0.022511639461668988,0.10078967671051763
"Arner, E",47.32211350293542,0.019267895434458875,0.022406811050207684,0.10032033631799525
"Arner, E",47.385909980430526,0.019177358375985925,0.022301524680497738,0.09984894554331807
"Arner, E",47.449706457925636,0.019086435381394574,0.02219578950216145,0.09937554535140448
"Arner, E",47.513502935420746,0.018995133976992273,0.022089614267610285,0.0989001749287706
"Arner, E",47.57729941291585,0.01890346135155306,0.021983007336735038,0.09842287170452911
"Arner, E",47.64109589041096,0.01881142436097386,0.02187597668232066,0.09794367137463272
"Arner, E",47.70489236790607,0.018719029533538285,0.021768529896167618,0.09746260792928087
"Arner, E",47.76868884540117,0.01862628307577177,0.021660674195900856,0.09697971368340494
"Arner, E",47.83248532289628,0.018533190878870738,0.02155241643244633,0.09649501931014243
"Arner, E",47.89628180039139,0.018439758525688254,0.02144376309815471,0.09600855387720855
"Arner, E",47.960078277886495,0.01834599129825707,0.02133472033554999,0.09552034488606576
"Arner, E",48.023874755381605,0.018251894185831223,0.0212252939466811,0.09503041831379305
"Arner, E",48.087671232876716,0.01815747189342578,0.021115489403052922,0.09453879865754924
"Arner, E",48.15146771037182,0.01806272885083443,0.02100531185611287,0.09404550898152392
"Arner, E",48.21526418786693,0.017967669222103362,0.020894766148268167,0.09355057096626411
"Arner, E",48.27906066536204,0.017872296915440157,0.020783856824409003,0.09305400496026613
"Arner, E",48.34285714285714,0.017776615593534877,0.020672588143911003,0.09255583003371337
"Arner, E",48.40665362035225,0.017680628684271043,0.020560964093091123,0.09205606403424405
"Arner, E",48.47045009784736,0.017584339391803216,0.020448988398089882,0.09155472364462793
"Arner, E",48.534246575342465,0.017487750707977524,0.02033666453815238,0.09105182444222844
"Arner, E",48.598043052837575,0.0173908654240715,0.020223995759280685,0.09054738096012742
"Arner, E",48.661839530332685,0.017293686142828814,0.020110985088229106,0.09004140674978517
"Arner, E",48.72563600782779,0.01719621529076474,0.01999763534681435,0.08953391444511023
"Arner, E",48.7894324853229,0.017098455130717314,0.01988394916651138,0.08902491582780825
"Arner, E",48.85322896281801,0.017000407774619957,0.01976992900330679,0.08851442189388403
"Arner, E",48.91702544031311,0.016902075196470003,0.019655577152780067,0.0880024429211636
"Arner, E",48.98082191780822,0.01680345924546852,0.019540895765383967,0.08748898853770798
"Arner, E",49.04461839530333,0.016704561659306227,0.019425886861894847,0.08697406779098774
"Arner, E",49.108414872798434,0.01660538407757043,0.019310552349003716,0.08645768921768768
"Arner, E",49.172211350293544,0.016505928055247775,0.019194894035018707,0.0859398609140103
"Arner, E",49.236007827788654,0.01640619507629829,0.019078913645650446,0.08542059060635052
"Arner, E",49.29980430528376,0.016306186567275307,0.018962612839850797,0.0848998857222092
"Arner, E",49.36360078277887,0.01620590391096705,0.01884599322567677,0.08437775346121955
"Arner, E",49.42739726027398,0.016105348460035047,0.018729056376150785,0.08385420086615694
"Arner, E",49.49119373776908,0.016004521550625424,0.018611803845089325,0.08332923489380752
"Arner, E",49.55499021526419,0.01590342451592867,0.018494237182871756,0.08280286248556867
"Arner, E",49.6187866927593,0.015802058699664737,0.018376357952122245,0.0822750906376605
"Arner, E",49.682583170254404,0.015700425469469516,0.018258167743277025,0.08174592647082397
"Arner, E",49.746379647749514,0.015598526230160269,0.01813966819001088,0.08121537729938881
"Arner, E",49.810176125244624,0.015496362436857015,0.01802086098449613,0.08068345069959136
"Arner, E",49.87397260273973,0.01539393560793819,0.017901747892468883,0.0801501545770296
"Arner, E",49.93776908023484,0.015291247337808402,0.017782330768076778,0.07961549723313985
"Arner, E",50.00156555772995,0.015188299309457781,0.017662611568484362,0.07907948743058826
"Arner, E",50.06536203522505,0.015085093306791694,0.017542592368211426,0.0785421344574669
"Arner, E",50.12915851272016,0.014981631226711267,0.01742227537318157,0.0780034481901922
"Arner, E",50.19295499021527,0.014877915090924976,0.017301662934457986,0.07746343915500326
"Arner, E",50.25675146771037,0.01477394705747268,0.017180757561644878,0.07692211858796295
"Arner, E",50.32054794520548,0.014669729431943567,0.0170595619359329,0.0763794984933653
"Arner, E",50.38434442270059,0.014565264678371038,0.016938078922768943,0.07583559170046097
"Arner, E",50.448140900195696,0.014460555429787027,0.01681631158412981,0.07529041191840931
"Arner, E",50.511937377690806,0.014355604498420133,0.01669426319038175,0.07474397378937608
"Arner, E",50.575733855185916,0.014250414885521858,0.01657193723170746,0.07419629293969479
"Arner, E",50.63953033268102,0.014144989790806488,0.016449337429083822,0.07364738602901642
"Arner, E",50.70332681017612,0.01403933262149034,0.016326467744793717,0.07309727079737328
"Arner, E",50.76712328767124,0.013933447000917767,0.016203332392457286,0.0725459661100911
"Arner, E",50.83091976516634,0.01382733677676113,0.01607993584656775,0.07199349200048315
"Arner, E",50.894716242661445,0.01372100602878327,0.015956282851518473,0.07143986971026635
"Arner, E",50.95851272015656,0.013614459076151884,0.015832378430108894,0.07088512172764433
"Arner, E",51.022309197651666,0.013507700484295955,0.01570822789151795,0.07032927182300616
"Arner, E",51.08610567514677,0.013400735071294552,0.015583836838733664,0.06977234508219028
"Arner, E",51.149902152641886,0.013293567913790657,0.015459211175430388,0.06921436793727559
"Arner, E",51.21369863013699,0.013186204352421876,0.015334357112284222,0.06865536819485685
"Arner, E",51.27749510763209,0.01307864999676169,0.015209281172719247,0.06809537506177192
"Arner, E",51.34129158512721,0.012970910729765585,0.015083990198077967,0.06753441916825106
"Arner, E",51.40508806262231,0.01286299271171732,0.014958491352210463,0.06697253258846346
"Arner, E",51.468884540117415,0.012754902383670672,0.014832792125476817,0.06640974885843712
"Arner, E",51.532681017612525,0.012646646470384383,0.01470690033816021,0.06584610299134
"Arner, E",51.596477495107635,0.012538231982747177,0.014580824143286975,0.06528163149010606
"Arner, E",51.66027397260274,0.012429666219691885,0.014454572028852565,0.06471637235740138
"Arner, E",51.72407045009785,0.012320956769597444,0.014328152819451944,0.06415036510292382
"Arner, E",51.78786692759296,0.012212111511179714,0.014201575677315528,0.06358365074804116
"Arner, E",51.85166340508806,0.012103138613871148,0.014074850102750704,0.06301627182776788
"Arner, E",51.91545988258317,0.01199404653769185,0.01394798593399189,0.06244827239009381
"Arner, E",51.97925636007828,0.011884844032614176,0.01382099334646161,0.06187969799267584
"Arner, E",52.043052837573384,0.011775540137424354,0.013693882851446676,0.06131059569691088
"Arner, E",52.106849315068494,0.01166614417808526,0.013566665294194237,0.0607410140594114
"Arner, E",52.170645792563604,0.011556665765605162,0.013439351851433324,0.06017100312090892
"Arner, E",52.23444227005871,0.011447114793418197,0.01331195402832858,0.05960061439261508
"Arner, E",52.29823874755382,0.011337501434282672,0.013184483654873274,0.0590299008400724
"Arner, E",52.36203522504893,0.011227836136704578,0.013056952881730163,0.058458916864532855
"Arner, E",52.42583170254403,0.011118129620893773,0.01292937417552891,0.05788771828190341
"Arner, E",52.48962818003914,0.011008392874261409,0.012801760313629987,0.05731636229930278
"Arner, E",52.55342465753425,0.010898637146467646,0.012674124378365636,0.05674490748927693
"Arner, E",52.617221135029354,0.010788873944029343,0.012546479750769089,0.05617341376172339
"Arner, E",52.681017612524464,0.010679115024497884,0.012418840103803907,0.05560194233357751
"Arner, E",52.744814090019574,0.010569372390218434,0.012291219395106577,0.05503055569631935
"Arner, E",52.80861056751468,0.01045965828168156,0.012163631859255038,0.05445931758135823
"Arner, E",52.87240704500979,0.010349985170479574,0.012036091999577555,0.05388829292335914
"Arner, E",52.9362035225049,0.010240365751880002,0.011908614579516332,0.053317547821575745
"Arner, E",53.0,0.01013081293702917,0.011781214613561,0.05274714949925751
Kerr,20.003,0.013420026480550866,0.014182963935015565,0.06350032178869874
Kerr,20.071291585127202,0.013637264211449073,0.01441255177577871,0.06452823822661896
Kerr,20.139583170254404,0.013854558883268963,0.014642199794592903,0.0655564240952184
Kerr,20.207874755381606,0.0140718113452577,0.014871803203918897,0.06658441023709862
Kerr,20.276166340508805,0.014288921539447993,0.015101256257427236,0.06761172320214164
Kerr,20.344457925636007,0.014505788602026023,0.015330452357129024,0.06863788572715847
Kerr,20.41274951076321,0.014722310966931718,0.015559284162865944,0.06966241722610059
Kerr,20.48104109589041,0.0149383864715431,0.015787643704002836,0.07068483429013271
Kerr,20.549332681017614,0.015153912464290487,0.016015422493159823,0.0717046511968372
Kerr,20.617624266144816,0.015368785914041836,0.01624251164181631,0.07272138042779909
Kerr,20.685915851272014,0.015582903521095655,0.01646880197761388,0.07373453319379762
Kerr,20.754207436399216,0.015796161829613537,0.01669418416318073,0.07474361996680995
Kerr,20.82249902152642,0.016008457341320538,0.016918548816295963,0.07574815101801377
Kerr,20.89079060665362,0.01621968663029818,0.01714178663120867,0.07674763696096011
Kerr,20.959082191780823,0.01642974645869119,0.01736378850092267,0.07774158929906963
Kerr,21.027373776908025,0.016638533893146977,0.017584445640255623,0.07872952097659602
Kerr,21.095665362035223,0.016845946421803842,0.017803649709478144,0.0797109469321861
Kerr,21.163956947162426,0.017051882071642422,0.01802129293833671,0.0806853846541583
Kerr,21.232248532289628,0.017256239526012768,0.018237268250262267,0.08165235473661253
Kerr,21.30054011741683,0.017458918242149107,0.01845146938656576,0.08261138143548158
Kerr,21.368831702544032,0.017659818568482786,0.018663791030420405,0.08356199322362758
Kerr,21.437123287671234,0.01785884186156423,0.01887412893043074,0.08450372334408852
Kerr,21.505414872798433,0.018055890602404444,0.019082380023588214,0.08543611036057806
Kerr,21.573706457925635,0.018250868512047724,0.01928844255741429,0.0863586987043477
Kerr,21.641998043052837,0.018443680666187567,0.019492216211092345,0.08727103921652155
Kerr,21.71028962818004,0.018634233608639753,0.019693602215391758,0.0881726896850235
Kerr,21.77858121330724,0.01882243546348809,0.019892503471189236,0.08906321537522383
Kerr,21.846872798434443,0.01900819604572082,0.02008882466639497,0.08994218955344395
Kerr,21.915164383561645,0.019191426970178022,0.020282472391093747,0.09080919400246909
Kerr,21.983455968688844,0.019372041758633763,0.020473355250714833,0.09166381952823531
Kerr,22.051747553816046,0.01954995594483991,0.020661383977047556,0.09250566645687125
Kerr,22.12003913894325,0.019725087177362516,0.020846471536924042,0.09333434512129521
Kerr,22.18833072407045,0.019897355320045745,0.02102853323839455,0.09414947633658603
Kerr,22.256622309197652,0.020066682549943086,0.021207486834226165,0.09495069186337006
Kerr,22.32491389432485,0.020232993452559835,0.02138325262255987,0.09573763485848545
Kerr,22.393205479452053,0.020396215114257224,0.021555753544567912,0.0965099603122162
Kerr,22.461497064579255,0.020556277211672514,0.021724915278957486,0.09726733547140648
Kerr,22.529788649706457,0.020713112098016403,0.02189066633317421,0.098009440247799
Kerr,22.59808023483366,0.02086665488611468,0.022052938131164747,0.09873596761096815
Kerr,22.66637181996086,0.021016843528067305,0.022211665097564566,0.09944662396524741
Kerr,22.734663405088064,0.02116361889140453,0.022366784738183574,0.10014112951008179
Kerr,22.802954990215262,0.02130692483162692,0.022518237716670116,0.1008192185832697
Kerr,22.871246575342465,0.021446708261022584,0.022665967927240467,0.10148063998658932
Kerr,22.939538160469667,0.021582919213661882,0.022809922563368577,0.102125157293338
Kerr,23.00782974559687,0.021715510906478084,0.02295005218233917,0.10275254913735109
Kerr,23.07612133072407,0.021844439796348505,0.023086310765574,0.10336260948309604
Kerr,23.144412915851273,0.02196966563309924,0.023218655774649936,0.10395514787647812
Kerr,23.212704500978475,0.022091151508363625,0.02334704820293506,0.10452998967602677
Kerr,23.280996086105674,0.02220886390023233,0.023471452622777136,0.10508697626416896
Kerr,23.349287671232876,0.022322772713640696,0.02359183722818702,0.10562596523833255
Kerr,23.417579256360078,0.022432851316446605,0.023708173872967545,0.10614683058165776
Kerr,23.48587084148728,0.022539076571159885,0.0238204381042468,0.10664946281313328
Kerr,23.554162426614482,0.022641428862292156,0.02392860919138281,0.10713376911700899
Kerr,23.62245401174168,0.02273989211930296,0.024032670150214173,0.10759967345137159
Kerr,23.690745596868883,0.02283445383512688,0.02413260776264046,0.10804711663581035
Kerr,23.759037181996085,0.022925105080272287,0.0242284125915225,0.10847605641812913
Kerr,23.827328767123287,0.023011840512491423,0.024320078990902175,0.10888646752010267
Kerr,23.89562035225049,0.023094658382027358,0.02440760511154771,0.1092783416623041
Kerr,23.96391193737769,0.023173560532451686,0.024490992901838978,0.10965168756806863
Kerr,24.032203522504894,0.023248552397113223,0.024570248104014293,0.11000653094668963
Kerr,24.100495107632092,0.023319642991224902,0.024645380245807456,0.11034291445597583
Kerr,24.168786692759294,0.023386844899623373,0.024716402627511475,0.11066089764433257
Kerr,24.237078277886496,0.023450174260241246,0.024783332304511192,0.11096055687255658
Kerr,24.3053698630137,0.023509650743339442,0.024846190065334974,0.11124198521556836
Kerr,24.3736614481409,0.0235652975265524,0.024905000405281236,0.11150529234433222
Kerr,24.4419530332681,0.02361714126580513,0.024959791495682095,0.11175060438824276
Kerr,24.510244618395305,0.023665212062166836,0.02501059514887262,0.1119780637782843
Kerr,24.578536203522503,0.023709543424710957,0.025057446778939414,0.11218782907129343
Kerr,24.646827788649706,0.023750172229457224,0.025100385358328522,0.11238007475568289
Kerr,24.715119373776908,0.023787138674475697,0.025139453370397098,0.11255499103900464
Kerr,24.78341095890411,0.023820486231237822,0.025174696757998723,0.11271278361775483
Kerr,24.851702544031312,0.023850261592304103,0.0252061648681971,0.11285367342984452
Kerr,24.91999412915851,0.023876514615441657,0.025233910393206656,0.11297789639017747
Kerr,24.988285714285713,0.023899298264269557,0.02525798930766353,0.11308570310979828
Kerr,25.056577299412915,0.02391866854553302,0.02527846080233375,0.11317735859908885
Kerr,25.124868884540117,0.023934684443111188,0.02529538721436932,0.11325314195550938
Kerr,25.19316046966732,0.023947407848866394,0.025308833954226218,0.11331334603639362
Kerr,25.26145205479452,0.023956903490445727,0.025318869429361436,0.11335827711732344
Kerr,25.329743639921723,0.023963238856148206,0.02532556496482879,0.11338825453661835
Kerr,25.398035225048922,0.023966484116973767,0.025328994720896364,0.11340361032649031
Kerr,25.466326810176124,0.02396671204597198,0.02532923560781012,0.11340468883142119
Kerr,25.534618395303326,0.023963997935010507,0.0253263671978306,0.11339184631433125
Kerr,25.60290998043053,0.023958419509085407,0.02532047163467173,0.11336545055111635
Kerr,25.67120156555773,0.023950056838296197,0.025311633540471567,0.11332588041413508
Kerr,25.73949315068493,0.02393899224761078,0.02529993992042734,0.1132735254452382
Kerr,25.807784735812135,0.02392531022454548,0.025285480065227024,0.11320878541893305
Kerr,25.876076320939333,0.0239090973248873,0.025268345451411822,0.11313206989628377
Kerr,25.944367906066535,0.02389044207658524,0.025248629639803677,0.11304379777014859
Kerr,26.012659491193737,0.023869434881939135,0.02522642817213345,0.11294439680236072
Kerr,26.08095107632094,0.02384616791821365,0.025201838466004767,0.11283430315345805
Kerr,26.14924266144814,0.023820735036806522,0.025174959708329916,0.11271396090557151
Kerr,26.21753424657534,0.02379323166109892,0.025145892747372913,0.11258382157907768
Kerr,26.285825831702542,0.023763754683116884,0.025114739983536093,0.11244434364362574
Kerr,26.354117416829745,0.023732402359131727,0.025081605259025315,0.11229599202414374
Kerr,26.422409001956947,0.02369927420432729,0.025046593746528983,0.11213923760242958
Kerr,26.49070058708415,0.023664470886661643,0.025009811837045707,0.11197455671493015
Kerr,26.558992172211347,0.023628094120049705,0.024971367026994304,0.1118024306473074
Kerr,26.627283757338553,0.02359024655699326,0.024931367804739733,0.11162334512638944
Kerr,26.69557534246575,0.023551031680783565,0.024889923536667365,0.11143778981009936
Kerr,26.763866927592954,0.023510553697401126,0.02484714435293719,0.11124625777595118
Kerr,26.832158512720156,0.023468917427236422,0.024803141033048787,0.11104924500869834
Kerr,26.900450097847358,0.023426228196754013,0.024758024891346455,0.11084724988771452
Kerr,26.96874168297456,0.023382591730221683,0.024711907662593107,0.11064077267468214
Kerr,27.03703326810176,0.023338114041625224,0.024664901387740322,0.11043031500215923
Kerr,27.10532485322896,0.023292901326888004,0.024617118300020526,0.1102163793635884
Kerr,27.173616438356163,0.023247059856513513,0.0245686707114862,0.1099994686053074
Kerr,27.241908023483365,0.023200695868767784,0.024519670900119642,0.10978008542111414
Kerr,27.310199608610567,0.023153915463517034,0.02447023099763522,0.10955873184993203
Kerr,27.37849119373777,0.02310682449683503,0.024420462878095083,0.10933590877711755
Kerr,27.44678277886497,0.023059528476492733,0.024370478047457324,0.10911211543994244
Kerr,27.51507436399217,0.023012132458441806,0.02432038753417452,0.1088878489377788
Kerr,27.583365949119372,0.02296474094440195,0.024270301780958816,0.10866360374750693
Kerr,27.651657534246574,0.022917457780660434,0.024220330537828166,0.10843987124465938
Kerr,27.719949119373776,0.022870386058190906,0.024170582756546818,0.10821713923080716
Kerr,27.78824070450098,0.02282362801419694,0.02412116648657154,0.10799589146768762
Kerr,27.856532289628177,0.022777284935183884,0.024072188772613048,0.10777660721856387
Kerr,27.924823874755383,0.022731457061661527,0.02402375555392097,0.10755976079730094
Kerr,27.99311545988258,0.022686243494577853,0.023975971565398255,0.10734582112563268
Kerr,28.061407045009783,0.022641742103582593,0.023928940240649493,0.10713525129908734
Kerr,28.129698630136986,0.022598049437217924,0.023882763617065858,0.1069285081620314
Kerr,28.197990215264188,0.022555260635130983,0.02383754224304688,0.10672604189228063
Kerr,28.26628180039139,0.022513469342401837,0.023793375087457866,0.10652829559572059
Kerr,28.33457338551859,0.022472767626078072,0.02375035945141946,0.1063357049113686
Kerr,28.402864970645794,0.022433245894005287,0.02370859088252356,0.10614869762729907
Kerr,28.471156555772993,0.02239499281604068,0.02366816309156788,0.10596769330784553
Kerr,28.539448140900195,0.02235809524773473,0.02362916787189887,0.10579310293248048
Kerr,28.607739726027397,0.022322638156563834,0.023591695021450608,0.10562532854676625
Kerr,28.676031311154595,0.0222887045507942,0.023555832267564598,0.10546476292575609
Kerr,28.7443228962818,0.022256375411054855,0.023521665194672622,0.10531178925021412
Kerr,28.812614481409,0.02222572962469557,0.023489277174922895,0.10516678079601303
Kerr,28.880906066536202,0.022196843923002023,0.023458749301825853,0.10503010063705129
Kerr,28.949197651663404,0.022169792821338567,0.023430160326994003,0.1049021013620232
Kerr,29.017489236790606,0.022144648562285568,0.02340358660004658,0.10478312480535859
Kerr,29.08578082191781,0.02212148106183572,0.02337910201174708,0.10467350179263672
Kerr,29.154072407045007,0.022100357858710066,0.023356777940437883,0.104573551900762
Kerr,29.222363992172212,0.0220813440668519,0.02333668320183337,0.10448358323317651
Kerr,29.29065557729941,0.02206450233115293,0.02331888400222913,0.1044038922103671
Kerr,29.358947162426613,0.022049892786462577,0.023303443895180864,0.10433476337590702
Kerr,29.427238747553815,0.022037573019927943,0.02329042374170339,0.10427646921825803
Kerr,29.495530332681014,0.022027598036708035,0.023279881674035687,0.10422927000853821
Kerr,29.56382191780822,0.02202002022910193,0.023271873063013968,0.10419341365444397
Kerr,29.632113502935418,0.022014889349126664,0.02326645048909062,0.10416913557049529
Kerr,29.700405088062624,0.02201225248457626,0.023263663717032153,0.10415665856475267
Kerr,29.768696673189822,0.022012154038589315,0.0232635596743252,0.10415619274213607
Kerr,29.836988258317025,0.022014635712747817,0.0232661824333145,0.10416793542445253
Kerr,29.905279843444227,0.02201973649372561,0.023271573197092298,0.1041920710872199
Kerr,29.973571428571425,0.022027492643499978,0.02327977028915347,0.10422877131335041
Kerr,30.04186301369863,0.022037937693135043,0.023290809146825492,0.1042781947637353
Kerr,30.11015459882583,0.022051102440141242,0.02330472231847781,0.10434048716475047
Kerr,30.17844618395303,0.02206701494940918,0.023321539464508767,0.10441578131267513
Kerr,30.246737769080234,0.022085700557711762,0.02334128736210371,0.10450419709499503
Kerr,30.315029354207436,0.022107181881763385,0.023363989913752332,0.10460584152853637
Kerr,30.383320939334638,0.02213147882981861,0.023389668159506737,0.10472080881434807
Kerr,30.451612524461837,0.022158608616788717,0.02341834029295739,0.1048491804092296
Kerr,30.519904109589042,0.022188585782847856,0.023450021680897045,0.10499102511377079
Kerr,30.58819569471624,0.022221422215495695,0.023484724886637644,0.10514639917674692
Kerr,30.656487279843443,0.02225712717503771,0.023522459696939214,0.10531534641568542
Kerr,30.724778864970645,0.022295707323438274,0.023563233152503235,0.1054978983533915
Kerr,30.793070450097844,0.022337166756496413,0.023607049581977645,0.10569407437019626
Kerr,30.86136203522505,0.022381507039288543,0.023653910639414497,0.10590388187166302
Kerr,30.929653620352248,0.022428727244815923,0.023703815345114555,0.1061273164714578
Kerr,30.99794520547945,0.022478823995790237,0.023756760129788404,0.10636436218906853
Kerr,31.066236790606652,0.02253179150948363,0.02381273888195626,0.10661499166202466
Kerr,31.134528375733854,0.02258762164556506,0.023871742998503833,0.10687916637224715
Kerr,31.202819960861056,0.022646303956838372,0.023933761438304897,0.10715683688612879
Kerr,31.271111545988255,0.022707825742792568,0.02399878077881594,0.10744794310792119
Kerr,31.33940313111546,0.022772172105869126,0.024066785275542294,0.10775241454597799
Kerr,31.40769471624266,0.02283932601034542,0.02413775692426915,0.10807017059137718
Kerr,31.47598630136986,0.02290926834372916,0.024211675525946285,0.10840112080842457
Kerr,31.544277886497063,0.022981977980552317,0.024288518754108722,0.1087451652365113
Kerr,31.612569471624266,0.023057431848449005,0.02436826222471119,0.1091021947027784
Kerr,31.680861056751468,0.02313560499639663,0.02445087956824882,0.10947209114501746
Kerr,31.749152641878666,0.02321647066499486,0.024536342504031534,0.10985472794421365
Kerr,31.817444227005872,0.023300000358652647,0.024624620916474924,0.11024997026611726
Kerr,31.88573581213307,0.023386163919549317,0.024715682933266103,0.11065767541120979
Kerr,31.954027397260273,0.023474929603231595,0.024809495005258458,0.11107769317241074
Kerr,32.022318982387475,0.023566264155704383,0.024906021987945098,0.11150986619985256
Kerr,32.09061056751467,0.023660132891870134,0.02500522722435754,0.11195403037203673
Kerr,32.15890215264188,0.02375649977516756,0.02510707262923197,0.11241001517266504
Kerr,32.22719373776908,0.023855327498258087,0.02521151877428273,0.11287764407242823
Kerr,32.29548532289628,0.023956577564604863,0.025318524974419176,0.11335673491501823
Kerr,32.36377690802348,0.024060210370787517,0.025428049374740087,0.11384710030662172
Kerr,32.43206849315068,0.024166185289392884,0.02554004903813676,0.11434854800813891
Kerr,32.500360078277886,0.024274460752320436,0.025654480033334433,0.11486088132936478
Kerr,32.568651663405085,0.024384994334339345,0.025771297523199618,0.11538389952436093
Kerr,32.63694324853229,0.024497742836733293,0.025890455853140166,0.11591739818724253
Kerr,32.70523483365949,0.024612662370867303,0.026011908639422935,0.11646116964759641
Kerr,32.77352641878669,0.02472970844151148,0.02613560885723454,0.11701500336474888
Kerr,32.84181800391389,0.024848836029755173,0.026261508928309238,0.11757868632009544
Kerr,32.91010958904109,0.0249699996753459,0.02638956080794888,0.11815200340670877
Kerr,32.9784011741683,0.02509315355828774,0.02651971607126022,0.11873473781544248
Kerr,33.046692759295496,0.025218251579534164,0.026651925998435192,0.1193266714167502
Kerr,33.114984344422695,0.025345247440612475,0.026786141658902057,0.11992758513744911
Kerr,33.1832759295499,0.025474094722017258,0.026922313994175558,0.1205372593316588
Kerr,33.251567514677106,0.025604746960213462,0.027060393899237693,0.12115547414516133
Kerr,33.319859099804304,0.025737157723090806,0.027200332302281752,0.12178200987243311
Kerr,33.3881506849315,0.025871280683714862,0.02734208024265619,0.12241664730561728
Kerr,33.45644227005871,0.026007069692222065,0.027485588946846926,0.12305916807471355
Kerr,33.52473385518591,0.026144478845710233,0.027630809902341173,0.12370935497828316
Kerr,33.59302544031311,0.026283462555978993,0.027777694929218968,0.12436699230398023
Kerr,33.66131702544031,0.026423975614978973,0.02792619624932319,0.1250318661382416
Kerr,33.72960861056751,0.026565973257832907,0.028076266552863452,0.1257037646644874
Kerr,33.797900195694716,0.02670941122329608,0.02822785906231375,0.1263824784492052
Kerr,33.866191780821914,0.02685424581152905,0.02838092759346964,0.1270678007153167
Kerr,33.93448336594912,0.027000433939060264,0.028535426613535475,0.1277595276022474
Kerr,34.00277495107632,0.02714793319082225,0.028691311296118915,0.1284574584121495
Kerr,34.07106653620352,0.02729670186915057,0.028848537573015493,0.12916139584175285
Kerr,34.13935812133072,0.027446699039640948,0.029007062182672752,0.12987114619934995
Kerr,34.20764970645792,0.027597884573766128,0.0291668427152299,0.13058651960644854
Kerr,34.27594129158513,0.02775021918816151,0.029327837654036872,0.13130733018366186
Kerr,34.344232876712326,0.0279036644804938,0.02949000641356211,0.13203339622043034
Kerr,34.412524461839524,0.02805818296183591,0.029653309373608026,0.13276454032821172
Kerr,34.48081604696673,0.028213738085476864,0.029817707909758753,0.13350058957680278
Kerr,34.549107632093936,0.028370294272104437,0.029983164419994438,0.13424137561349728
Kerr,34.617399217221134,0.028527816931304354,0.03014964234741269,0.1349867347648151
Kerr,34.68569080234833,0.02868627247932935,0.030317106199007817,0.13573650812058116
Kerr,34.75398238747554,0.02884562835309749,0.03048552156046496,0.13649054160016194
Kerr,34.82227397260274,0.029005853020388522,0.03065485510693612,0.13724868600071233
Kerr,34.89056555772994,0.029166915986215024,0.03082507460977351,0.13801079702732227
Kerr,34.95885714285714,0.029328787795352067,0.03099614893920301,0.13877673530498646
Kerr,35.02714872798434,0.029491440031019514,0.03116804806293159,0.13954636637236945
Kerr,35.095440313111546,0.029654845309717154,0.0313407430406888,0.1403195606573666
Kerr,35.163731898238744,0.029818977272223077,0.031514206014713365,0.14109619343451063
Kerr,35.23202348336595,0.029983810570772748,0.03168841019620345,0.14187614476430613
Kerr,35.30031506849315,0.030149320852445493,0.031863329847758595,0.1426592994146184
Kerr,35.36860665362035,0.030315484738792895,0.03203894026185001,0.14344554676427998
Kerr,35.43689823874755,0.03048227980175215,0.03221521773536455,0.14423478068911827
Kerr,35.50518982387475,0.030649684535895397,0.03239213954027645,0.14502689943064637
Kerr,35.57348140900196,0.03081767832707483,0.03256968389050985,0.14582180544769913
Kerr,35.641772994129155,0.030986241417530466,0.03274782990506294,0.14661940525133166
Kerr,35.710064579256354,0.03115535486753641,0.03292655756747377,0.14741960922333852
Kerr,35.77835616438356,0.031325000513668634,0.03310584768171556,0.14822233141878727
Kerr,35.846647749510765,0.031495160923784654,0.033285681824616886,0.14902748935299281
Kerr,35.914939334637964,0.03166581934881463,0.033466042294912124,0.14983500377340483
Kerr,35.98323091976516,0.03183695967146832,0.033646912059032336,0.15064479841690134
Kerr,36.05152250489236,0.03200856635197167,0.033828274693756946,0.1514567997530273
Kerr,36.11981409001957,0.032180624370952086,0.03401011432585201,0.15227093671374167
Kerr,36.18810567514677,0.0323531191695997,0.034192415568829626,0.153087140410275
Kerr,36.25639726027397,0.03252603658723673,0.034375163456968026,0.15390534383772245
Kerr,36.32468884540117,0.03269936279643508,0.034558343376740595,0.15472548156803625
Kerr,36.392980430528375,0.03287308423582639,0.03474194099580616,0.15554748943209906
Kerr,36.461272015655574,0.0330471875407563,0.03492594218972084,0.1563713041915966
Kerr,36.52956360078278,0.0332216594719387,0.03511033296653627,0.15719686320142673
Kerr,36.59785518590998,0.03339648684227166,0.035295099389455,0.15802410406341044
Kerr,36.66614677103718,0.03357165644198126,0.03548022749771865,0.15885296427209022
Kerr,36.73443835616438,0.03374715496226416,0.03566570322590951,0.15968338085342523
Kerr,36.80272994129159,0.033922968917603616,0.03585151232185026,0.16051528999720965
Kerr,36.87102152641879,0.03409908456693839,0.03603764026329113,0.1613486266840628
Kerr,36.939313111545985,0.03427548783386636,0.03622407217357717,0.162183324307852
Kerr,37.007604696673184,0.03445216422606871,0.03641079273649157,0.16301931429442731
Kerr,37.07589628180039,0.03462909875414309,0.036597786110474456,0.16385652571755954
Kerr,37.144187866927595,0.03480627585003646,0.0367850358424186,0.16469488491298448
Kerr,37.212479452054794,0.034983679285271053,0.03697252478124645,0.16553431509146763
Kerr,37.28077103718199,0.035161292089157914,0.03716023499147406,0.16637473595181052
Kerr,37.34906262230919,0.035339096467194284,0.03734814766696933,0.16721606329472685
Kerr,37.4173542074364,0.03551707371984215,0.03753624304511304,0.16805820863852233
Kerr,37.4856457925636,0.03569520416188598,0.037724500321572034,0.16890107883751482
Kerr,37.5539373776908,0.035873467042567386,0.037912897565893465,0.16974457570413093
Kerr,37.622228962818,0.036051840466695496,0.03810141163813025,0.17058859563561932
Kerr,37.690520547945205,0.036230301316930065,0.03829001810670596,0.17143302924631326
Kerr,37.758812133072404,0.036408825177434455,0.038478691167727334,0.1722777610063749
Kerr,37.82710371819961,0.03658738625909411,0.038667403565951476,0.17312266888794717
Kerr,37.89539530332681,0.036765957326494354,0.03885612651761222,0.17396762401963045
Kerr,37.963686888454006,0.03694450962685014,0.039044829635309516,0.17481249035019522
Kerr,38.03197847358121,0.03712301282107648,0.03923348085516116,0.175657124322424
Kerr,38.10027005870842,0.037301434917188084,0.03942204636641616,0.17650137455797463
Kerr,38.168561643835616,0.03747974220621093,0.03961049054372285,0.17734508155412926
Kerr,38.236853228962815,0.037657899200787305,0.039798775882243564,0.1781880773932882
Kerr,38.30514481409001,0.03783586857665095,0.03998686293580262,0.17903018546604452
Kerr,38.37343639921722,0.038013611117145046,0.040174710258250104,0.1798712202086565
Kerr,38.441727984344425,0.03819108566095142,0.04036227434821946,0.1807109868557149
Kerr,38.51001956947162,0.038368249053194824,0.040549509597451995,0.18154928120878028
Kerr,38.57831115459882,0.03854505610008045,0.04073636824285554,0.18238588942173858
Kerr,38.64660273972602,0.038721459527217984,0.040922800322459166,0.18322058780360073
Kerr,38.714894324853226,0.038897409941779156,0.041108753635419375,0.18405314263944117
Kerr,38.78318590998043,0.0390728557986304,0.041294173706227386,0.18488331003014596
Kerr,38.85147749510763,0.039247743370575155,0.041479003753259684,0.1857108357516064
Kerr,38.91976908023483,0.03942201672283433,0.041663184661807684,0.18653545513396685
Kerr,38.98806066536203,0.03959561769188568,0.04184665496171413,0.18735689296149774
Kerr,39.05635225048923,0.039768485868776626,0.04202935080973719,0.18817486339363582
Kerr,39.12464383561644,0.03994055858701662,0.04221120597675454,0.18898906990769382
Kerr,39.19293542074364,0.04011177091514798,0.04239215183991185,0.1897992052637075
Kerr,39.261227005870836,0.04028205565408625,0.042572117379811876,0.1906049514918506
Kerr,39.32951859099804,0.040451343339311746,0.042751029182830684,0.1914059799028051
Kerr,39.39781017612525,0.04061956224798745,0.04292881144864013,0.19220195112144106
Kerr,39.466101761252446,0.040786638411067506,0.04310538600300479,0.19299251514411125
Kerr,39.534393346379645,0.040952495630454076,0.04328067231591415,0.19377731141983318
Kerr,39.60268493150684,0.04111705550124835,0.04345458752509861,0.19455596895557556
Kerr,39.67097651663405,0.04128023743913566,0.04362704646497149,0.19532810644583798
Kerr,39.739268101761255,0.041441958712931805,0.043797961701025574,0.19609333242665228
Kerr,39.80755968688845,0.04160213448231116,0.043967243569706174,0.19685124545410287
Kerr,39.87585127201565,0.041760677840724986,0.04413480022376929,0.19760143430740576
Kerr,39.94414285714285,0.041917499863510385,0.04430053768312565,0.19834347821654855
Kerr,40.012434442270056,0.04207250966117881,0.044464359891158656,0.19907694711443866
Kerr,40.08072602739726,0.042225614437864926,0.04462616877649617,0.19980140191346946
Kerr,40.14901761252446,0.04237671955490421,0.04478586432020246,0.20051639480635378
Kerr,40.21730919765166,0.04252572859949989,0.04494334462834899,0.2012214695910396
Kerr,40.28560078277886,0.0426725434584275,0.04509850600990903,0.2019161620194619
Kerr,40.35389236790606,0.04281706439671653,0.045251243059912516,0.20260000016984545
Kerr,40.42218395303327,0.04295919014123811,0.04540144874778565,0.20327250484222137
Kerr,40.49047553816047,0.0430988179691169,0.04554901451078913,0.20393318997677082
Kerr,40.558767123287666,0.043235843800875653,0.04569383035245803,0.20458156309456274
Kerr,40.62705870841487,0.04337016229821068,0.045835784945935855,0.20521712576020354
Kerr,40.69535029354207,0.0435016669662863,0.045974765742084485,0.2058393740658697
Kerr,40.763641878669276,0.04363025026042637,0.04611065908224124,0.20644779913614647
Kerr,40.831933463796474,0.04375580369707065,0.04624335031548312,0.2070418876530464
Kerr,40.90022504892367,0.04387821796885533,0.04637272392024982,0.2076211224005428
Kerr,40.96851663405088,0.04399738306366549,0.04649866363016429,0.20818498282789683
Kerr,41.036808219178084,0.044113188387498836,0.046621052563881486,0.2087329456310194
Kerr,41.10509980430528,0.044225522890971626,0.04673977335878614,0.20926448535106645
Kerr,41.17339138943248,0.04433427519928637,0.04685470830834925,0.20977907498941467
Kerr,41.24168297455968,0.04443933374547405,0.04696573950294521,0.21027618663813152
Kerr,41.309974559686886,0.04454058690671419,0.047072748973921774,0.2107552921250089
Kerr,41.37826614481409,0.04463792314352723,0.047175618840705584,0.21121586367218778
Kerr,41.44655772994129,0.04473123114162695,0.047274231460719025,0.2116573745673696
Kerr,41.51484931506849,0.044820399956211426,0.04736846958187419,0.21207929984656612
Kerr,41.58314090019569,0.04490531915846459,0.047458216497403186,0.21248111698730948
Kerr,41.65143248532289,0.044985878984032834,0.047543356202775715,0.21286230661120772
Kerr,41.7197240704501,0.045061970483234605,0.047623773554448155,0.21322235319469987
Kerr,41.7880156555773,0.04513348567275493,0.04769935443018209,0.21356074578683837
Kerr,41.856307240704496,0.04520031768856995,0.04776998589066263,0.2138769787328904
Kerr,41.9245988258317,0.04526236093984192,0.047835556342142496,0.21417055240253235
Kerr,41.9928904109589,0.045319511263519775,0.047895955699831703,0.2144409739213819
Kerr,42.061181996086106,0.04537166607937589,0.047951075551748296,0.21468775790459488
Kerr,42.129473581213304,0.04541872454520512,0.0480008093227405,0.21491042719122921
Kerr,42.1977651663405,0.045460587711909285,0.04804505243838794,0.21510851357806765
Kerr,42.26605675146771,0.04549715867818644,0.048083702488485036,0.21528155855156966
Kerr,42.334348336594914,0.04552834274454261,0.048116659389808414,0.21542911401661785
Kerr,42.40263992172211,0.04555404756634029,0.048143825547866365,0.2155507430207066
Kerr,42.47093150684931,0.04557418330559832,0.04816510601732858,0.21564602047222217
Kerr,42.53922309197651,0.045588662781255306,0.048180408660832195,0.215714533851453
Kerr,42.607514677103715,0.045597401617608765,0.04818964430585978,0.215755883912968
Kerr,42.67580626223092,0.045600318390643865,0.04819272689938695,0.21576968537800845
Kerr,42.74409784735812,0.045597334771963885,0.04818957365999541,0.2157555676155325
Kerr,42.81238943248532,0.045588375670038574,0.04818010522715134,0.21571317531056802
Kerr,42.88068101761252,0.04557336936848716,0.04816424580734988,0.21564216911853448
Kerr,42.94897260273972,0.0455522476611159,0.04814192331682972,0.21554222630420805
Kerr,43.01726418786693,0.04552494598343351,0.04811306952056516,0.21541304136402067
Kerr,43.08555577299413,0.04549140354037145,0.04807762016724749,0.2152543266304017
Kerr,43.153847358121325,0.045451563429941215,0.048035515119972214,0.21506581285689436
Kerr,43.22213894324853,0.04540537276256529,0.04798669848235406,0.21484724978280081
Kerr,43.29043052837573,0.04535278277582441,0.04793111871979772,0.2145984066761386
Kerr,43.358722113502935,0.04529374894437096,0.04786872877565987,0.21431907285372429
Kerr,43.427013698630134,0.04522823108476446,0.04779948618204464,0.21400905817722948
Kerr,43.49530528375733,0.045156193454992624,0.04772335316498251,0.21366819352409064
Kerr,43.56359686888454,0.04507760484845111,0.047640296743752884,0.21329633123219846
Kerr,43.631888454011744,0.04499243868216217,0.047550288824117985,0.21289334551732708
Kerr,43.70018003913894,0.04490067307902305,0.047453306285247195,0.21245913286231383
Kerr,43.76847162426614,0.04480229094388409,0.04734933106012019,0.21199361237704228
Kerr,43.83676320939334,0.04469728003326777,0.04723835020920958,0.21149672612833595
Kerr,43.905054794520545,0.04458563301855003,0.04712035598725415,0.21096843943891705
Kerr,43.97334637964775,0.04446734754243757,0.046995345902946906,0.21040874115464347
Kerr,44.04163796477495,0.04434242626858593,0.04686332277137397,0.20981764387928936
Kerr,44.10992954990215,0.044210876924216554,0.046724294759054485,0.20919518417619906
Kerr,44.17822113502935,0.044072712335602504,0.046578275421443695,0.20854142273619666
Kerr,44.24651272015655,0.04392795045630779,0.04642528373277769,0.20785644451120783
Kerr,44.31480430528376,0.04377661438807632,0.04626534410814992,0.20714035881310117
Kerr,44.38309589041096,0.04361873239428284,0.04609848641772685,0.20639329937733503
Kerr,44.451387475538155,0.04345433790587079,0.04592474599302332,0.20561542439105368
Kerr,44.51967906066536,0.04328346951971754,0.04574416362517494,0.2048069164853523
Kerr,44.58797064579256,0.04310617098938205,0.04555678555515966,0.203967982691497
Kerr,44.656262230919765,0.04292249120820434,0.0453626634559365,0.20309885436095565
Kerr,44.724553816046964,0.04273248418474263,0.045161854406486214,0.2021997870491722
Kerr,44.79284540117416,0.04253620901054805,0.044954420857754016,0.20127106036308465
Kerr,44.86113698630137,0.04233372982029325,0.044740430590511485,0.2003129777724632
Kerr,44.92942857142857,0.042125115744286006,0.044519956665170474,0.1993258663852159
Kerr,44.99772015655577,0.04191044085341499,0.04429307736359908,0.19831007668688563
Kerr,45.06601174168297,0.0416897840965899,0.04405987612300516,0.19726598224463168
Kerr,45.13430332681017,0.041463229230754454,0.04382044146197053,0.19619397937606836
Kerr,45.202594911937375,0.04123086474356481,0.04357486689873362,0.1950944867833978
Kerr,45.27088649706458,0.04099278376884286,0.043323250861836186,0.19396794515335547
Kerr,45.33917808219178,0.04074908399492723,0.043065696593264056,0.19281481672354922
Kerr,45.40746966731898,0.04049986756606109,0.04280231204422875,0.1916355848158503
Kerr,45.475761252446176,0.04024524097697014,0.04253320976375212,0.1904307533375617
Kerr,45.54405283757338,0.039985314960797505,0.04225850678023033,0.1892008462511534
Kerr,45.61234442270059,0.03972020437057832,0.04197832447617015,0.18794640701342852
Kerr,45.680636007827786,0.039450028054447944,0.041692788456302685,0.18666799798503889
Kerr,45.748927592954985,0.0391749087247935,0.04140202840929609,0.18536619981134173
Kerr,45.81721917808218,0.03889497282156917,0.041106177963300274,0.18404161077564074
Kerr,45.88551076320939,0.03861035037001003,0.04080537453557162,0.1826948461259221
Kerr,45.953802348336595,0.038321174832988615,0.04049975917643597,0.18132653737624177
Kerr,46.02209393346379,0.03802758295827265,0.040189476407862836,0.1799373315839857
Kerr,46.09038551859099,0.03772971462095024,0.03987467405693235,0.17852789060426408
Kerr,46.1586771037182,0.03742771266130182,0.03955550308449014,0.17709889032276055
Kerr,46.226968688845396,0.037121722718404936,0.03923211740929244,0.17565101986839013
Kerr,46.2952602739726,0.03681189305976904,0.03890467372795548,0.17418498080717257
Kerr,46.3635518590998,0.036498374407304524,0.03857333133103076,0.1727014863187594
Kerr,46.431843444227,0.03618131975993813,0.03823825191553604,0.17120126035709332
Kerr,46.500135029354205,0.03586088421319345,0.03789959939427885,0.16968503679670663
Kerr,46.56842661448141,0.03553722477606185,0.03755753970231642,0.16815355856619854
Kerr,46.63671819960861,0.035210500185493494,0.03721224060090037,0.16660757677045174
Kerr,46.70500978473581,0.03488087071884362,0.036863871479260485,0.16504784980317344
Kerr,46.773301369863006,0.03454849800461294,0.0365126031545855,0.1634751424513646
Kerr,46.84159295499021,0.03421354483182288,0.03615860767056128,0.1618902249933298
Kerr,46.90988454011742,0.0338761749583705,0.03580205809483054,0.1602938722918589
Kerr,46.978176125244616,0.03353655291870688,0.035443128315737586,0.15868686288420764
Kerr,47.046467710371815,0.03319484383118599,0.03508199283872496,0.1570699780705192
Kerr,47.11475929549901,0.032851213205428505,0.034718826582745624,0.15544400100231628
Kerr,47.18305088062622,0.03250582675004548,0.03435380467705567,0.15380971577269578
Kerr,47.251342465753424,0.032158850181064236,0.03398710225874908,0.15216790650984674
Kerr,47.31963405088062,0.031810449031396446,0.03361889427139395,0.1505193564754992
Kerr,47.38792563600782,0.031460788461684604,0.03324935526512542,0.14886484716989531
Kerr,47.45621722113503,0.031110033072859793,0.03287865919854729,0.14720515744485826
Kerr,47.524508806262226,0.030758346720737635,0.032506979242787545,0.14554106262650482
Kerr,47.59280039138943,0.030405892332973552,0.03213448758804747,0.14387333364912208
Kerr,47.66109197651663,0.030052831728693784,0.031761355252978546,0.14220273620170504
Kerr,47.72938356164383,0.02969932544110856,0.03138775189721105,0.14053002988860477
Kerr,47.797675146771034,0.02934553254340891,0.031013845637352995,0.13885596740571451
Kerr,47.86596673189824,0.028991610478237947,0.030639802866766753,0.1371812937335688
Kerr,47.93425831702544,0.028637714891019465,0.030265788079422245,0.1355067453486947
Kerr,48.00254990215264,0.028283999467416027,0.02989196369811444,0.13383304945450283
Kerr,48.070841487279836,0.027930615775179888,0.029518489907323375,0.1321609232329641
Kerr,48.13913307240704,0.027577713110646943,0.029145524490981203,0.13049107311825617
Kerr,48.20742465753425,0.027225438350115025,0.028773222675401226,0.12882419409352153
Kerr,48.275716242661446,0.02687393580633316,0.02840173697760849,0.12716096901180932
Kerr,48.344007827788644,0.026523347090319064,0.028031217059301502,0.125502067942229
Kerr,48.41229941291584,0.026173810978706392,0.02766180958665808,0.12384814754226985
Kerr,48.48059099804305,0.025825463286812383,0.027293658096186814,0.12219985045718748
Kerr,48.548882583170254,0.02547843674760209,0.026926902866810338,0.12055780474729202
Kerr,48.61717416829745,0.02513286089671052,0.026561680798350883,0.11892262334390054
Kerr,48.68546575342465,0.024788861963672453,0.026198125296576454,0.11729490353466289
Kerr,48.75375733855186,0.024446562769492523,0.02583636616494771,0.11567522647888814
Kerr,48.822048923679056,0.024106082630676217,0.025476529503193034,0.11406415675344235
Kerr,48.89034050880626,0.02376753726982492,0.025118737612820873,0.11246224192970602
Kerr,48.95863209393346,0.02343103873288683,0.02476310890966629,0.11087001218202537
Kerr,49.02692367906066,0.023096695313136798,0.024409757843549033,0.10928797992800336
Kerr,49.095215264187864,0.02276461148194711,0.024058794825108566,0.10771663950092371
Kerr,49.16350684931507,0.02243488782639312,0.023710326159862554,0.10615646685451588
Kerr,49.23179843444227,0.022107620993724864,0.02336445398952164,0.1046079193002081
Kerr,49.30009001956947,0.021782903642719894,0.023021276240576673,0.10307143527694089
Kerr,49.368381604696665,0.021460824401918942,0.02268088658016003,0.10154743415354811
Kerr,49.43667318982387,0.021141467834730237,0.02234337437916608,0.1000363160636392
Kerr,49.50496477495108,0.02082491441137551,0.02200882468260233,0.09853846177285436
Kerr,49.573256360078275,0.020511240487635123,0.021677318187126166,0.09705423257829165
Kerr,49.641547945205474,0.020200518290337248,0.021348931225709106,0.0955839702398453
Kerr,49.70983953033267,0.019892815909522195,0.021023735759355663,0.09412799694312923
Kerr,49.77813111545988,0.019588197297198837,0.020701799375789053,0.09268661529359272
Kerr,49.846422700587084,0.01928672227259938,0.020383185295004727,0.0912601083413847
Kerr,49.91471428571428,0.018988446533823495,0.02006795238157646,0.08984873963645104
Kerr,49.98300587084148,0.018693421675753854,0.01975615516359042,0.08845275331330645
Kerr,50.05129745596869,0.018401695214110874,0.0194478438580674,0.08707237420485574
Kerr,50.119589041095885,0.01811331061550571,0.019143064402724397,0.08570780798459735
Kerr,50.18788062622309,0.017828307333337422,0.01884185849391251,0.08435924133648007
Kerr,50.25617221135029,0.017546720849373157,0.018544263630561015,0.08302684215165036
Kerr,50.32446379647749,0.01726858272083731,0.018250313163943554,0.08171075975126693
Kerr,50.392755381604694,0.01699392063282991,0.01796003635307655,0.08041112513453182
Kerr,50.4610469667319,0.016722758455883016,0.017673458425547732,0.07912805125103341
Kerr,50.5293385518591,0.016455116308458546,0.017390600643566997,0.07786163329647104
Kerr,50.5976301369863,0.016191010624181393,0.017111480375021765,0.07661194903078579
Kerr,50.665921722113495,0.015930454223597398,0.016836111169314463,0.07537905911770199
Kerr,50.7342133072407,0.015673456390237393,0.016564502837750836,0.07416300748464373
Kerr,50.80250489236791,0.015420022950764427,0.01629666153824362,0.07296382170197237
Kerr,50.870796477495105,0.015170156358976042,0.016032589864090376,0.07178151338046475
Kerr,50.939088062622304,0.01492385578342895,0.015772286936579713,0.07061607858593219
Kerr,51.0073796477495,0.014681117198450654,0.015515748501176973,0.06946749826986547
Kerr,51.07567123287671,0.014441933478298223,0.015262967027035982,0.0683357387149712
Kerr,51.143962818003914,0.014206294494223498,0.015013931809582496,0.06722075199446118
Kerr,51.21225440313111,0.01397418721420094,0.014768629075911633,0.06612247644394029
Kerr,51.28054598825831,0.013745595805074168,0.014527042092741513,0.06504083714473927
Kerr,51.34883757338551,0.013520501736875865,0.014289151276663822,0.06397574641753133
Kerr,51.417129158512715,0.013298883889076492,0.014054934306432832,0.0629271043250754
Kerr,51.48542074363992,0.013080718658516897,0.013824366237034055,0.06189479918292702
Kerr,51.55371232876712,0.01286598006878218,0.01359741961527608,0.060878708076969226
Kerr,51.62200391389432,0.012654639880774624,0.013374064596649651,0.05987869738661676
Kerr,51.69029549902152,0.0124466677042471,0.01315426906320183,0.05889462331256533
Kerr,51.75858708414873,0.012242031110060019,0.012937998742174816,0.05792633240796426
Kerr,51.82687866927593,0.01204069574292843,0.012725217325162795,0.05697366211190855
Kerr,51.895170254403126,0.011842625434430232,0.012515886587544755,0.05603644128416648
Kerr,51.963461839530325,0.01164778231604981,0.012309966507954713,0.05511449074007468
Kerr,52.03175342465753,0.011456126932036736,0.012107415387556521,0.05420762378455826
Kerr,52.10004500978473,0.011267618351863842,0.011908189968895247,0.05331564674425528
Kerr,52.168336594911935,0.011082214282074749,0.011712245554103311,0.052438359496752136
Kerr,52.23662818003913,0.010899871177316712,0.011519536122245629,0.05157555599596422
Kerr,52.30491976516634,0.010720544350360883,0.011330014445594594,0.050727024792725194
Kerr,52.37321135029354,0.010544188080918606,0.01114363220463265,0.04989254954967938
Kerr,52.441502935420736,0.010370755723069508,0.010960340101587744,0.04907190954960551
Kerr,52.50979452054794,0.01020019981112381,0.010780087972313987,0.048264880196331676
Kerr,52.57808610567514,0.010032472163749674,0.01060282489633869,0.04747123350744065
Kerr,52.646377690802346,0.00986752398620255,0.010428499304903539,0.046690738597994545
Kerr,52.714669275929545,0.009705305970503312,0.010257059086837916,0.04592316215455351
Kerr,52.78296086105675,0.009545768393418206,0.010088451692109068,0.04516826889879313
Kerr,52.85125244618395,0.009388861212103392,0.009922624232904114,0.044425822040071325
Kerr,52.91954403131115,0.009234534157284023,0.009759523582106409,0.04369558371632923
Kerr,52.98783561643835,0.009082736823847252,0.009599096469038828,0.04297731542275536
Kerr,53.05612720156555,0.00893341875873683,0.009441289572355233,0.042270778427681684
Kerr,53.12441878669276,0.008786529546045039,0.009286049609969928,0.04157573417521799
Kerr,53.192710371819956,0.008642018889207737,0.009133323425925563,0.04089194467417907
Kerr,53.26100195694716,0.00849983669021544,0.008983058074107406,0.04021917287289236
Kerr,53.32929354207436,0.008359933125763625,0.00883520089872285,0.03955718301952275
Kerr,53.39758512720156,0.008222258720272647,0.00868969961147255,0.038905741007585225
Kerr,53.465876712328765,0.008086764415717825,0.00854650236535041,0.03826461470636394
Kerr,53.53416829745596,0.007953401638217446,0.008405557825017155,0.03763357427599059
Kerr,53.60245988258317,0.007822122361336052,0.008266815233702438,0.037012392466980175
Kerr,53.67075146771037,0.007692879166067993,0.008130224476598521,0.03640084490405879
Kerr,53.739043052837566,0.0075656252974750276,0.007995736140717745,0.03579871035415897
Kerr,53.80733463796477,0.007440314717959486,0.007863301571194312,0.03520577097849549
Kerr,53.87562622309197,0.007316902157162859,0.007732872924019644,0.03462181256867338
Kerr,53.943917808219176,0.007195343158487097,0.007604403215208445,0.03404662476681548
Kerr,54.012209393346374,0.007075594122243743,0.007477846366400898,0.03348000126973372
Kerr,54.08050097847358,0.0069576123454433945,0.007353157246914175,0.03292174001720324
Kerr,54.14879256360078,0.006841356058245081,0.007230291712263992,0.03237164336443201
Kerr,54.21708414872798,0.006726784457092107,0.007109206639184246,0.031829518238851655
Kerr,54.28537573385518,0.006613857734567628,0.0069898599571799015,0.03129517628138682
Kerr,54.35366731898238,0.006502537106009892,0.0068722106766553204,0.03076843397239204
Kerr,54.42195890410959,0.006392784832932528,0.006756218913666017,0.03024911274247091
Kerr,54.490250489236786,0.00628456424330236,0.006641845911349274,0.0297370390684258
Kerr,54.558542074363984,0.0061778397487314805,0.0065290540580936005,0.02923204455460656
Kerr,54.62683365949119,0.006072576858646953,0.006417806902513988,0.02873396599995817
Kerr,54.69512524461839,0.005968742191505453,0.006308069165304114,0.028242645451085673
Kerr,54.763416829745594,0.005866303483125726,0.006199806748042504,0.027757930241681383
Kerr,54.83170841487279,0.005765229592215654,0.006092986739033819,0.02727967301867761
Kerr,54.9,0.005665490503175072,0.005987577416271006,0.026807731755508907
"Arner, P#1",20.5,0.012877025338320816,0.013433403437209591,0.060144370731581125
"Arner, P#1",20.55812133072407,0.013117739089605203,0.013684517716239889,0.0612686658787184
"Arner, P#1",20.61624266144814,0.013358951027537707,0.013936151707086801,0.062395287892633565
"Arner, P#1",20.67436399217221,0.013600531718834866,0.014188170384038313,0.06352363223282281
"Arner, P#1",20.73248532289628,0.013842349696917609,0.014440436600234127,0.06465308486192407
"Arner, P#1",20.79060665362035,0.014084271621507953,0.014692811254158049,0.06578302299114085
"Arner, P#1",20.84872798434442,0.014326162445431148,0.014945153463647172,0.06691281585932056
"Arner, P#1",20.90684931506849,0.014567885588474315,0.01519732074726243,0.06804182554499126
"Arner, P#1",20.964970645792565,0.0148093031181332,0.01544916921284487,0.06916940781057061
"Arner, P#1",21.023091976516636,0.015050275937058962,0.01570055375306148,0.07029491297786844
"Arner, P#1",21.081213307240706,0.01529066397699694,0.015951328247723457,0.07141768683391128
"Arner, P#1",21.139334637964776,0.015530326398989651,0.016201345772639403,0.07253707156602504
"Arner, P#1",21.197455968688846,0.015769121799596404,0.01645045881474505,0.07365240672501928
"Arner, P#1",21.255577299412916,0.016006908422862315,0.016698519493230854,0.07476303021522519
"Arner, P#1",21.313698630136987,0.01624354437774991,0.016945379786368158,0.07586827931004736
"Arner, P#1",21.371819960861057,0.016478887860727254,0.017190891763714706,0.07696749169160012
"Arner, P#1",21.429941291585127,0.016712797383187372,0.017434907823360168,0.07806000651290923
"Arner, P#1",21.488062622309197,0.016945132003355175,0.017677280933853085,0.0791451654810732
"Arner, P#1",21.546183953033267,0.017175751562319656,0.017917864880431327,0.08022231395969243
"Arner, P#1",21.604305283757338,0.017404516923811345,0.018156514515159598,0.08129080208879123
"Arner, P#1",21.662426614481408,0.017631290217327338,0.018393086010559195,0.08234998592037528
"Arner, P#1",21.720547945205478,0.01785593508418983,0.018627437116298,0.08339922856769046
"Arner, P#1",21.77866927592955,0.01807831692610758,0.018859427418491538,0.08443790136617212
"Arner, P#1",21.836790606653622,0.018298303155794227,0.01908891860114978,0.08546538504400122
"Arner, P#1",21.894911937377692,0.018515763449182668,0.019315774709288948,0.08648107090011514
"Arner, P#1",21.953033268101763,0.01873056999876092,0.019539862413213267,0.08748436198745649
"Arner, P#1",22.011154598825833,0.01894259776754123,0.01976105127345735,0.08847467429917988
"Arner, P#1",22.069275929549903,0.019151724743162575,0.01997921400586767,0.08945143795548131
"Arner, P#1",22.127397260273973,0.019357832191614868,0.020194226746289484,0.09041409838866109
"Arner, P#1",22.185518590998043,0.019560804910063612,0.020405969314315268,0.09136211752398493
"Arner, P#1",22.243639921722114,0.019760531478243592,0.02061432547554038,0.09229497495386163
"Arner, P#1",22.301761252446184,0.01995690450788329,0.020819183201764374,0.09321216910282289
"Arner, P#1",22.359882583170254,0.020149820889613475,0.021020434928567786,0.09411321838075253
"Arner, P#1",22.418003913894324,0.020339182036809032,0.021217977809689616,0.09499766232179178
"Arner, P#1",22.476125244618395,0.0205248941258073,0.021411713967624833,0.09586506270632073
"Arner, P#1",22.534246575342465,0.020706868331944094,0.021601550739858776,0.09671500466340502
"Arner, P#1",22.592367906066535,0.02088502106084583,0.021787400920152737,0.09754709775108594
"Arner, P#1",22.650489236790605,0.02105927417441616,0.021969182994294824,0.0983609770118899
"Arner, P#1",22.708610567514675,0.021229555210956028,0.022146821369730726,0.09915630400093714
"Arner, P#1",22.76673189823875,0.021395797598858304,0.022320246598491484,0.09993276778403952
"Arner, P#1",22.82485322896282,0.0215579408633219,0.022489395592839096,0.10069008590319445
"Arner, P#1",22.88297455968689,0.02171593082553532,0.022654211833056194,0.101428005306906
"Arner, P#1",22.94109589041096,0.021869719793785772,0.022814645566812435,0.10214630324279315
"Arner, P#1",22.99921722113503,0.022019266745958433,0.022970653999549,0.10284478810998404
"Arner, P#1",23.0573385518591,0.02216453750289948,0.023122201475332126,0.10352330026883788
"Arner, P#1",23.11545988258317,0.022305504892127546,0.02326925964763807,0.10418171280558773
"Arner, P#1",23.17358121330724,0.022442148901390888,0.023411807639544997,0.10481993224955566
"Arner, P#1",23.23170254403131,0.0225744568215806,0.023549832192821078,0.10543789924065362
"Arner, P#1",23.28982387475538,0.02270242337852642,0.02368332780541479,0.10603558914495859
"Arner, P#1",23.34794520547945,0.022826050853217733,0.0238122968568703,0.10661301261622536
"Arner, P#1",23.40606653620352,0.02294534919001062,0.02393674972120985,0.10717021610128646
"Arner, P#1",23.464187866927592,0.023060336092401473,0.024056704866845434,0.10770728228737922
"Arner, P#1",23.522309197651666,0.023171037105968205,0.024172188943103672,0.10822433048953702
"Arner, P#1",23.580430528375736,0.02327748568810259,0.024283236852971075,0.10872151697628632
"Arner, P#1",23.638551859099806,0.023379723264180644,0.02438989181169138,0.10919903523200009
"Arner, P#1",23.696673189823876,0.02347779926984241,0.02449220539087211,0.10965711615437272
"Arner, P#1",23.754794520547946,0.023571771179078677,0.024590237547784853,0.11009602818560413
"Arner, P#1",23.812915851272017,0.023661704517849234,0.024684056639571905,0.11051607737600593
"Arner, P#1",23.871037181996087,0.023747672862985153,0.02477373942210114,0.11091760737887456
"Arner, P#1",23.929158512720157,0.023829757826156896,0.02485937103324141,0.11130099937561137
"Arner, P#1",23.987279843444227,0.02390804902272044,0.024941044960362622,0.11166667193021326
"Arner, P#1",24.045401174168298,0.023982644025283998,0.025018862991896186,0.11201508077239784
"Arner, P#1",24.103522504892368,0.024053648301870702,0.025092935152825922,0.1123467185087817
"Arner, P#1",24.161643835616438,0.02412117513858426,0.025163379624012317,0.11266211426167698
"Arner, P#1",24.21976516634051,0.02418534554671894,0.025230322645289,0.11296183323523244
"Arner, P#1",24.27788649706458,0.024246288154288368,0.025293898402304817,0.11324647620880002
"Arner, P#1",24.33600782778865,0.024304139081982225,0.02535424889712102,0.11351667895756924
"Arner, P#1",24.39412915851272,0.0243590418035957,0.025411523802610237,0.11377311160067874
"Arner, P#1",24.45225048923679,0.024411146991010057,0.02546588030073916,0.11401647787717133
"Arner, P#1",24.51037181996086,0.02446061234383993,0.02551748290485535,0.11424751435033213
"Arner, P#1",24.568493150684933,0.024507602403897846,0.025566503266135392,0.11446698954111337
"Arner, P#1",24.626614481409003,0.024552288354661698,0.02561311996438788,0.11467570299151222
"Arner, P#1",24.684735812133074,0.024594847805967893,0.025657518283443835,0.11487448425894323
"Arner, P#1",24.742857142857144,0.024635464564187172,0.0256998899714025,0.11506419184280464
"Arner, P#1",24.800978473581214,0.024674328388176556,0.02574043298603869,0.11524571204460998
"Arner, P#1",24.859099804305284,0.024711634731334964,0.02577935122571338,0.11541995776321408
"Arner, P#1",24.917221135029354,0.02474758447012572,0.02581685424616651,0.11558786722683066
"Arner, P#1",24.975342465753425,0.024782383619462434,0.025853156963605503,0.11575040266369298
"Arner, P#1",25.033463796477495,0.02481624303538876,0.025888479344538702,0.11590854891336817
"Arner, P#1",25.091585127201565,0.024849378105515338,0.02592304608283702,0.11606331198088961
"Arner, P#1",25.149706457925635,0.024882008427709004,0.02595708626454026,0.11621571753601936
"Arner, P#1",25.20782778864971,0.02491435747756097,0.025990833020957574,0.11636680936010092
"Arner, P#1",25.26594911937378,0.024946652265190154,0.026024523170642282,0.11651764774309974
"Arner, P#1",25.32407045009785,0.024979122981967618,0.026058396850852334,0.11666930783356894
"Arner, P#1",25.38219178082192,0.025012002637775536,0.0260926971391363,0.11682287794440449
"Arner, P#1",25.44031311154599,0.025045526689440906,0.02612766966571281,0.1169794578173808
"Arner, P#1",25.49843444227006,0.025079932661009514,0.026163562217337667,0.11714015684957454
"Arner, P#1",25.55655577299413,0.025115459756549587,0.026200624333377918,0.11730609228489745
"Arner, P#1",25.6146771037182,0.02515234846619695,0.02623910689483537,0.11747838737406205
"Arner, P#1",25.67279843444227,0.02519084016617438,0.026279261707083976,0.11765816950640295
"Arner, P#1",25.73091976516634,0.02523117671353697,0.02632134107710535,0.11784656831706523
"Arner, P#1",25.78904109589041,0.02527360003641292,0.02636559738602506,0.1180447137731531
"Arner, P#1",25.84716242661448,0.025318351720524622,0.02641228265776853,0.11825373424250538
"Arner, P#1",25.90528375733855,0.02536567259278941,0.02646164812467041,0.11847475454883075
"Arner, P#1",25.963405088062622,0.02541580230281068,0.02651394379088317,0.11870889401698986
"Arner, P#1",26.021526418786692,0.02546897890308062,0.026569417994441617,0.11895726451225964
"Arner, P#1",26.079647749510762,0.025525438428724054,0.026628316968848747,0.11922096847745435
"Arner, P#1",26.137769080234833,0.025585414477618543,0.026690884405054054,0.11950109697180397
"Arner, P#1",26.195890410958903,0.025649137791730878,0.026757361014700817,0.11979872771551399
"Arner, P#1",26.254011741682973,0.025716835840511182,0.026827984095519907,0.12011492314393568
"Arner, P#1",26.312133072407047,0.02578873240718697,0.026902987099748837,0.12045072847528096
"Arner, P#1",26.370254403131117,0.025865047178796556,0.026982599206451716,0.1208071697958027
"Arner, P#1",26.428375733855187,0.025945995340797695,0.027067044898612145,0.12118525216634429
"Arner, P#1",26.486497064579257,0.026031787177080917,0.02715654354586431,0.12158595775413295
"Arner, P#1",26.544618395303328,0.026122627676208748,0.02725130899371896,0.12201024399365187
"Arner, P#1",26.602739726027398,0.02621871614469191,0.027351549160130426,0.12245904178038007
"Arner, P#1",26.660861056751468,0.026320245828100882,0.027457465640237523,0.12293325370112833
"Arner, P#1",26.71898238747554,0.026427403540797086,0.027569253320096545,0.12343375230463495
"Arner, P#1",26.77710371819961,0.026540369305051905,0.02768710000020765,0.12396137841600859
"Arner, P#1",26.83522504892368,0.02665931600030253,0.02781118602961612,0.12451693949851735
"Arner, P#1",26.89334637964775,0.026784409023274735,0.02794168395135003,0.12510120806613326
"Arner, P#1",26.95146771037182,0.026915805959679275,0.02807875815993163,0.12571492015013377
"Arner, P#1",27.009589041095893,0.027053656268166176,0.02822256457167624,0.12635877382295574
"Arner, P#1",27.067710371819963,0.027198100977194238,0.02837325030846437,0.12703342778237178
"Arner, P#1",27.125831702544033,0.02734927239544707,0.0285309533956457,0.12773949999893874
"Arner, P#1",27.183953033268104,0.027507293836397394,0.02869580247470263,0.12847756642952748
"Arner, P#1",27.242074363992174,0.02767227935759122,0.02886791653126967,0.12924815979960458
"Arner, P#1",27.300195694716244,0.027844333515191836,0.029047404639072034,0.1300517684567877
"Arner, P#1",27.358317025440314,0.028023551134290548,0.029234365720312176,0.13088883529804235
"Arner, P#1",27.416438356164385,0.028210017095456234,0.029428888322996775,0.13175975677272447
"Arner, P#1",27.474559686888455,0.028403806137960872,0.029631050415660238,0.1326648819635115
"Arner, P#1",27.532681017612525,0.02860498268008115,0.029840919199902057,0.1336045117470899
"Arner, P#1",27.590802348336595,0.02881360065683916,0.030058550941116775,0.13457889803629497
"Arner, P#1",27.648923679060665,0.02902970337550592,0.030283990817754222,0.13558824310521528
"Arner, P#1",27.707045009784736,0.029253323389153613,0.030517272789408363,0.13663269899859648
"Arner, P#1",27.765166340508806,0.029484482388501026,0.030758419483989646,0.13771236702668666
"Arner, P#1",27.823287671232876,0.02972319111225813,0.031007442104195867,0.13882729734648533
"Arner, P#1",27.881409001956946,0.02996944927613311,0.03126434035345182,0.13997748863015855
"Arner, P#1",27.939530332681016,0.030223245520625438,0.03152910238144661,0.14116288782119718
"Arner, P#1",27.997651663405087,0.030484557377687144,0.03180170474935451,0.14238338997870295
"Arner, P#1",28.05577299412916,0.0307533512562922,0.03208211241478083,0.14363883820998757
"Arner, P#1",28.11389432485323,0.0310295824469139,0.032370278736432716,0.14492902369148514
"Arner, P#1",28.1720156555773,0.03131319514486817,0.03266614549847109,0.14625368577778103
"Arner, P#1",28.23013698630137,0.031604122492439796,0.03296964295445704,0.14761251219836996
"Arner, P#1",28.28825831702544,0.03190228663966907,0.033280689890764825,0.14900513934157023
"Arner, P#1",28.34637964774951,0.032207598823634845,0.033599193709290556,0.1504311526248291
"Arner, P#1",28.404500978473582,0.0325199594660322,0.0339250505292459,0.151890086950476
"Arner, P#1",28.462622309197652,0.032839258288802874,0.03425814530778455,0.15338142724579462
"Arner, P#1",28.520743639921722,0.03316537444753957,0.03459835197917054,0.15490460908611062
"Arner, P#1",28.578864970645792,0.03349817668234844,0.03494553361215904,0.1564590193994209
"Arner, P#1",28.636986301369866,0.03383752348581692,0.035299542585221604,0.15804399725091642
"Arner, P#1",28.695107632093936,0.03418326328770114,0.03566022077921336,0.15965883470559672
"Arner, P#1",28.753228962818007,0.03453523465591171,0.03602739978704281,0.1613027777670087
"Arner, P#1",28.811350293542077,0.034893266513345206,0.03640090113987192,0.16297502738999534
"Arner, P#1",28.869471624266147,0.03525717837007836,0.03678053654934281,0.16467474056519912
"Arner, P#1",28.927592954990217,0.03562678057041038,0.037166108165293976,0.16640103147291554
"Arner, P#1",28.985714285714288,0.03600187455421349,0.037557408848403015,0.16815297270377608
"Arner, P#1",29.043835616438358,0.03638225313202278,0.037954222457162325,0.1699295965436028
"Arner, P#1",29.101956947162428,0.03676770077327394,0.03835632414857073,0.17172989631967253
"Arner, P#1",29.160078277886498,0.03715799390707233,0.038763480691897854,0.17355282780551068
"Arner, P#1",29.21819960861057,0.037552901234856925,0.03917545079485742,0.1753973106812423
"Arner, P#1",29.27632093933464,0.03795218405430281,0.03959198544150451,0.17726223004643446
"Arner, P#1",29.33444227005871,0.03835559659378734,0.040012828241153105,0.17914643798227825
"Arner, P#1",29.39256360078278,0.038762886356730517,0.04043771578759438,0.18104875515989025
"Arner, P#1",29.45068493150685,0.03917379447510489,0.040866378027880644,0.1829679724914411
"Arner, P#1",29.50880626223092,0.03958805607139953,0.0412985386399288,0.18490285282077112
"Arner, P#1",29.56692759295499,0.04000540062831077,0.04173391541818427,0.18685213265009465
"Arner, P#1",29.62504892367906,0.04042555236542588,0.04217222066658007,0.18881452389936626
"Arner, P#1",29.68317025440313,0.04084823062215839,0.042613161598017625,0.190788715694846
"Arner, P#1",29.7412915851272,0.041273150246189286,0.04305644073959139,0.19277337618338172
"Arner, P#1",29.79941291585127,0.04170002198666722,0.043501756342778024,0.19476715436891784
"Arner, P#1",29.85753424657534,0.04212855289141774,0.0439488027978079,0.1967686819677302
"Arner, P#1",29.915655577299415,0.04255844670741557,0.044397271051440576,0.19877657527890075
"Arner, P#1",29.973776908023485,0.04298940428377452,0.04484684902736671,0.20078943706655147
"Arner, P#1",30.031898238747555,0.04342112397651581,0.045297222048465244,0.20280585845038504
"Arner, P#1",30.090019569471625,0.043853302054382724,0.04574807326015208,0.20482442080111188
"Arner, P#1",30.148140900195695,0.04428563310497517,0.04619908405406253,0.206843697637372
"Arner, P#1",30.206262230919766,0.04471781044049104,0.046649934491323534,0.20886225652082008
"Arner, P#1",30.264383561643836,0.045149526502369995,0.04710030372468093,0.210878660946084
"Arner, P#1",30.322504892367906,0.045580473264150136,0.04754987041876236,0.21289147222237673
"Arner, P#1",30.38062622309198,0.046010342631861115,0.04799831316777017,0.21489925134360124
"Arner, P#1",30.43874755381605,0.046438826841294044,0.04844531090991617,0.21690056084386838
"Arner, P#1",30.49686888454012,0.046865618851506266,0.048890543337928624,0.21889396663542895
"Arner, P#1",30.55499021526419,0.047290412733935305,0.0493336913049786,0.22087803982609733
"Arner, P#1",30.61311154598826,0.047712904056518145,0.04977443722539593,0.22285135851334717
"Arner, P#1",30.67123287671233,0.048132790262232654,0.050212465469566314,0.22481250955235443
"Arner, P#1",30.7293542074364,0.04854977104149684,0.0506474627524208,0.22676009029535227
"Arner, P#1",30.78747553816047,0.04896354869788854,0.051079118514957146,0.2286927102997882
"Arner, P#1",30.84559686888454,0.04937382850666741,0.05150712529825253,0.2306089930028629
"Arner, P#1",30.903718199608612,0.0497803190656085,0.05193117910945552,0.23250757736015892
"Arner, P#1",30.961839530332682,0.050182732637678786,0.05235097977926873,0.23438711944617077
"Arner, P#1",31.019960861056752,0.05058078548511584,0.05276623131046198,0.23624629401467695
"Arner, P#1",31.078082191780823,0.050974198194491505,0.05317664221698103,0.23808379601700594
"Arner, P#1",31.136203522504893,0.05136269599237086,0.05358192585324523,0.23989834207637603
"Arner, P#1",31.194324853228963,0.05174600905120326,0.0539818007332552,0.24168867191661214
"Arner, P#1",31.252446183953033,0.05212387278510718,0.0543759908391577,0.2434535497436601
"Arner, P#1",31.310567514677103,0.052496028135240444,0.05476422591894578,0.24519176557845748
"Arner, P#1",31.368688845401174,0.05286222184447018,0.05514624177299649,0.2469021365398272
"Arner, P#1",31.426810176125244,0.05322220672108759,0.055521780529179936,0.24858350807620277
"Arner, P#1",31.484931506849314,0.05357574189133547,0.0558905909062978,0.25023475514510185
"Arner, P#1",31.543052837573384,0.05392259304054554,0.05625242846563945,0.2518547833393995
"Arner, P#1",31.601174168297455,0.05426253264270679,0.05660705585046932,0.25344252995956723
"Arner, P#1",31.65929549902153,0.05459534017831234,0.056954243013286214,0.2549969650311638
"Arner, P#1",31.7174168297456,0.0549208023403572,0.057293767430721676,0.256517092266984
"Arner, P#1",31.77553816046967,0.05523871322838475,0.057625414305970624,0.25800194997338566
"Arner, P#1",31.83365949119374,0.055548874530501495,0.05794897675867042,0.25945061190042135
"Arner, P#1",31.89178082191781,0.05585109569330607,0.058264256002172,0.2608621880355211
"Arner, P#1",31.94990215264188,0.05614519407969849,0.058571061508167606,0.2622358253405675
"Arner, P#1",32.008023483365946,0.05643099511455899,0.05886921115866396,0.2635707084323143
"Arner, P#1",32.06614481409002,0.0567083324183064,0.059158531385311325,0.26486606020619347
"Arner, P#1",32.124266144814094,0.056977047928365734,0.05943885729611934,0.2661211424036509
"Arner, P#1",32.182387475538164,0.05723699200859587,0.05971003278961271,0.26733525612324693
"Arner, P#1",32.240508806262234,0.057488023546743434,0.05997191065649584,0.26850774227583185
"Arner, P#1",32.298630136986304,0.05773001004001017,0.060224352668917285,0.26963798198420286
"Arner, P#1",32.356751467710374,0.05796282766883463,0.060467229657439336,0.2707253969277143
"Arner, P#1",32.414872798434445,0.058186361359006,0.06070042157583559,0.2717694496323911
"Arner, P#1",32.472994129158515,0.05840050483224296,0.060923817553855196,0.27276964370716583
"Arner, P#1",32.531115459882585,0.058605160645381946,0.06113731593810429,0.27372552402691436
"Arner, P#1",32.589236790606655,0.05880024021833403,0.06134082432121085,0.27463667686303345
"Arner, P#1",32.647358121330726,0.05898566385098021,0.061534259559449966,0.275502729962353
"Arner, P#1",32.705479452054796,0.059161360729185014,0.06171754777901723,0.2763233525752234
"Arner, P#1",32.763600782778866,0.05932726892011851,0.06189062437114871,0.27709825543366656
"Arner, P#1",32.821722113502936,0.05948333535708581,0.062053433976294904,0.2778271906805193
"Arner, P#1",32.879843444227006,0.05962951581406976,0.06220593045756354,0.2785099517505306
"Arner, P#1",32.93796477495108,0.0597657748702001,0.062348076863653554,0.27914637320440866
"Arner, P#1",32.99608610567515,0.05989208586436845,0.062479845381509067,0.2797363305168423
"Arner, P#1",33.05420743639922,0.06000843084021205,0.06260121727892612,0.2802797398195382
"Arner, P#1",33.11232876712329,0.06011480048169587,0.06271218283735142,0.2807765576003458
"Arner, P#1",33.17045009784736,0.060211194039523255,0.06281274127511342,0.2812267803595458
"Arner, P#1",33.22857142857143,0.060297619248610594,0.06290290066133133,0.2816304442244009
"Arner, P#1",33.2866927592955,0.0603740922368615,0.06298267782074767,0.28198762452307025
"Arner, P#1",33.34481409001957,0.06044063742547847,0.0630520982297327,0.28229843531899773
"Arner, P#1",33.40293542074364,0.06049728742105077,0.0631111959037098,0.2825630289068898
"Arner, P#1",33.46105675146771,0.06054408289965635,0.06316001327624966,0.28278159527139324
"Arner, P#1",33.519178082191786,0.060581072483217153,0.06319860107008338,0.2829543615095917
"Arner, P#1",33.57729941291585,0.0606083126083446,0.06322701816028108,0.28308159121842547
"Arner, P#1",33.635420743639926,0.06062586738791264,0.06324533142984395,0.2831635838481448
"Arner, P#1",33.69354207436399,0.060633808465592735,0.06325361561795419,0.28320067402289023
"Arner, P#1",33.75166340508807,0.06063221486358503,0.06325195316112697,0.2831932308294948
"Arner, P#1",33.80978473581213,0.060621172823776714,0.06324043402750584,0.28314165707558697
"Arner, P#1",33.86790606653621,0.060600775642557746,0.06321915554454124,0.28304638851806835
"Arner, P#1",33.92602739726028,0.06057112349952077,0.06318822222028908,0.2829078930630276
"Arner, P#1",33.98414872798435,0.06053232328027085,0.06314774555856463,0.2827266699381426
"Arner, P#1",34.04227005870842,0.060484488393567945,0.06309784386818425,0.28250324883861266
"Arner, P#1",34.10039138943249,0.060427738583023395,0.06303864206652579,0.2822381890476545
"Arner, P#1",34.15851272015656,0.06036219973356821,0.06297027147763505,0.281932078532579
"Arner, P#1",34.21663405088063,0.06028800367291195,0.06289286962510618,0.2815855330174705
"Arner, P#1",34.2747553816047,0.060205287968205505,0.06280658001995892,0.28119919503346547
"Arner, P#1",34.33287671232877,0.060114195718123355,0.06271155194373738,0.2807737329476365
"Arner, P#1",34.39099804305284,0.060014875340576514,0.0626079402270506,0.280309839971469
"Arner, P#1",34.44911937377691,0.05990748035626941,0.062495905023777616,0.2798082331499264
"Arner, P#1",34.50724070450098,0.05979216916830996,0.06237561158115516,0.27926965233208073
"Arner, P#1",34.56536203522505,0.05966910483808618,0.06224723000597053,0.2786948591243058
"Arner, P#1",34.62348336594912,0.05953845485761816,0.062110935027077575,0.2780846358270076
"Arner, P#1",34.68160469667319,0.05940039091859886,0.061966905754458436,0.2774397843558897
"Arner, P#1",34.73972602739726,0.059255088678335635,0.061815325435052096,0.27676112514874235
"Arner, P#1",34.79784735812133,0.0591027275228068,0.0616563812055733,0.27604949605875767
"Arner, P#1",34.8559686888454,0.058943490327049305,0.06149026384254734,0.2753057512353787
"Arner, P#1",34.91409001956947,0.0587775632130956,0.06131716750978804,0.27453075999370163
"Arner, P#1",34.97221135029354,0.058605135305680914,0.06113728950354989,0.2737254056734645
"Arner, P#1",35.03033268101761,0.058426398485944664,0.060950829995587624,0.27289058448866726
"Arner, P#1",35.08845401174168,0.058241547143353806,0.060757991774360934,0.27202720436888683
"Arner, P#1",35.14657534246575,0.05805077792607977,0.06055897998462589,0.2711361837933694
"Arner, P#1",35.20469667318983,0.05785428949006408,0.06035400186565844,0.27021845061899813
"Arner, P#1",35.26281800391389,0.05765228224701396,0.0601432664883617,0.2692749409032632
"Arner, P#1",35.32093933463797,0.05744495811157222,0.05992698449151174,0.26830659772337484
"Arner, P#1",35.37906066536203,0.05723252024791296,0.059705367817404466,0.2673143699926951
"Arner, P#1",35.43718199608611,0.05701517281601802,0.059478629447169425,0.266299211275678
"Arner, P#1",35.49530332681017,0.05679312071789658,0.059246983136024306,0.2652620786025444
"Arner, P#1",35.55342465753425,0.05656656934401463,0.059010643148748404,0.2642039312849372
"Arner, P#1",35.61154598825832,0.056335724320208315,0.05876982399566076,0.2631257297338359
"Arner, P#1",35.66966731898239,0.05610079125535936,0.058524740169393505,0.26202843428103184
"Arner, P#1",35.72778864970646,0.05586197549011911,0.0582756058827589,0.2609130040054998
"Arner, P#1",35.78590998043053,0.055619481846971054,0.058022634808012896,0.2597803955660223
"Arner, P#1",35.8440313111546,0.055373514381929625,0.0577660398178255,0.2586315620414555
"Arner, P#1",35.90215264187867,0.055124276138177594,0.05750603272827362,0.2574674517800506
"Arner, P#1",35.96027397260274,0.05487196890194969,0.05724282404417711,0.25628900725926573
"Arner, P#1",36.01839530332681,0.05461679296097654,0.05697662270710582,0.25509716395753695
"Arner, P#1",36.07651663405088,0.05435894686580567,0.056707635846387945,0.2538928492394866
"Arner, P#1",36.13463796477495,0.05409862719432268,0.056436068533456896,0.25267698125607874
"Arner, P#1",36.19275929549902,0.0538360283197988,0.056162123539876846,0.2514504678612453
"Arner, P#1",36.25088062622309,0.05357134218279382,0.055886001099390285,0.2502142055465193
"Arner, P#1",36.309001956947164,0.053304758067247264,0.05560789867433475,0.24896907839523005
"Arner, P#1",36.367123287671234,0.053036462381092546,0.05532801072677797,0.24771595705782362
"Arner, P#1",36.425244618395304,0.052766638441729095,0.055046528494720866,0.24645569774987328
"Arner, P#1",36.483365949119374,0.052495466266690306,0.0547636397737209,0.2451891412743582
"Arner, P#1",36.541487279843444,0.05222312236984291,0.05447952870428583,0.24391711206977723
"Arner, P#1",36.599608610567515,0.0519497795634537,0.05419437556538829,0.24264041728566743
"Arner, P#1",36.657729941291585,0.05167560676645709,0.0539083565744492,0.24135984588708473
"Arner, P#1",36.715851272015655,0.05140076881925416,0.053621643694134795,0.24007616778959054
"Arner, P#1",36.77397260273973,0.05112542630537043,0.0533344044463088,0.23879013302627403
"Arner, P#1",36.832093933463796,0.05084973538029433,0.05304680173347545,0.23750247094831217
"Arner, P#1",36.89021526418787,0.05057384760781197,0.05275899366804286,0.23621388946054345
"Arner, P#1",36.948336594911936,0.050297909804148735,0.05247113340973035,0.23492507429350395
"Arner, P#1",37.00645792563601,0.05002206389021709,0.05218336901143238,0.23363668831332537
"Arner, P#1",37.064579256360076,0.04974644675226474,0.05189584327384571,0.23234937087086818
"Arner, P#1",37.122700587084154,0.049471190111201935,0.051608693609150706,0.2310637371913922
"Arner, P#1",37.18082191780822,0.04919642040088145,0.0513220519140322,0.22978037780604216
"Arner, P#1",37.238943248532294,0.04892225865558587,0.051036044452305376,0.2284998580263377
"Arner, P#1",37.29706457925636,0.0486488204069687,0.050750791747404086,0.2272227174628192
"Arner, P#1",37.355185909980435,0.048376215590676376,0.05046640848496821,0.22594946958890938
"Arner, P#1",37.4133072407045,0.048104548462866666,0.050183003425755074,0.22468060135099832
"Arner, P#1",37.471428571428575,0.04783391752681822,0.04990067932907806,0.22341657282566071
"Arner, P#1",37.52954990215264,0.04756441546981095,0.04961953288695973,0.22215781692484468
"Arner, P#1",37.587671232876716,0.04729612911043603,0.049339654669165255,0.22090473914977404
"Arner, P#1",37.645792563600786,0.04702913935647633,0.04906112907926301,0.2196577173942216
"Arner, P#1",37.703913894324856,0.04676352117347498,0.04878403432183505,0.21841710179770332
"Arner, P#1",37.762035225048926,0.04649934356409027,0.048508442380940014,0.21718321464905158
"Arner, P#1",37.820156555772996,0.04623666955831147,0.048234419009906195,0.2159563503407167
"Arner, P#1",37.87827788649707,0.045975556214587245,0.04796202373250871,0.21473677537403726
"Arner, P#1",37.93639921722114,0.04571605463189445,0.04769130985555977,0.21352472841560968
"Arner, P#1",37.99452054794521,0.045458209972751094,0.0474223244929159,0.21232042040477378
"Arner, P#1",38.05264187866928,0.04520206149715166,0.0471551086008796,0.21112403471211422
"Arner, P#1",38.11076320939335,0.04494764260737809,0.04688969702494641,0.2099357273487574
"Arner, P#1",38.16888454011742,0.044694980903613866,0.04662611855782194,0.20875562722612692
"Arner, P#1",38.22700587084149,0.04444409825026244,0.04636439600860571,0.20758383646569506
"Arner, P#1",38.28512720156556,0.0441950108528459,0.04610454628301238,0.20642043075815153
"Arner, P#1",38.34324853228963,0.043947729345331976,0.045846580474471925,0.2052654597712791
"Arner, P#1",38.4013698630137,0.043702258887713445,0.0455905039659251,0.2041189476057152
"Arner, P#1",38.459491193737776,0.04345859927363536,0.04533631654210098,0.20298089329764332
"Arner, P#1",38.51761252446184,0.04321674504784238,0.0450840125120388,0.20185127136735134
"Arner, P#1",38.575733855185916,0.04297668563318972,0.04483358084158672,0.2007300324124579
"Arner, P#1",38.63385518590998,0.04273840546694019,0.044585005295587773,0.19961710374451108
"Arner, P#1",38.69197651663406,0.04250188414603973,0.04433826458943243,0.19851239006752336
"Arner, P#1",38.75009784735812,0.042267096581045896,0.04409333254963778,0.19741577419692075
"Arner, P#1",38.8082191780822,0.0420340131583543,0.04385017828308337,0.19632711781724965
"Arner, P#1",38.86634050880626,0.04180259991035092,0.04360876635451527,0.19524626227690253
"Arner, P#1",38.92446183953034,0.04157281869309193,0.04336905697190287,0.19417302941800213
"Arner, P#1",38.9825831702544,0.041344627371095274,0.04313100617921482,0.19310722243950268
"Arner, P#1",39.04070450097848,0.04111798000880613,0.042894566056157137,0.1920486267914622
"Arner, P#1",39.09882583170254,0.040892827068282345,0.04265968492440001,0.19099701109836661
"Arner, P#1",39.15694716242662,0.040669115612625525,0.04242630755979855,0.18995212810928955
"Arner, P#1",39.21506849315068,0.040446789514671025,0.042194375410099696,0.18891371567261536
"Arner, P#1",39.27318982387476,0.0402257896704317,0.04196382681760819,0.18788149773296464
"Arner, P#1",39.33131115459883,0.04000605421678089,0.041734597246275026,0.18685518534792045
"Arner, P#1",39.3894324853229,0.03978751875284484,0.04150661951265557,0.18583447772207978
"Arner, P#1",39.44755381604697,0.03957011656456762,0.041279824020177255,0.18481906325592265
"Arner, P#1",39.50567514677104,0.039353778851900376,0.04105413899614506,0.18380862060693914
"Arner, P#1",39.56379647749511,0.03913843495806276,0.04082949073090855,0.18280281976043397
"Arner, P#1",39.62191780821918,0.03892401260031594,0.04060580381860599,0.181801323107392
"Arner, P#1",39.68003913894325,0.038710438101685854,0.04038300139889966,0.18080378652678183
"Arner, P#1",39.73816046966732,0.03849763662307198,0.04016100539911329,0.1798098604696595
"Arner, P#1",39.79628180039139,0.038285532395177055,0.03993973677618287,0.17881919104243668
"Arner, P#1",39.85440313111546,0.03807404894969572,0.039719115757834204,0.1778314210866869
"Arner, P#1",39.91252446183953,0.037863109349202034,0.03949906208240322,0.17684619125287515
"Arner, P#1",39.9706457925636,0.037652636415182676,0.039279495236721765,0.175863141065426
"Arner, P#1",40.02876712328767,0.03744255295366842,0.03906033469149801,0.1748819099765746
"Arner, P#1",40.08688845401174,0.03723278197792508,0.038841500133629164,0.17390213840648325
"Arner, P#1",40.14500978473581,0.037023246927676626,0.03862291169489658,0.17292346876716058
"Arner, P#1",40.20313111545988,0.03681387188434372,0.03840449017650412,0.17194554646777047
"Arner, P#1",40.26125244618396,0.0366045817817953,0.03818615726893569,0.17096802089898375
"Arner, P#1",40.31937377690802,0.0363953026121262,0.0379678357666239,0.16999054639409808
"Arner, P#1",40.3774951076321,0.036185961625988965,0.037749449776937595,0.1690127831647221
"Arner, P#1",40.43561643835616,0.03597648752702929,0.03753092492301833,0.16803439820892008
"Arner, P#1",40.49373776908024,0.03576681065998921,0.037312188540010886,0.16705506618978008
"Arner, P#1",40.551859099804304,0.03555686319206829,0.03709316986426056,0.16607447028249273
"Arner, P#1",40.60998043052838,0.035346579287150286,0.03687380021506767,0.16509230298810715
"Arner, P#1",40.668101761252444,0.03513589527252996,0.0366540131686181,0.16410826691225708
"Arner, P#1",40.72622309197652,0.03492474979779474,0.03643374472372979,0.16312207550724533
"Arner, P#1",40.784344422700585,0.03471308398554623,0.03621293345908645,0.16213345377601437
"Arner, P#1",40.84246575342466,0.03450084157366649,0.03599152068165079,0.1611421389366258
"Arner, P#1",40.900587084148725,0.03428796904886713,0.03576945056598384,0.16014788104602434
"Arner, P#1",40.9587084148728,0.03407441577128113,0.03554667028422001,0.1591504435819655
"Arner, P#1",41.016829745596866,0.033860134089889755,0.03532313012648127,0.15814960398213676
"Arner, P#1",41.07495107632094,0.033645079448601824,0.035098783611539806,0.15714515413961938
"Arner, P#1",41.13307240704501,0.033429210482834835,0.034873587587572114,0.15613690085398707
"Arner, P#1",41.19119373776908,0.033212489106473196,0.03464750232287441,0.15512466623745932
"Arner, P#1",41.24931506849315,0.03299488058911056,0.03442049158644245,0.15410828807567536
"Arner, P#1",41.307436399217224,0.03277635362351147,0.0341925227183479,0.15308762014278512
"Arner, P#1",41.365557729941294,0.03255688038325625,0.03396356668987397,0.15206253247068982
"Arner, P#1",41.423679060665364,0.03233643657056293,0.033733598153403564,0.15103291157240253
"Arner, P#1",41.481800391389434,0.032115001454307984,0.03350259548208274,0.14999866061963046
"Arner, P#1",41.539921722113505,0.031892557898296425,0.033270540799312305,0.1489596995748155
"Arner, P#1",41.598043052837575,0.031669092379858446,0.033037419998147986,0.14791596527799292
"Arner, P#1",41.656164383561645,0.03144459499887882,0.03280322275071992,0.1468674114889648
"Arner, P#1",41.714285714285715,0.03121905947738953,0.03256794250780769,0.14581400888539725
"Arner, P#1",41.772407045009786,0.03099248314988354,0.0323315764887356,0.14475574501757937
"Arner, P#1",41.830528375733856,0.0307648669445309,0.03209412566177718,0.14369262422068962
"Arner, P#1",41.888649706457926,0.030536215355503694,0.03185559471528438,0.14262466748553496
"Arner, P#1",41.946771037182,0.030306536406637538,0.03161599201977895,0.14155191228882524
"Arner, P#1",42.004892367906066,0.0300758416066803,0.031375329581267666,0.1404744123841551
"Arner, P#1",42.063013698630144,0.029844145896397962,0.031133622986062707,0.13939223755495223
"Arner, P#1",42.12113502935421,0.029611467587828327,0.030890891337410766,0.13830547333075183
"Arner, P#1",42.179256360078284,0.029377828295989256,0.030647157184250557,0.1372142206682277
"Arner, P#1",42.23737769080235,0.029143252863366546,0.030402446442438058,0.13611859559850015
"Arner, P#1",42.295499021526425,0.02890776927752038,0.030156788308792978,0.1350187288423025
"Arner, P#1",42.35362035225049,0.028671408582164135,0.029910215168335533,0.13391476539465938
"Arner, P#1",42.411741682974565,0.02843420478208041,0.029662762495094194,0.13280686408078063
"Arner, P#1",42.46986301369863,0.02819619474225178,0.02941446874687818,0.13169519708493405
"Arner, P#1",42.527984344422705,0.02795741808159059,0.0291653752544156,0.130579949454092
"Arner, P#1",42.58610567514677,0.027717917061663128,0.02891552610526977,0.12946131857819845
"Arner, P#1",42.644227005870846,0.027477736470806327,0.02866496802294891,0.12833951364891613
"Arner, P#1",42.70234833659491,0.027236923504043626,0.02841375024163354,0.12721475509875266
"Arner, P#1",42.760469667318986,0.026995527639206367,0.02816192437694546,0.12608727402246428
"Arner, P#1",42.81859099804306,0.026753600509672577,0.02790954429318791,0.12495731158266024
"Arner, P#1",42.87671232876713,0.026511195774131684,0.02765666596748326,0.12382511840151647
"Arner, P#1",42.9348336594912,0.026268368983786563,0.027403347351237214,0.12269095394051982
"Arner, P#1",42.99295499021527,0.02602517744739831,0.027149648229352574,0.12155508587013632
"Arner, P#1",43.05107632093934,0.025781680094578437,0.02689563007761471,0.12041778943129382
"Arner, P#1",43.10919765166341,0.025537937337725705,0.026641355918663075,0.11927934679053405
"Arner, P#1",43.16731898238748,0.025294010933000696,0.02638689017695891,0.11814004639067044
"Arner, P#1",43.22544031311155,0.02504996384072165,0.026132298533149204,0.11700018229874272
"Arner, P#1",43.28356164383562,0.024805860085558372,0.025877647778219978,0.11586005355302839
"Arner, P#1",43.34168297455969,0.024561764616889983,0.02562300566782053,0.11471996351081955
"Arner, P#1",43.39980430528376,0.024317743169682115,0.025368440777129516,0.11358021919862572
"Arner, P#1",43.45792563600783,0.024073862126227755,0.02511402235662206,0.11244113066641068
"Arner, P#1",43.5160469667319,0.02383018837908274,0.024859820189083073,0.1113030103474089
"Arner, P#1",43.57416829745597,0.023586789195514542,0.024605904448199288,0.1101661724250104
"Arner, P#1",43.63228962818004,0.023343732083768005,0.024352345559046713,0.10903093220813143
"Arner, P#1",43.69041095890411,0.0231010846614379,0.024099214060775982,0.10789760551642613
"Arner, P#1",43.74853228962819,0.022858914526222487,0.02384658047178155,0.10676650807661849
"Arner, P#1",43.80665362035225,0.02261728912931691,0.023594515157624785,0.10563795493116436
"Arner, P#1",43.86477495107633,0.022376275651688524,0.023343088201963517,0.10451225986037407
"Arner, P#1",43.92289628180039,0.02213594088346151,0.02309236928072524,0.10338973481905743
"Arner, P#1",43.98101761252447,0.021896351106619034,0.022842427539741163,0.10227068938866382
"Arner, P#1",44.03913894324853,0.02165757198121735,0.02259333147604396,0.10115543024582561
"Arner, P#1",44.09726027397261,0.02141966843528642,0.022345148823011324,0.10004426064811994
"Arner, P#1",44.15538160469667,0.02118270455857793,0.022097946439523165,0.09893747993780051
"Arner, P#1",44.21350293542075,0.02094674350030173,0.021851790203279518,0.0978353830641579
"Arner, P#1",44.27162426614481,0.020711847370977823,0.02160674490841187,0.09673826012510242
"Arner, P#1",44.32974559686889,0.02047807714851231,0.021362874167500913,0.09564639592847551
"Arner, P#1",44.38786692759295,0.020245492588592012,0.021120240318099583,0.0945600695735324
"Arner, P#1",44.44598825831703,0.020014152139473575,0.02087890433384047,0.0934795540529499
"Arner, P#1",44.50410958904109,0.01978411286123135,0.02063892574019461,0.09240511587565965
"Arner, P#1",44.56223091976517,0.019555430349509226,0.02040036253492889,0.09133701471071794
"Arner, P#1",44.62035225048924,0.019328158663811164,0.02016327111329821,0.09027550305237417
"Arner, P#1",44.67847358121331,0.019102350260347543,0.019927706197990325,0.08922082590641822
"Arner, P#1",44.73659491193738,0.018878055929444564,0.019693720773830897,0.08817322049784022
"Arner, P#1",44.79471624266145,0.01865532473750829,0.019461366027239968,0.08713291599976358
"Arner, P#1",44.85283757338552,0.0184342039735251,0.019230691290420855,0.08610013328356605
"Arner, P#1",44.91095890410959,0.01821473910006765,0.019001743990249235,0.0850750846900447
"Arner, P#1",44.96908023483366,0.017996973708765445,0.018774569601819727,0.08405797382143354
"Arner, P#1",45.02720156555773,0.01778094948018859,0.018549211606596328,0.08304899535403351
"Arner, P#1",45.0853228962818,0.0175667061480852,0.01832571145510465,0.08204833487117733
"Arner, P#1",45.14344422700587,0.01735428146790305,0.018104108534093454,0.08105616871620422
"Arner, P#1",45.20156555772994,0.01714371118951974,0.0178844401380866,0.08007266386509164
"Arner, P#1",45.25968688845401,0.016935029034097406,0.017666741445237694,0.07909797781835105
"Arner, P#1",45.31780821917808,0.016728266674973208,0.01745104549739492,0.07813225851177373
"Arner, P#1",45.37592954990215,0.016523453722490148,0.017237383184276433,0.07717564424558038
"Arner, P#1",45.43405088062622,0.01632061771266871,0.017025783231652554,0.07622826363151024
"Arner, P#1",45.492172211350294,0.016119784099615314,0.016816272193426195,0.0752902355573633
"Arner, P#1",45.55029354207437,0.015920976251560876,0.016608874447500272,0.0743616691684978
"Arner, P#1",45.608414872798434,0.015724215450419608,0.01640361219531743,0.07344266386576952
"Arner, P#1",45.66653620352251,0.015529520894755558,0.016200505464954773,0.07253330931938745
"Arner, P#1",45.724657534246575,0.01533690970604485,0.01599957211765666,0.07163368549816276
"Arner, P#1",45.78277886497065,0.015146396938117892,0.01580082785768489,0.0707438627136102
"Arner, P#1",45.840900195694715,0.014957995589668411,0.015604286245368219,0.0698639016783737
"Arner, P#1",45.89902152641879,0.01477171661971356,0.015409958713230454,0.06899385357843554
"Arner, P#1",45.957142857142856,0.014587568965892724,0.015217854585079883,0.068133760158584
"Arner, P#1",46.01526418786693,0.014405559565490602,0.015027981097940723,0.06728365382060536
"Arner, P#1",46.073385518590996,0.014225693379074672,0.014840343426711863,0.06644355773368674
"Arner, P#1",46.13150684931507,0.014047973416636002,0.014654944711437166,0.06561348595651122
"Arner, P#1",46.189628180039136,0.013872400766127124,0.014471786087076369,0.06479344357054902
"Arner, P#1",46.247749510763214,0.013698974624290018,0.014290866715665054,0.06398342682404483
"Arner, P#1",46.30587084148728,0.013527692329672865,0.014112183820757957,0.06318342328622828
"Arner, P#1",46.363992172211354,0.013358549397733682,0.013935732724049327,0.06239341201127156
"Arner, P#1",46.422113502935424,0.013191539557935037,0.013761506884070395,0.06161336371154666
"Arner, P#1",46.480234833659495,0.013026654792733386,0.013589497936863322,0.0608432409397318
"Arner, P#1",46.538356164383565,0.012863885378372665,0.013419695738537367,0.060082998279344976
"Arner, P#1",46.596477495107635,0.012703219927392475,0.013252088409613718,0.059332582543285765
"Arner, P#1",46.654598825831705,0.012544645432764819,0.013086662381069246,0.05859193297998354
"Arner, P#1",46.712720156555775,0.012388147313576469,0.012923402441992684,0.057860981486764954
"Arner, P#1",46.770841487279846,0.012233709462176124,0.012762291788768856,0.05713965283006275
"Arner, P#1",46.828962818003916,0.012081314292708454,0.012603312075709744,0.0564278648721025
"Arner, P#1",46.887084148727986,0.011930942790959236,0.012446443467053288,0.05572552880371289
"Arner, P#1",46.945205479452056,0.011782574565438618,0.012291664690253798,0.055032549382918926
"Arner, P#1",47.00332681017613,0.01163618789963074,0.012138953090489126,0.054348825178982776
"Arner, P#1",47.0614481409002,0.0114917598053405,0.011988284686312392,0.053674248821569105
"Arner, P#1",47.11956947162427,0.011349266077069474,0.011839634226377332,0.053008707254717194
"Arner, P#1",47.17769080234834,0.011208681347354124,0.011692975247167494,0.05235208199530758
"Arner, P#1",47.235812133072415,0.0110699791430012,0.011548280131661409,0.0517042493957192
"Arner, P#1",47.29393346379648,0.010933131942155432,0.011405520168866012,0.05106508091037394
"Arner, P#1",47.352054794520555,0.010798111232135088,0.011264665614151103,0.050434443365867575
"Arner, P#1",47.41017612524462,0.010664887567972053,0.011125685750318767,0.04981219923439131
"Arner, P#1",47.468297455968695,0.010533430631592134,0.010988548949340683,0.04919820691014364
"Arner, P#1",47.52641878669276,0.010403709291571826,0.010853222734696808,0.04859232098843463
"Arner, P#1",47.584540117416836,0.010275691663406398,0.01071967384424746,0.04799439254717839
"Arner, P#1",47.6426614481409,0.010149345170225092,0.010587868293571851,0.047404269430473975
"Arner, P#1",47.700782778864976,0.010024636603885738,0.010457771439702414,0.04682179653395825
"Arner, P#1",47.75890410958904,0.009901532186382766,0.010329348045186072,0.04624681609162268
"Arner, P#1",47.81702544031312,0.009779997631498694,0.010202562342399506,0.045679167963767205
"Arner, P#1",47.87514677103718,0.009659998206630013,0.010077378098046352,0.04511868992576875
"Arner, P#1",47.93326810176126,0.009541498794714286,0.009953758677759987,0.044565217957322406
"Arner, P#1",47.99138943248532,0.00942446395618596,0.009831667110736271,0.04401858653181678
"Arner, P#1",48.0495107632094,0.009308857990884243,0.009711066154316274,0.04347862890548539
"Arner, P#1",48.10763209393347,0.009194644999836651,0.009591918358439313,0.04294517740597744
"Arner, P#1",48.16575342465754,0.009081788946837584,0.00947418612988215,0.04241806371997114
"Arner, P#1",48.22387475538161,0.008970253719741434,0.009357831796200396,0.04189711917945378
"Arner, P#1",48.28199608610568,0.008860003191385964,0.009242817669284214,0.04138217504627491
"Arner, P#1",48.34011741682975,0.008751001280061165,0.009129106108439842,0.04087306279457652
"Arner, P#1",48.39823874755382,0.008643212009435984,0.009016659582905597,0.04036961439069127
"Arner, P#1",48.45636007827789,0.008536599567853999,0.00890544073370952,0.039871662570093065
"Arner, P#1",48.51448140900196,0.008431128366907526,0.008795412434774316,0.039379041110977654
"Arner, P#1",48.57260273972603,0.008326763099197875,0.00868653785317324,0.038891585104041775
"Arner, P#1",48.6307240704501,0.008223468795188753,0.008578780508439984,0.03840913121802687
"Arner, P#1",48.68884540117417,0.008121210879058182,0.00847210433083378,0.037931517960585075
"Arner, P#1",48.74696673189824,0.008019955223454025,0.008366473718460754,0.037458585934024353
"Arner, P#1",48.80508806262231,0.007919668203057159,0.008261853593151406,0.036990178085484604
"Arner, P#1",48.86320939334638,0.007820316746856761,0.008158209454994556,0.03652613995109833
"Arner, P#1",48.92133072407045,0.007721868389041632,0.008055507435427522,0.036066319893687415
"Arner, P#1",48.97945205479452,0.007624291318412213,0.007953714348783104,0.03561056933355047
"Arner, P#1",49.0375733855186,0.007527554426218752,0.007852797742194668,0.03515874297189921
"Arner, P#1",49.09569471624266,0.007431627352331886,0.007752725943761652,0.0347106990065062
"Arner, P#1",49.15381604696674,0.007336480529653623,0.007653468108879392,0.034266299339133985
"Arner, P#1",49.2119373776908,0.007242085226678916,0.007554994264639661,0.03382540977432623
"Arner, P#1",49.27005870841488,0.007148413588119068,0.007457275352209299,0.033387900209146414
"Arner, P#1",49.32818003913894,0.007055438673502725,0.007360283267099034,0.03295364481347041
"Arner, P#1",49.38630136986302,0.006963134493671141,0.007263990897235599,0.03252252220044391
"Arner, P#1",49.44442270058708,0.006871476045089832,0.007168372158755892,0.03209441558674094
"Arner, P#1",49.50254403131116,0.006780439341900758,0.0070734020294440396,0.03166921294226913
"Arner, P#1",49.56066536203522,0.006690001445645066,0.006979056579738367,0.031246807128994872
"Arner, P#1",49.6187866927593,0.006600140492589282,0.006885313001238279,0.030827096028575075
"Arner, P#1",49.676908023483364,0.006510835718594438,0.006792149632647905,0.03040998265851267
"Arner, P#1",49.73502935420744,0.006422067481471324,0.006699545983097257,0.02999537527657071
"Arner, P#1",49.793150684931504,0.0063338172807722685,0.006607482752789153,0.029583187473213278
"Arner, P#1",49.85127201565558,0.006246067774974031,0.00651594185092453,0.029173338251861167
"Arner, P#1",49.90939334637965,0.006158802796014298,0.006424906410867024,0.028765752096787077
"Arner, P#1",49.96751467710372,0.006072007361149324,0.006334360802512937,0.0283603590284988
"Arner, P#1",50.02563600782779,0.005985667682107971,0.006244290641840804,0.027957094646494714
"Arner, P#1",50.08375733855186,0.005899771171523824,0.006154682797621413,0.027555900159306118
"Arner, P#1",50.14187866927593,0.005814306446634226,0.006065525395276673,0.02715672240177421
"Arner, P#1",50.2,0.005729263330242632,0.005976807817883536,0.026759513839544877
"Arner, P#2",34.1,0.03271920227810636,0.035219825800854386,0.15768708726493094
"Arner, P#2",34.13228962818004,0.033211386512209534,0.03574962609487439,0.16005912242684514
"Arner, P#2",34.16457925636008,0.03370606487541511,0.03628211113627194,0.16244317780704204
"Arner, P#2",34.196868884540116,0.034203185829887114,0.03681722544833981,0.16483900502381701
"Arner, P#2",34.22915851272016,0.034702698064496725,0.03735491379840444,0.1672463567880589
"Arner, P#2",34.2614481409002,0.035204550496029906,0.03789512119912585,0.16966498690907023
"Arner, P#2",34.29373776908024,0.03570869226686033,0.03843779290599271,0.17209465028335208
"Arner, P#2",34.326027397260276,0.03621507273907744,0.03898287441100161,0.17453510286630475
"Arner, P#2",34.358317025440314,0.03672364148506896,0.03953031143251988,0.17698610162684125
"Arner, P#2",34.39060665362035,0.037234348274571345,0.04008004990134628,0.17944740448497792
"Arner, P#2",34.42289628180039,0.03774714305820869,0.0406320359429919,0.181918770232502
"Arner, P#2",34.45518590998043,0.03826197594755444,0.04118621585621799,0.18439995843688076
"Arner, P#2",34.487475538160474,0.038778797191761964,0.04174253608788053,0.18689072932863485
"Arner, P#2",34.51976516634051,0.03929755715081682,0.042300943204138255,0.1893908436724302
"Arner, P#2",34.55205479452055,0.039818206265481666,0.042861383858100496,0.19190006262223022
"Arner, P#2",34.58434442270059,0.040340695024006876,0.043423804753993676,0.19441814756086093
"Arner, P#2",34.61663405088063,0.04086497392569929,0.04398815260794565,0.19694485992443378
"Arner, P#2",34.648923679060665,0.04139099344144418,0.04455437410549058,0.19947996101208543
"Arner, P#2",34.681213307240704,0.04191870397129323,0.04512241585591543,0.20202321178157656
"Arner, P#2",34.71350293542074,0.042448055799233664,0.045692224343572264,0.20457437263130634
"Arner, P#2",34.74579256360079,0.04297899904527142,0.04626374587629933,0.20713320316938166
"Arner, P#2",34.778082191780825,0.043511483614961696,0.0468369265310943,0.2096994619703844
"Arner, P#2",34.810371819960864,0.044045459146539956,0.04741171209720479,0.21227290632057444
"Arner, P#2",34.8426614481409,0.044580874955802915,0.04798804801679666,0.21485329195224878
"Arner, P#2",34.87495107632094,0.0451176799789093,0.04856587932338329,0.2174403727680751
"Arner, P#2",34.90724070450098,0.04565582271326791,0.049145150578195886,0.22003390055620753
"Arner, P#2",34.93953033268102,0.046195251156695684,0.049725805804691575,0.22263362469706466
"Arner, P#2",34.971819960861055,0.046735912745029,0.05030778842139658,0.22523929186265323
"Arner, P#2",35.0041095890411,0.047277754288383725,0.050891041173294786,0.2278506457093793
"Arner, P#2",35.03639921722114,0.047820721906258794,0.051475506061971515,0.23046742656528632
"Arner, P#2",35.06868884540118,0.04836476096169148,0.0520611242747365,0.23308937111272257
"Arner, P#2",35.100978473581215,0.048909815994668045,0.0526478361129453,0.2357162120674202
"Arner, P#2",35.13326810176125,0.04945583065500605,0.05323558091975207,0.2383476778550278
"Arner, P#2",35.16555772994129,0.050002747634921706,0.05382429700752319,0.24098349228612534
"Arner, P#2",35.19784735812133,0.05055050860150373,0.05441392158515037,0.24362337423078817
"Arner, P#2",35.230136986301375,0.051099054129312364,0.055004390685498374,0.24626703729375432
"Arner, P#2",35.26242661448141,0.05164832363332899,0.05559563909323024,0.24891418949128177
"Arner, P#2",35.29471624266145,0.05219825530247908,0.05618760027324958,0.2515645329307685
"Arner, P#2",35.32700587084149,0.05274878603395347,0.05678020630000223,0.2542177634942202
"Arner, P#2",35.35929549902153,0.053299851368551934,0.057373387787878365,0.2568735705266444
"Arner, P#2",35.391585127201566,0.05385138542727244,0.05796707382295546,0.2595316365304491
"Arner, P#2",35.423874755381604,0.054403320849369434,0.05856119189632257,0.26219163686691976
"Arner, P#2",35.45616438356164,0.05495558873209833,0.059155667839219675,0.2648532394658243
"Arner, P#2",35.48845401174169,0.05550811857236644,0.0597504257602292,0.2675161045442047
"Arner, P#2",35.520743639921726,0.05606083821050058,0.060345387984745945,0.2701798843353709
"Arner, P#2",35.553033268101764,0.05661367377634507,0.06094047499695554,0.27284422282912474
"Arner, P#2",35.5853228962818,0.057166549637891174,0.061535605384537784,0.27550875552418475
"Arner, P#2",35.61761252446184,0.05771938835264131,0.062130695786313764,0.2781731091937902
"Arner, P#2",35.64990215264188,0.05827211062189921,0.06272566084304261,0.2808369016654074
"Arner, P#2",35.68219178082192,0.058824635248177305,0.06332041315157362,0.2834997416154583
"Arner, P#2",35.714481409001955,0.059376879095898547,0.06391486322254465,0.28616122837992664
"Arner, P#2",35.746771037182,0.059928757055570075,0.0645089194418177,0.28882095178169637
"Arner, P#2",35.77906066536204,0.060480182011590576,0.06510248803582591,0.2914784919754024
"Arner, P#2",35.81135029354208,0.06103106481385329,0.06569547304100624,0.29413341931057385
"Arner, P#2",35.843639921722115,0.06158131425328852,0.06628777627747282,0.2967852942137637
"Arner, P#2",35.87592954990215,0.062130837041489057,0.06687929732708511,0.2994336670903552
"Arner, P#2",35.90821917808219,0.06267953779454509,0.06746993351604752,0.3020780782466557
"Arner, P#2",35.94050880626223,0.06322731902121145,0.06805957990217221,0.3047180578328704
"Arner, P#2",35.97279843444227,0.063774081115513,0.06864812926691928,0.3073531258074639
"Arner, P#2",36.00508806262231,0.0643197223538909,0.06923547211232511,0.3099827919234075
"Arner, P#2",36.03737769080235,0.06486413889697314,0.06982149666290806,0.31260655573671187
"Arner, P#2",36.06966731898239,0.06540722479605084,0.07040608887263977,0.315223906637639
"Arner, P#2",36.10195694716243,0.06594887200432,0.0709891324370461,0.31783432390488076
"Arner, P#2",36.134246575342466,0.06648897039294765,0.07157050881050117,0.3204372767829883
"Arner, P#2",36.166536203522504,0.067027407771999,0.07215009722875386,0.323032224583228
"Arner, P#2",36.19882583170254,0.06756406991626003,0.07272777473672395,0.32561861680803167
"Arner, P#2",36.23111545988259,0.0680988405959697,0.0733034162215832,0.32819589329910714
"Arner, P#2",36.263405088062626,0.06863160161246899,0.07387689445112876,0.33076348440924525
"Arner, P#2",36.295694716242664,0.06916223283876158,0.07444808011744385,0.33332081119779855
"Arner, P#2",36.3279843444227,0.06969061226496545,0.07501684188582315,0.3358672856497309
"Arner, P#2",36.36027397260274,0.07021661604862652,0.07558304644893163,0.338402310918099
"Arner, P#2",36.39256360078278,0.07074011856985067,0.0761465585861502,0.34092528158975627
"Arner, P#2",36.42485322896282,0.07126099249120203,0.07670724122805185,0.3434355839740268
"Arner, P#2",36.457142857142856,0.07177910882229838,0.07726495552593378,0.3459325964140166
"Arner, P#2",36.4894324853229,0.07229433698902926,0.07781956092632576,0.3484156896202042
"Arner, P#2",36.52172211350294,0.07280654490730461,0.07837091525037501,0.3508842270258646
"Arner, P#2",36.55401174168298,0.07331559906123797,0.07891887477800479,0.3533375651638661
"Arner, P#2",36.586301369863016,0.07382136458564838,0.07946329433672158,0.3557750540642805
"Arner, P#2",36.618590998043054,0.0743237053527644,0.0800040273949457,0.3581960376722446
"Arner, P#2",36.65088062622309,0.07482248406299419,0.08054092615971854,0.360599854285418
"Arner, P#2",36.68317025440313,0.07531756233962389,0.08107384167863853,0.3629858370103733
"Arner, P#2",36.71545988258317,0.07580880082728918,0.08160262394585853,0.36535331423716993
"Arner, P#2",36.747749510763214,0.07629605929406391,0.08212712201197674,0.367701610131361
"Arner, P#2",36.78003913894325,0.07677919673699227,0.0826471840976344,0.37003004514259524
"Arner, P#2",36.81232876712329,0.07725807149089141,0.08316265771063383,0.37233793652898134
"Arner, P#2",36.84461839530333,0.07773254134023588,0.08367338976637383,0.3746245988963039
"Arner, P#2",36.87690802348337,0.07820246363393368,0.08417922671139767,0.37688934475117597
"Arner, P#2",36.909197651663405,0.07866769540279288,0.08468001464983736,0.37913148506715816
"Arner, P#2",36.94148727984344,0.0791280934794749,0.08517559947253457,0.3813503298628622
"Arner, P#2",36.97377690802348,0.07958351462072084,0.08566582698860825,0.383545188791009
"Arner, P#2",37.00606653620353,0.08003381563163657,0.08615054305923851,0.3857153717374089
"Arner, P#2",37.038356164383565,0.08047885349181211,0.0866295937334249,0.38786018942878203
"Arner, P#2",37.0706457925636,0.0809184854830534,0.08710282538548024,0.3899789540483495
"Arner, P#2",37.10293542074364,0.08135256931849383,0.08757008485400977,0.39207097985807376
"Arner, P#2",37.13522504892368,0.08178096327285603,0.08803121958212849,0.39413558382644387
"Arner, P#2",37.16751467710372,0.08220352631362825,0.08848607775866281,0.3961720862606664
"Arner, P#2",37.199804305283756,0.08262011823291893,0.08893450846008243,0.39817981144212694
"Arner, P#2",37.2320939334638,0.08303059977975358,0.08937636179290818,0.4001580882639818
"Arner, P#2",37.26438356164384,0.08343483279257403,0.08981148903633789,0.402106250869726
"Arner, P#2",37.29667318982388,0.08383268033170417,0.09023974278483583,0.4040236392915986
"Arner, P#2",37.328962818003916,0.08422400681154261,0.09066097709042874,0.4059096000876739
"Arner, P#2",37.361252446183954,0.08460867813224876,0.09107504760445592,0.4077634869765084
"Arner, P#2",37.39354207436399,0.08498656181068551,0.09148181171851973,0.40958466146820804
"Arner, P#2",37.42583170254403,0.08535752711038908,0.09188112870438842,0.41137249349080474
"Arner, P#2",37.45812133072407,0.08572144517033463,0.09227285985260297,0.41312636201083025
"Arner, P#2",37.490410958904114,0.0860781891322748,0.09265686860954774,0.4148456556470122
"Arner, P#2",37.52270058708415,0.08642763426642684,0.0930330207127433,0.41652977327601104
"Arner, P#2",37.55499021526419,0.08676965809529559,0.09340118432413302,0.4181781246291735
"Arner, P#2",37.58727984344423,0.08710414051541594,0.09376123016112979,0.41979013087925854
"Arner, P#2",37.61956947162427,0.08743096391681329,0.09411303162520641,0.42136522521616565
"Arner, P#2",37.651859099804305,0.08775001329997852,0.09445646492781075,0.422902853410685
"Arner, P#2",37.68414872798434,0.08806117639016747,0.09479140921340061,0.42440247436535244
"Arner, P#2",37.71643835616438,0.08836434374883537,0.0951177466793948,0.42586356065149733
"Arner, P#2",37.74872798434443,0.08865940888203099,0.09543536269285151,0.42728559903163815
"Arner, P#2",37.781017612524465,0.0889462683455759,0.09574414590368603,0.42866809096638325
"Arner, P#2",37.8133072407045,0.0892248218468707,0.0960439883542578,0.4300105531050772
"Arner, P#2",37.84559686888454,0.0894949723431695,0.09633478558515561,0.43131251775942453
"Arner, P#2",37.87788649706458,0.08975662613618149,0.09661643673702924,0.43257353335941334
"Arner, P#2",37.91017612524462,0.09000969296286142,0.09688884464831887,0.4337931648908715
"Arner, P#2",37.942465753424656,0.09025408608226439,0.09715191594874785,0.43497099431405495
"Arner, P#2",37.974755381604695,0.09048972235834751,0.09740556114845257,0.43610662096270236
"Arner, P#2",38.00704500978474,0.0907165223386123,0.09764969472263534,0.4371996619230447
"Arner, P#2",38.03933463796478,0.09093441032849187,0.09788423519163668,0.4382497523923075
"Arner, P#2",38.071624266144816,0.0911433144613971,0.09810910519633494,0.43925654601629127
"Arner, P#2",38.103913894324855,0.09134316676434631,0.09832423156879178,0.44021971520566777
"Arner, P#2",38.13620352250489,0.0915339032191131,0.09852954539807343,0.4411389514306763
"Arner, P#2",38.16849315068493,0.09171546381884016,0.09872498209119124,0.4420139654939681
"Arner, P#2",38.20078277886497,0.09188779262007371,0.09891048142911296,0.44284448778138213
"Arner, P#2",38.233072407045015,0.09205083779018756,0.0990859876178113,0.44363026849050025
"Arner, P#2",38.26536203522505,0.0922045516501732,0.09925144933432428,0.44437107783686997
"Arner, P#2",38.29765166340509,0.09234889071278729,0.09940681976781827,0.44506670623785327
"Arner, P#2",38.32994129158513,0.09248381571605307,0.09955205665564974,0.4457169644740826
"Arner, P#2",38.36223091976517,0.09260929165212738,0.09968712231443853,0.4463216838285834
"Arner, P#2",38.394520547945206,0.09272528779155274,0.09981198366617347,0.44688071620365455
"Arner, P#2",38.426810176125244,0.09283177770292488,0.09992661225938292,0.44739393421565377
"Arner, P#2",38.45909980430528,0.0929287392680152,0.10003098428541317,0.44786123126787974
"Arner, P#2",38.49138943248532,0.09301615469239959,0.10012508058986941,0.44828252160179555
"Arner, P#2",38.523679060665366,0.0930940105116506,0.10020888667928125,0.44865774032687217
"Arner, P#2",38.555968688845404,0.09316229759316362,0.10028239272306848,0.4489868434293894
"Arner, P#2",38.58825831702544,0.09322101113369238,0.10034559355088811,0.44926980776055786
"Arner, P#2",38.62054794520548,0.09327015065268097,0.1003984886454569,0.4495066310043842
"Arner, P#2",38.65283757338552,0.09330971998148457,0.10044108213094821,0.4496973316257207
"Arner, P#2",38.68512720156556,0.09333972724858178,0.10047338275707413,0.4498419487989977
"Arner, P#2",38.717416829745595,0.093360184860887,0.10049540387896967,0.4499405423181607
"Arner, P#2",38.74970645792564,0.09337110948127683,0.10050716343300158,0.4499931924883606
"Arner, P#2",38.78199608610568,0.09337252200245534,0.10050868390863617,0.44999999999999996
"Arner, P#2",38.81428571428572,0.0933644475172839,0.1004999923165016,0.4499610857857405
"Arner, P#2",38.846575342465755,0.0933469152857096,0.10048112015278872,0.44987659086111775
"Arner, P#2",38.87886497064579,0.09331995869843149,0.10045210336014046,0.44974667614943387
"Arner, P#2",38.91115459882583,0.09328361523744534,0.1004129822851811,0.44957152229160685
"Arner, P#2",38.94344422700587,0.09323792643361606,0.10036380163284614,0.449351329441695
"Arner, P#2",38.97573385518591,0.09318293782142577,0.1003046104176719,0.4490863170488094
"Arner, P#2",39.00802348336595,0.09311869889105101,0.10023546191221014,0.4487767236261547
"Arner, P#2",39.04031311154599,0.09304526303792461,0.10015641359273508,0.44842280650794725
"Arner, P#2",39.07260273972603,0.09296268750993818,0.10006752708241078,0.4480248415949622
"Arner, P#2",39.10489236790607,0.09287103335244289,0.0999688680920885,0.4475831230894709
"Arner, P#2",39.137181996086106,0.09277036535120815,0.0998605063589059,0.4470979632203347
"Arner, P#2",39.169471624266144,0.09266075197349535,0.09974251558285721,0.4465696919590158
"Arner, P#2",39.20176125244618,0.09254226530740475,0.0996149733615046,0.44599865672726563
"Arner, P#2",39.23405088062623,0.09241498099965238,0.09947796112299961,0.44538522209724607
"Arner, P#2",39.266340508806266,0.0922789781919325,0.09933156405758196,0.4447297694848347
"Arner, P#2",39.298630136986304,0.09213433945601697,0.09917587104771879,0.44403269683684227
"Arner, P#2",39.33091976516634,0.09198115072774328,0.09901097459704755,0.4432944183128741
"Arner, P#2",39.36320939334638,0.09181950124003652,0.09883697075827917,0.44251536396253605
"Arner, P#2",39.39549902152642,0.09164948345510988,0.09865395906021678,0.44169597939868144
"Arner, P#2",39.42778864970646,0.09147119299598089,0.09846204243403793,0.4408367254673596
"Arner, P#2",39.460078277886495,0.09128472857743854,0.09826132713898583,0.43993807791511874
"Arner, P#2",39.492367906066534,0.09109019193659018,0.09805192268760815,0.43900052705428355
"Arner, P#2",39.52465753424658,0.09088768776311043,0.097833941770675,0.4380245774267958
"Arner, P#2",39.55694716242662,0.09067732362931095,0.09760750018190427,0.43701074746719293
"Arner, P#2",39.589236790606655,0.09045920992014048,0.09737271674261172,0.4359595691652495
"Arner, P#2",39.621526418786694,0.09023345976322018,0.09712971322639921,0.4348715877287895
"Arner, P#2",39.65381604696673,0.09000018895901159,0.09687861428398552,0.43374736124713664
"Arner, P#2",39.68610567514677,0.08975951591120551,0.09661954736827522,0.4325874603556315
"Arner, P#2",39.71839530332681,0.08951156155741553,0.09635264265975517,0.4313924679016143
"Arner, P#2",39.750684931506854,0.08925644930024908,0.09607803299229767,0.430162978612229
"Arner, P#2",39.78297455968689,0.08899430493882339,0.09579585377944239,0.4288995987643713
"Arner, P#2",39.81526418786693,0.08872525660078183,0.09550624294121686,0.42760294585704683
"Arner, P#2",39.84755381604697,0.08844943467486317,0.09520934083155229,0.426273648286396
"Arner, P#2",39.879843444227006,0.08816697174406131,0.09490529016633491,0.4249123450235636
"Arner, P#2",39.912133072407045,0.08787800251941025,0.09459423595213029,0.42351968529558115
"Arner, P#2",39.94442270058708,0.0875826637744171,0.09427632541560534,0.4220963282693736
"Arner, P#2",39.97671232876712,0.08728109428015651,0.09395170793366212,0.4206429427389528
"Arner, P#2",40.009001956947166,0.08697343474103579,0.0936205349642938,0.4191602068158438
"Arner, P#2",40.041291585127205,0.08665982773122612,0.09328295997815747,0.417648807622721
"Arner, P#2",40.07358121330724,0.08634041763175006,0.09293913839085342,0.4161094409902073
"Arner, P#2",40.10587084148728,0.08601535056820642,0.09258922749589059,0.41454281115674524
"Arner, P#2",40.13816046966732,0.08568477434910608,0.09223338639830951,0.4129496304714122
"Arner, P#2",40.17045009784736,0.085348838404782,0.09187177594892344,0.41133061909950275
"Arner, P#2",40.202739726027396,0.0850076937268332,0.09150455867913429,0.40968650473068535
"Arner, P#2",40.23502935420744,0.08466149280805044,0.09113189873626693,0.40801802228947903
"Arner, P#2",40.26731898238748,0.0843103895827686,0.09075396181936297,0.4063259136477882
"Arner, P#2",40.29960861056752,0.08395453936757986,0.09037091511536278,0.40461092733917453
"Arner, P#2",40.331898238747556,0.08359409880234009,0.08998292723560324,0.4028738182745438
"Arner, P#2",40.364187866927594,0.08322922579138954,0.08959016815254606,0.40111534745886396
"Arner, P#2",40.39647749510763,0.08286007944490895,0.08919280913665195,0.39933628170853647
"Arner, P#2",40.42876712328767,0.08248682002032248,0.08879102269330523,0.3975373933689938
"Arner, P#2",40.46105675146771,0.08210960886365772,0.08838498249969202,0.3957194600320889
"Arner, P#2",40.49334637964775,0.08172860835076576,0.08797486334152814,0.39388326425281167
"Arner, P#2",40.52563600782779,0.08134398182830586,0.08756084104953325,0.3920295932648694
"Arner, P#2",40.55792563600783,0.08095589355438843,0.08714309243553747,0.3901592386946217
"Arner, P#2",40.59021526418787,0.08056450863877686,0.08672179522811303,0.3882729962728889
"Arner, P#2",40.62250489236791,0.08016999298253873,0.08629712800761316,0.3863716655441068
"Arner, P#2",40.654794520547945,0.07977251321704208,0.08586927014050606,0.38445604957232454
"Arner, P#2",40.68708414872798,0.07937223664218675,0.08543840171288548,0.3825269546435171
"Arner, P#2",40.71937377690802,0.07896933116376441,0.08500470346304337,0.38058518996369745
"Arner, P#2",40.75166340508807,0.07856396522984094,0.08456835671299016,0.37863156735231757
"Arner, P#2",40.783953033268105,0.07815630776605385,0.08412954329880719,0.37666690093044064
"Arner, P#2",40.81624266144814,0.07774652810972099,0.0836884454997195,0.374692006803184
"Arner, P#2",40.84853228962818,0.07733479594266217,0.08324524596578334,0.37270770273595966
"Arner, P#2",40.88082191780822,0.076921281222632,0.0828001276440785,0.37071480782402094
"Arner, P#2",40.91311154598826,0.07650615411327179,0.08235327370330678,0.36871414215487275
"Arner, P#2",40.945401174168296,0.07608958491249146,0.08190486745670028,0.36670652646311475
"Arner, P#2",40.977690802348334,0.07567174397919413,0.08145509228314583,0.3646927817772975
"Arner, P#2",41.00998043052838,0.07525280165826807,0.0810041315464443,0.3626737290584284
"Arner, P#2",41.04227005870842,0.07483292820376991,0.08055216851262292,0.3606501888297602
"Arner, P#2",41.074559686888456,0.07441229370023562,0.0800993862652324,0.3586229807975572
"Arner, P#2",41.106849315068494,0.07399106798205882,0.07964596761856343,0.3565929234625462
"Arner, P#2",41.13913894324853,0.07356942055088804,0.07919209502873109,0.35456083372182073
"Arner, P#2",41.17142857142857,0.07314752049099803,0.07873795050257805,0.35252752646098107
"Arner, P#2",41.20371819960861,0.07272553638260397,0.07828371550436379,0.3504938141363602
"Arner, P#2",41.236007827788654,0.0723036362130926,0.07782957086021138,0.3484605063472108
"Arner, P#2",41.26829745596869,0.07188198728615823,0.07737569666029903,0.3464284093977948
"Arner, P#2",41.30058708414873,0.07146075612883573,0.07692227215878795,0.3443983258493378
"Arner, P#2",41.33287671232877,0.07104010839644123,0.07646947567149791,0.34237105406189966
"Arner, P#2",41.36516634050881,0.07062020877543261,0.07601748447134374,0.34034738772622
"Arner, P#2",41.397455968688845,0.07020122088422236,0.07556647468156757,0.338328115385695
"Arner, P#2",41.429745596868884,0.0697833071719774,0.07511662116680433,0.33631401994865323
"Arner, P#2",41.46203522504892,0.06936662881546084,0.07466809742203934,0.33430587819119356
"Arner, P#2",41.49432485322896,0.06895134561397373,0.07422107545952089,0.3323044602508676
"Arner, P#2",41.526614481409005,0.06853761588247465,0.07377572569371128,0.33031052911157915
"Arner, P#2",41.558904109589044,0.06812559634295887,0.07333221682436443,0.32832484008009705
"Arner, P#2",41.59119373776908,0.067715442014198,0.07289071571783867,0.32634814025466513
"Arner, P#2",41.62348336594912,0.0673073060999463,0.07245138728675904,0.3243811679862237
"Arner, P#2",41.65577299412916,0.0669013398757365,0.0720143943681613,0.32242465233283263
"Arner, P#2",41.6880626223092,0.06649769257439656,0.07157989760025903,0.32047931250792994
"Arner, P#2",41.720352250489235,0.06609651127043029,0.07114805529798791,0.3185458573231158
"Arner, P#2",41.75264187866928,0.06569794076341835,0.07071902332749541,0.316624984626214
"Arner, P#2",41.78493150684932,0.06530212346060339,0.07029295497975226,0.3147173807354029
"Arner, P#2",41.81722113502936,0.06490919925883666,0.06987000084347664,0.3128237198702677
"Arner, P#2",41.849510763209395,0.06451930542607191,0.06945030867757103,0.31094466358067185
"Arner, P#2",41.88180039138943,0.06413257648260333,0.06903402328328359,0.30908086017439473
"Arner, P#2",41.91409001956947,0.06374914408225182,0.06862128637631383,0.3072329441445199
"Arner, P#2",41.94637964774951,0.06336913689371572,0.06821223645909535,0.30540153559761624
"Arner, P#2",41.97866927592955,0.06299268048230638,0.06780700869349292,0.30358723968377405
"Arner, P#2",42.01095890410959,0.06261989719230172,0.06740573477416453,0.3017906460296186
"Arner, P#2",42.04324853228963,0.062250906030152396,0.06700854280284163,0.30001232817543416
"Arner, P#2",42.07553816046967,0.06188582254878726,0.06661555716379218,0.2982528430175845
"Arner, P#2",42.10782778864971,0.06152475873326574,0.066226898400734,0.2965127302574257
"Arner, P#2",42.140117416829746,0.06116782288803429,0.06584268309547442,0.29479251185794914
"Arner, P#2",42.172407045009784,0.060815119526043904,0.06546302374855356,0.2930926915093941
"Arner, P#2",42.20469667318982,0.060466749259993825,0.06508802866217607,0.29141375410510706
"Arner, P#2",42.23698630136987,0.06012280869596507,0.06471780182571539,0.2897561652289185
"Arner, P#2",42.269275929549906,0.0597833903297137,0.06435244280408109,0.2881203706553383
"Arner, P#2",42.301565557729944,0.059448582445889596,0.06399204662923523,0.28650679586385003
"Arner, P#2",42.33385518590998,0.0591184690204534,0.06363670369515136,0.2849158455686189
"Arner, P#2",42.36614481409002,0.05879312962655652,0.06328649965650121,0.28334790326488896
"Arner, P#2",42.39843444227006,0.05847263934415433,0.06294151533135998,0.2818033307933733
"Arner, P#2",42.4307240704501,0.05815706867361407,0.06260182660821151,0.2802824679238946
"Arner, P#2",42.463013698630135,0.05784648345358173,0.06226750435753798,0.278785631959553
"Arner, P#2",42.49530332681017,0.05754094478336235,0.06193861434826804,0.2773131173626451
"Arner, P#2",42.52759295499022,0.05724050895006758,0.06161521716935648,0.2758651954035585
"Arner, P#2",42.55988258317026,0.05694522736077646,0.06129736815676024,0.27444211383382744
"Arner, P#2",42.592172211350295,0.056655146479946905,0.0609851173260665,0.2730440965844929
"Arner, P#2",42.62446183953033,0.05637030777231169,0.06067850931102435,0.27167134349089567
"Arner, P#2",42.65675146771037,0.05609074765148031,0.06037758330821849,0.27032403004496763
"Arner, P#2",42.68904109589041,0.0558164974344612,0.060082373028115706,0.26900230717605605
"Arner, P#2",42.721330724070455,0.055547583302305845,0.05979290665270113,0.2677063010612514
"Arner, P#2",42.75362035225049,0.055284026267069714,0.05950920679991415,0.26643611296615916
"Arner, P#2",42.78590998043053,0.05502584214526715,0.05923129049507449,0.26519181911696765
"Arner, P#2",42.81819960861057,0.054773041537990945,0.0589591691494824,0.26397347060463655
"Arner, P#2",42.85048923679061,0.05452562981784877,0.05869284854635669,0.26278109332193816
"Arner, P#2",42.882778864970646,0.05428360712285886,0.05843232883426391,0.2616146879340384
"Arner, P#2",42.915068493150685,0.05404696835742953,0.058177604528172645,0.260474229883217
"Arner, P#2",42.94735812133072,0.05381570320053461,0.05792866451825386,0.2593596694282688
"Arner, P#2",42.97964774951076,0.05358979612117849,0.05768549208652786,0.2582709317190359
"Arner, P#2",43.0119373776908,0.053369226401231394,0.057448064931444734,0.25720791690645983
"Arner, P#2",43.044227005870844,0.05315396816569512,0.05721635520046331,0.2561705002884448
"Arner, P#2",43.07651663405088,0.052943990420446514,0.05699032953067916,0.25515853249175846
"Arner, P#2",43.10880626223092,0.05273925709748407,0.05676994909752928,0.2541718396900937
"Arner, P#2",43.14109589041096,0.05253972710768974,0.05655516967158635,0.2532102238583495
"Arner, P#2",43.173385518591,0.05234535440109599,0.056345941683431724,0.2522734630630816
"Arner, P#2",43.205675146771036,0.052156088034633716,0.05614221029658118,0.25136131178900784
"Arner, P#2",43.23796477495108,0.051971872247314164,0.05594391548841273,0.2504735013013398
"Arner, P#2",43.27025440313112,0.051792646542784516,0.055750992139031647,0.24960974004365177
"Arner, P#2",43.30254403131116,0.051618345779173014,0.05556337012798217,0.24876971407088097
"Arner, P#2",43.334833659491196,0.05144890026612618,0.05538097443870098,0.2479530875169889
"Arner, P#2",43.367123287671234,0.051284235868918365,0.055203725270583495,0.24715950309670764
"Arner, P#2",43.39941291585127,0.051124274119498304,0.05503153815851737,0.24638858264071808
"Arner, P#2",43.43170254403131,0.050968932334318214,0.05486432409971687,0.24563992766351608
"Arner, P#2",43.46399217221135,0.05081812373877341,0.05470198968767305,0.24491311996313744
"Arner, P#2",43.49628180039139,0.05067175759806421,0.054544437253016935,0.2442077222518342
"Arner, P#2",43.52857142857143,0.05052973935427273,0.054391565011072764,0.24352327881670366
"Arner, P#2",43.56086105675147,0.05039197076943356,0.054243267215862985,0.24285931620920337
"Arner, P#2",43.59315068493151,0.05025835007435817,0.054099434320306936,0.24221534396239675
"Arner, P#2",43.62544031311155,0.05012877212296064,0.053959953142341095,0.24159085533471075
"Arner, P#2",43.657729941291585,0.050003128551814664,0.053824707036670624,0.24098532807890632
"Arner, P#2",43.69001956947162,0.049881307944659684,0.053693576071848055,0.24039822523489937
"Arner, P#2",43.72230919765167,0.049763196001558735,0.05356643721235944,0.23982899594500154
"Arner, P#2",43.75459882583171,0.049648675712399816,0.05344316450538579,0.23927707629009326
"Arner, P#2",43.786888454011745,0.049537627534418,0.05332362927189267,0.23874189014517466
"Arner, P#2",43.81917808219178,0.04942992957340755,0.05320770030169179,0.2382228500527005
"Arner, P#2",43.85146771037182,0.049325457768279755,0.05309524405210395,0.23771935811203865
"Arner, P#2",43.88375733855186,0.04922408607861507,0.05298612484984524,0.23723080688336015
"Arner, P#2",43.9160469667319,0.04912568667484883,0.052880205095748,0.23675658030422114
"Arner, P#2",43.948336594911936,0.04903013013072184,0.05277734547191982,0.23629605461706005
"Arner, P#2",43.980626223091974,0.048937285617621736,0.05267740515093776,0.23584859930580745
"Arner, P#2",44.01291585127201,0.04884702110043387,0.05258024200666751,0.23541357803977084
"Arner, P#2",44.04520547945206,0.048759203534517445,0.05248571282629379,0.23499034962294224
"Arner, P#2",44.077495107632096,0.04867369906341812,0.05239367352314343,0.23457826894685552
"Arner, P#2",44.109784735812134,0.048590373216926004,0.05230397934988039,0.23417668794510785
"Arner, P#2",44.14207436399217,0.04850909110908661,0.05221648511164998,0.23378495654765494
"Arner, P#2",44.17436399217221,0.04842971763577232,0.052131045378750115,0.2334024236329877
"Arner, P#2",44.20665362035225,0.048352117671421696,0.05204751469840677,0.23302843797629882
"Arner, P#2",44.238943248532294,0.048276156264556155,0.051965747805233393,0.2326623491917569
"Arner, P#2",44.27123287671233,0.048201698831686915,0.051885599829957475,0.23230350866702226
"Arner, P#2",44.30352250489237,0.0481286113492273,0.051806926506000155,0.2319512704881503
"Arner, P#2",44.33581213307241,0.04805676054303245,0.0517295843735018,0.23160499235306006
"Arner, P#2",44.36810176125245,0.04798601407519199,0.05165343098039069,0.23126403647176377
"Arner, P#2",44.400391389432485,0.04791624072770988,0.05157832508010085,0.2309277704515943
"Arner, P#2",44.43268101761252,0.04784731058271256,0.05150412682555301,0.23059556816570148
"Arner, P#2",44.46497064579256,0.0477790951988351,0.05143069795902132,0.2302668106031281
"Arner, P#2",44.4972602739726,0.04771146778344531,0.051357901997520015,0.2299408866988278
"Arner, P#2",44.529549902152645,0.0476443033603754,0.05128560441335428,0.22961719414203186
"Arner, P#2",44.56183953033268,0.04757747893284306,0.05121367280949284,0.22929514016143182
"Arner, P#2",44.59412915851272,0.047510873641255,0.05114197708943197,0.22897414228569882
"Arner, P#2",44.62641878669276,0.047444368915599805,0.051070389621235134,0.22865362907792605
"Arner, P#2",44.6587084148728,0.04737784862214964,0.05099878539544677,0.22833304084264427
"Arner, P#2",44.690998043052836,0.04731119920420573,0.05092704217659441,0.2280118303041309
"Arner, P#2",44.72328767123288,0.04724430981663634,0.05085504064800898,0.22768946325480313
"Arner, P#2",44.75557729941292,0.047177072453972506,0.05078266454971046,0.22736541917256306
"Arner, P#2",44.78786692759296,0.04710938207184226,0.050709800809123004,0.22703919180603857
"Arner, P#2",44.820156555772996,0.047041136701540295,0.05063633966440071,0.22671028972674082
"Arner, P#2",44.852446183953035,0.046972237557548764,0.05056217478016594,0.22637823684725047
"Arner, P#2",44.88473581213307,0.046902589137839845,0.05048720335547768,0.2260425729046166
"Arner, P#2",44.91702544031311,0.04683209931680996,0.05041132622386842,0.22570285390824404
"Arner, P#2",44.94931506849315,0.04676067943071382,0.050334447945307635,0.2253586525516349
"Arner, P#2",44.98160469667319,0.0466882443554832,0.050256476889968024,0.22500955858742858
"Arner, P#2",45.013894324853226,0.04661471257683559,0.05017732531369232,0.22465517916528385
"Arner, P#2",45.04618395303327,0.04654000625259439,0.05009690942507642,0.22429513913222515
"Arner, P#2",45.07847358121331,0.046464051267163284,0.05001514944410708,0.22392908129517647
"Arner, P#2",45.11076320939335,0.046386777278113224,0.049931969652309366,0.22355666664548315
"Arner, P#2",45.143052837573386,0.04630811775486233,0.04984729843438274,0.22317757454532577
"Arner, P#2",45.175342465753424,0.046228010009443606,0.04976106831132028,0.22279150287600236
"Arner, P#2",45.20763209393346,0.04614639521937775,0.04967321596502955,0.22239816814816166
"Arner, P#2",45.23992172211351,0.04606321844268302,0.049583682254489635,0.22199730557414182
"Arner, P#2",45.272211350293546,0.045978428625074355,0.049492412223500475,0.2215886691026658
"Arner, P#2",45.304500978473584,0.045891978599420194,0.04939935510009816,0.22117203141622363
"Arner, P#2",45.33679060665362,0.04580382507754348,0.049304464287729326,0.22074718389155812
"Arner, P#2",45.36908023483366,0.04571392863446974,0.04920769734829535,0.22031393652374986
"Arner, P#2",45.4013698630137,0.04562225368524183,0.04910901597719512,0.21987211781447824
"Arner, P#2",45.43365949119374,0.045528768454436826,0.04900838597051223,0.21942157462511097
"Arner, P#2",45.465949119373775,0.045433444938536474,0.04890577718450947,0.21896217199535198
"Arner, P#2",45.49823874755381,0.04533625886131639,0.04880116348760861,0.21849379292824392
"Arner, P#2",45.53052837573386,0.045237189622435225,0.04869452270505039,0.21801633814239854
"Arner, P#2",45.5628180039139,0.045136220239417504,0.048585836556443295,0.21752972579238855
"Arner, P#2",45.595107632093935,0.04503333728323759,0.048475090586424394,0.21703389115830055
"Arner, P#2",45.62739726027397,0.04492853080772462,0.04836227408866893,0.21652878630550887
"Arner, P#2",45.65968688845401,0.04482179427301974,0.04824738002349766,0.21601437971578505
"Arner, P#2",45.69197651663405,0.044713124463329076,0.04813040492934391,0.21549065589091596
"Arner, P#2",45.724266144814095,0.044602521399224375,0.04801134882835165,0.2149576149300452
"Arner, P#2",45.75655577299413,0.04448998824475553,0.047890215126388955,0.21441527208201064
"Arner, P#2",45.78884540117417,0.04437553120964488,0.047767010507767285,0.21386365727397924
"Arner, P#2",45.82113502935421,0.044259159446844554,0.0476417448249695,0.2133028146177343
"Arner, P#2",45.85342465753425,0.04414088494574269,0.047514430983694164,0.21273280189499305
"Arner, P#2",45.885714285714286,0.04402072242131292,0.04738508482353306,0.21215369002317302
"Arner, P#2",45.918003913894324,0.04389868919950547,0.04725372499460315,0.21156556250304556
"Arner, P#2",45.95029354207436,0.04377480509918512,0.04712037283046136,0.21096851484974674
"Arner, P#2",45.9825831702544,0.04364909231092335,0.04698505221763328,0.2103626540086279
"Arner, P#2",46.01487279843444,0.043521575272957545,0.04684778946209227,0.20974809775745257
"Arner, P#2",46.047162426614484,0.043392280544629847,0.04670861315302567,0.20912497409644734
"Arner, P#2",46.07945205479452,0.04326123667762379,0.04656755402423047,0.20849342062773868
"Arner, P#2",46.11174168297456,0.04312847408531371,0.046424644813477495,0.20785358392569514
"Arner, P#2",46.1440313111546,0.042994024910545825,0.046279920120187466,0.2072056188997108
"Arner, P#2",46.17632093933464,0.04285792289216682,0.046133416261758715,0.20654968815095212
"Arner, P#2",46.208610567514675,0.042720203230615594,0.04598517112888662,0.20588596132459072
"Arner, P#2",46.24090019569472,0.04258090245289239,0.045835224040212716,0.20521461445903436
"Arner, P#2",46.27318982387476,0.04244005827721511,0.04568361559663712,0.2045358293336512
"Arner, P#2",46.3054794520548,0.04229770947767118,0.045530387535626216,0.2038497928164724
"Arner, P#2",46.337769080234835,0.042153895749168294,0.04537558258584196,0.20315669621333474
"Arner, P#2",46.370058708414874,0.042008657572982604,0.04521924432241441,0.20245673461990318
"Arner, P#2",46.40234833659491,0.04186203608319832,0.0450614170231737,0.20175010627798914
"Arner, P#2",46.43463796477495,0.041714072934326024,0.04490214552615083,0.20103701193754944
"Arner, P#2",46.46692759295499,0.04156481017038114,0.044741475088650264,0.20031765422572248
"Arner, P#2",46.49921722113503,0.041414290095696984,0.044579451248189614,0.19959223702422407
"Arner, P#2",46.53150684931507,0.041262555147738425,0.044416119685592864,0.19886096485638483
"Arner, P#2",46.56379647749511,0.041109647772176086,0.04425152609051689,0.19812404228508226
"Arner, P#2",46.59608610567515,0.04095561030046977,0.04408571602967899,0.19738167332276574
"Arner, P#2",46.62837573385519,0.04080048483020401,0.04391873481804684,0.19663406085474483
"Arner, P#2",46.660665362035225,0.04064431310840653,0.04375062739323938,0.19588140607685398
"Arner, P#2",46.69295499021526,0.04048713641807321,0.04358143819337926,0.19512390794857024
"Arner, P#2",46.72524461839531,0.040328995468110244,0.04341121103862359,0.19436176266259989
"Arner, P#2",46.75753424657535,0.040169930286897436,0.04323998901659266,0.19359516313191694
"Arner, P#2",46.789823874755385,0.04000998011966184,0.043067814371900145,0.19282429849516516
"Arner, P#2",46.82211350293542,0.03984918332984424,0.04289472839998139,0.19204935364130316
"Arner, P#2",46.85440313111546,0.039687577304625875,0.04272077134539978,0.19127050875429935
"Arner, P#2",46.8866927592955,0.039525198364774715,0.04254598230480291,0.1904879388786447
"Arner, P#2",46.91898238747554,0.03936208167895686,0.042370399134685044,0.1897018135063847
"Arner, P#2",46.951272015655576,0.039198261182648256,0.04219405836410155,0.18891229618632205
"Arner, P#2",46.983561643835614,0.039033769501769205,0.042016995112467,0.1881195441559803
"Arner, P#2",47.01585127201565,0.038868637881153294,0.04183924301255726,0.18732370799686698
"Arner, P#2",47.0481409001957,0.038702896117949574,0.04166083413882174,0.18652493131351133
"Arner, P#2",47.080430528375736,0.038536572500045045,0.04148179894109979,0.1857233504366976
"Arner, P#2",47.112720156555774,0.03836969374958244,0.041302166183821654,0.18491909415125424
"Arner, P#2",47.14500978473581,0.03820228497163713,0.041121962890762975,0.1841122834487072
"Arner, P#2",47.17729941291585,0.03803436960810374,0.040941214295407084,0.1833030313050408
"Arner, P#2",47.20958904109589,0.03786596939683147,0.04075994379695715,0.1824914424837543
"Arner, P#2",47.241878669275934,0.03769710433603693,0.04057817292202925,0.1816776133643529
"Arner, P#2",47.27416829745597,0.037527792654008504,0.04039592129204129,0.18086163179634102
"Arner, P#2",47.30645792563601,0.03735805078410783,0.04021320659630394,0.18004357697874387
"Arner, P#2",47.33874755381605,0.03718789334506044,0.04003004457080496,0.17922351936512051
"Arner, P#2",47.37103718199609,0.037017333126517414,0.03984644898266739,0.17840152059397943
"Arner, P#2",47.403326810176125,0.03684638107985792,0.03966243162024913,0.1775776334444522
"Arner, P#2",47.43561643835616,0.03667504631419306,0.039478002288841366,0.17675190181703448
"Arner, P#2",47.4679060665362,0.03650333609751865,0.03929316881190949,0.17592436073914164
"Arner, P#2",47.50019569471624,0.03633125586295671,0.03910793703781159,0.17509503639518917
"Arner, P#2",47.53248532289628,0.03615880922001282,0.03892231085191616,0.17426394618084634
"Arner, P#2",47.56477495107632,0.03598599797076854,0.03873629219403206,0.17343109878107404
"Arner, P#2",47.59706457925636,0.03581282213091714,0.03854988108105196,0.1725964942715045
"Arner, P#2",47.6293542074364,0.035639279955542336,0.03836307563470121,0.17176012424267945
"Arner, P#2",47.66164383561644,0.03546536796953057,0.03817587211427451,0.17092197194661923
"Arner, P#2",47.693933463796476,0.03529108100249863,0.037988264954232846,0.170082012465153
"Arner, P#2",47.72622309197652,0.03511641222810964,0.03780024680652436,0.16924021289939875
"Arner, P#2",47.75851272015656,0.03494135320764397,0.03761180858748518,0.16839653257974888
"Arner, P#2",47.7908023483366,0.034765893937681536,0.037422939529165956,0.1675509232956704
"Arner, P#2",47.823091976516636,0.03459002290174731,0.037233627234924474,0.16670332954460598
"Arner, P#2",47.855381604696674,0.034413727125762995,0.037043857739115324,0.16585368879921783
"Arner, P#2",47.88767123287671,0.03423699223714268,0.036853615570702006,0.1650019317921933
"Arner, P#2",47.91996086105675,0.0340598025273629,0.036662883820609074,0.16414798281779583
"Arner, P#2",47.95225048923679,0.03388214101783335,0.036471644212627115,0.16329176004932233
"Arner, P#2",47.98454011741683,0.03370398952888751,0.036279877177676084,0.16243317587159686
"Arner, P#2",48.016829745596866,0.033525328751709195,0.03608756193122902,0.16157213722761418
"Arner, P#2",48.04911937377691,0.03334613832300529,0.03589467655369171,0.16070854597841733
"Arner, P#2",48.08140900195695,0.03316639690223175,0.03570119807353091,0.15984229927528165
"Arner, P#2",48.11369863013699,0.032986082251175344,0.03550710255293816,0.15897328994325088
"Arner, P#2",48.145988258317026,0.0328051713156917,0.03531236517581491,0.1581014068750662
"Arner, P#2",48.178277886497064,0.03262364030939672,0.035116960337860124,0.15722653543450907
"Arner, P#2",48.2105675146771,0.032441464799105306,0.03492086173853888,0.1563485578681649
"Arner, P#2",48.24285714285715,0.03225861979181149,0.034724042474710025,0.1554673537246155
"Arner, P#2",48.275146771037186,0.03207507982300031,0.034526475135687545,0.15458280028005014
"Arner, P#2",48.307436399217224,0.03189081904608236,0.03432813189951021,0.15369477296928627
"Arner, P#2",48.33972602739726,0.031705811322740377,0.03412898463019315,0.15280314582118693
"Arner, P#2",48.3720156555773,0.03152003031397779,0.0339290049757349,0.15190779189746015
"Arner, P#2",48.40430528375734,0.03133344957165852,0.0337281644666533,0.15100858373382647
"Arner, P#2",48.43659491193738,0.031146042630328875,0.033526434614825046,0.15010539378254592
"Arner, P#2",48.468884540117415,0.0309577830991126,0.033323787012403995,0.14919809485529734
"Arner, P#2",48.50117416829745,0.030768644753472532,0.03312019343059584,0.148286560565415
"Arner, P#2",48.53346379647749,0.030578601626633305,0.032915625918068014,0.14737066576849175
"Arner, P#2",48.56575342465754,0.030387628100462586,0.0327100568987766,0.14645028700037233
"Arner, P#2",48.598043052837575,0.030195698995610597,0.03250345926899502,0.14552530291157237
"Arner, P#2",48.63033268101761,0.030002789660710957,0.032295806493332135,0.1445955946971733
"Arner, P#2",48.66262230919765,0.02980887606044891,0.03208707269953131,0.1436610465212589
"Arner, P#2",48.69491193737769,0.029613934862308094,0.031877232771846904,0.142721545934983
"Arner, P#2",48.727201565557735,0.029417943521809098,0.03166626244279736,0.14177698428736865
"Arner, P#2",48.75949119373777,0.029220880366060256,0.031454138383101536,0.14082725712797323
"Arner, P#2",48.79178082191781,0.02902272467544301,0.031240838289606977,0.13987226460056332
"Arner, P#2",48.82407045009785,0.02882345676326262,0.031026340971028115,0.13891191182698379
"Arner, P#2",48.85636007827789,0.02862305805319761,0.030810626431314887,0.13794610928041784
"Arner, P#2",48.888649706457926,0.028421511154389574,0.030593675950481458,0.13697477314727546
"Arner, P#2",48.920939334637964,0.028218799934019198,0.030375472162728952,0.13599782567696647
"Arner, P#2",48.953228962818,0.02801490958722222,0.03015599913170489,0.13501519551885394
"Arner, P#2",48.98551859099804,0.027809826704205162,0.02993524242274836,0.134026818045712
"Arner, P#2",49.01780821917808,0.0276035393344271,0.029713189171976982,0.13303263566304394
"Arner, P#2",49.050097847358124,0.027396037047722394,0.029489828152081066,0.13203259810365722
"Arner, P#2",49.08238747553816,0.02718731099224472,0.0292651498346961,0.13102666270691937
"Arner, P#2",49.1146771037182,0.026977353949122373,0.02903914644923522,0.13001479468216395
"Arner, P#2",49.14696673189824,0.026766160383720688,0.028811812038069397,0.12899696735574495
"Arner, P#2",49.17925636007828,0.026553726493417477,0.028583142507954254,0.12797316240128595
"Arner, P#2",49.211545988258315,0.026340050251803002,0.028353135677608065,0.12694337005269773
"Arner, P#2",49.24383561643836,0.02612513144922695,0.028121791321357614,0.12590758929959053
"Arner, P#2",49.2761252446184,0.025908971729620797,0.027889111208774783,0.12486582806473591
"Arner, P#2",49.30841487279844,0.02569157462353411,0.0276550991402377,0.12381810336328213
"Arner, P#2",49.340704500978475,0.025472945577330958,0.027419760978358538,0.12276444144346345
"Arner, P#2",49.37299412915851,0.02525309197850184,0.027183104675229972,0.12170487790858858
"Arner, P#2",49.40528375733855,0.02503202317705426,0.026945140295450535,0.12063945782013048
"Arner, P#2",49.43757338551859,0.024809750502954985,0.026705880034899966,0.11956823578178774
"Arner, P#2",49.46986301369863,0.024586287279604116,0.026465338235243028,0.11849127600442146
"Arner, P#2",49.502152641878666,0.02436164883333169,0.026223531394151938,0.1174086523518234
"Arner, P#2",49.534442270058705,0.02413585249891366,0.025980478171243875,0.11632044836729953
"Arner, P#2",49.56673189823875,0.02390891762111555,0.02573619938974266,0.1152267572811097
"Arner, P#2",49.59902152641879,0.023680865552277615,0.02549071803387932,0.11412768199882943
"Arner, P#2",49.631311154598826,0.02345171964596594,0.025244059242057967,0.11302333507075199
"Arner, P#2",49.663600782778865,0.02322150524672073,0.024996250295820605,0.11191383864248138
"Arner, P#2",49.6958904109589,0.022990249675942646,0.024747320604654777,0.11079932438691267
"Arner, P#2",49.72818003913895,0.02275798221396361,0.024497301686694114,0.10967993341782417
"Arner, P#2",49.760469667318986,0.022524734078359674,0.024246227145373722,0.10855581618535817
"Arner, P#2",49.792759295499025,0.022290538398567077,0.023994132642106227,0.10742713235368553
"Arner, P#2",49.82504892367906,0.02205543018687462,0.023741055865057186,0.1062940506612062
"Arner, P#2",49.8573385518591,0.021819446305868025,0.023487036494101336,0.10515674876365036
"Arner, P#2",49.88962818003914,0.02158262543241293,0.023232116162052903,0.10401541306049786
"Arner, P#2",49.92191780821918,0.021345008018267313,0.02297633841226779,0.10287023850515367
"Arner, P#2",49.954207436399216,0.021106636247421033,0.022719748652722676,0.10172142839934968
"Arner, P#2",49.986497064579254,0.02086755399026801,0.02246239410668477,0.100569194172282
"Arner, P#2",50.01878669275929,0.02062780675471954,0.02220432376008883,0.09941375514500612
"Arner, P#2",50.05107632093934,0.020387441634376065,0.0219455883057479,0.09825533828065582
"Arner, P#2",50.083365949119376,0.02014650725387714,0.021686240084526538,0.0970941779210624
"Arner, P#2",50.115655577299414,0.019905053711556223,0.021426333023612885,0.09593051551038492
"Arner, P#2",50.14794520547945,0.019663132519530585,0.02116592257202986,0.09476459930637927
"Arner, P#2",50.18023483365949,0.019420796541361664,0.020905065633531082,0.0935966840799581
"Arner, P#2",50.212524461839536,0.019178099927423673,0.020643820497029914,0.09242703080370596
"Arner, P#2",50.244814090019574,0.018935098048124554,0.020382246764716703,0.09125590633004413
"Arner, P#2",50.27710371819961,0.018691847425122508,0.020120405278018415,0.09008358305973509
"Arner, P#2",50.30939334637965,0.01844840566068929,0.019858358041563395,0.08891033860145574
"Arner, P#2",50.34168297455969,0.018204831365368965,0.01959616814531131,0.08773645542315554
"Arner, P#2",50.37397260273973,0.017961184084086944,0.019333899685014935,0.08656222049594617
"Arner, P#2",50.406262230919765,0.01771752422086273,0.019071617681178946,0.0853879249312616
"Arner, P#2",50.4385518590998,0.017473912962284174,0.018809387996685543,0.08421386361204963
"Arner, P#2",50.47084148727984,0.017230412199898976,0.0185472772532546,0.08304033481874513
"Arner, P#2",50.50313111545988,0.016987084451682805,0.01828535274690983,0.08186763985079304
"Arner, P#2",50.53542074363992,0.016743992782740923,0.0180236823626199,0.08069608264447733
"Arner, P#2",50.567710371819956,0.01650120072540281,0.017762334488286142,0.07952596938782484
"Arner, P#2",50.6,0.01625877219886589,0.0175013779282449,0.07835760813333559
Armenise,27.2,0.02537861244425351,0.02663744551665099,0.11926183904058642
Armenise,27.23718924403131,0.02592964200153675,0.02721580731016662,0.121851294965794
Armenise,27.27437848806262,0.026486028622244005,0.0277997918888286,0.12446592536565848
Armenise,27.311567732093934,0.027047681451009973,0.02838930389065256,0.12710530328311212
Armenise,27.348756976125244,0.027614508294971224,0.028984246549813263,0.1297689954757756
Armenise,27.385946220156555,0.028186415710322665,0.029584521787494437,0.13245656282271326
Armenise,27.423135464187865,0.028763309082721986,0.030190030296281468,0.1351675607022781
Armenise,27.460324708219176,0.029345092701032426,0.030800671617561958,0.1379015393386515
Armenise,27.49751395225049,0.02993166982391605,0.03141634421142216,0.14065804411478544
Armenise,27.5347031962818,0.030522942738817452,0.032036945518556424,0.14343661584958478
Armenise,27.57189244031311,0.031118812812910474,0.03266237201374094,0.14623679103732148
Armenise,27.60908168434442,0.031719180535611506,0.033292519250455836,0.14905810204741757
Armenise,27.646270928375735,0.032323945552300226,0.03392728189627849,0.15190007728290914
Armenise,27.683460172407045,0.03293300668892684,0.034566553758711406,0.15476224129608346
Armenise,27.720649416438356,0.03354626196722607,0.03521022780115076,0.15764411485997382
Armenise,27.757838660469666,0.034163608610300635,0.03585819614874691,0.16054521499459823
Armenise,27.795027904500976,0.03478494303838311,0.036510350083956006,0.16346505494704314
Armenise,27.83221714853229,0.035410160854631806,0.037166580031631306,0.1664031441247138
Armenise,27.8694063925636,0.03603915682086628,0.037826775533555124,0.16935898798130808
Armenise,27.90659563659491,0.03667182482319733,0.03849082521236401,0.17233208785530135
Armenise,27.94378488062622,0.03730805782756079,0.039158616724876916,0.17532194076098634
Armenise,27.980974124657532,0.03794774782521511,0.03983003670488933,0.1783280391323493
Armenise,28.018163368688846,0.038590785768320146,0.04050497069555667,0.18134987052033552
Armenise,28.055352612720156,0.03923706149576698,0.04118330307154506,0.1843869172443007
Armenise,28.092541856751467,0.03988646364948627,0.041864916951188436,0.18743865599871856
Armenise,28.129731100782777,0.040538879581517924,0.04254969409894867,0.19050455741647285
Armenise,28.166920344814088,0.041194195252180994,0.04323751481853445,0.19358408559032658
Armenise,28.2041095888454,0.04185229511973794,0.04392825783709269,0.19667669755442074
Armenise,28.241298832876712,0.042513062022004326,0.044621800180945796,0.19978184272792232
Armenise,28.278488076908022,0.04317637705040894,0.0453180170434049,0.20289896232319418
Armenise,28.315677320939333,0.04384211941706031,0.046016781645242595,0.20602748872110024
Armenise,28.352866564970647,0.04451016631543349,0.04671796508846952,0.20916684481633016
Armenise,28.390055809001957,0.045180392775335664,0.04742143620410589,0.21231644333583846
Armenise,28.427245053033268,0.04585267151286331,0.04812706139469626,0.2154756861337474
Armenise,28.464434297064578,0.04652687277610523,0.048834704472359096,0.21864396346625872
Armenise,28.50162354109589,0.047202864187395485,0.049544226493215104,0.2218206532503518
Armenise,28.5388127851272,0.047880510582957767,0.05025548558907763,0.22500512031022377
Armenise,28.576002029158513,0.04855967385082399,0.050968336797331676,0.22819671561561963
Armenise,28.613191273189823,0.04924021276794526,0.0516826318899652,0.23139477551636684
Armenise,28.650380517221134,0.04992198283744562,0.052398219202750354,0.23459862097758127
Armenise,28.687569761252444,0.05060483612699765,0.05311494346560211,0.2378075568201446
Armenise,28.724759005283758,0.051288621109324216,0.05383264563516861,0.24102087097117364
Armenise,28.76194824931507,0.05197318250585197,0.054551162730729505,0.24423783372930025
Armenise,28.79913749334638,0.05265836113455896,0.0552703276744965,0.24745769704966097
Armenise,28.83632673737769,0.053343993763071064,0.05598996913742309,0.25067969385355243
Armenise,28.873515981409,0.0540299129680691,0.05670991139163789,0.25390303736774233
Armenise,28.910705225440314,0.054715947002075084,0.05742997417062329,0.2571269204984574
Armenise,28.947894469471624,0.05540191966867894,0.058149972538253096,0.26035051524503605
Armenise,28.985083713502934,0.05608765020726696,0.05886971676780329,0.2635729721582318
Armenise,29.022272957534245,0.05677295318829777,0.059589012232033445,0.26679341984808314
Armenise,29.059462201565555,0.057457638420156026,0.06030765930542022,0.2700109645461912
Armenise,29.09665144559687,0.058141510868595266,0.061025453279604326,0.2732246897271563
Armenise,29.13384068962818,0.0588243705897503,0.06174218429308025,0.2764336557937835
Armenise,29.17102993365949,0.05950601267767455,0.06245763727613134,0.279636899830544
Armenise,29.2082191776908,0.06018622722731294,0.063171591911966,0.2828334354295739
Armenise,29.24540842172211,0.060864799313789006,0.06388382261497746,0.2860222525933376
Armenise,29.282597665753425,0.061541508988830415,0.06459409852699202,0.2892023177178306
Armenise,29.319786909784735,0.0622161312951109,0.06530218353232228,0.29237257365997654
Armenise,29.356976153816046,0.06288843629923041,0.06600783629238326,0.2955319398926106
Armenise,29.394165397847356,0.06355818914399235,0.06671081030056264,0.29867931275014675
Armenise,29.43135464187867,0.06422515012057683,0.06741085395797404,0.30181356576774165
Armenise,29.46854388590998,0.06488907476113458,0.06810771067064367,0.30493355011642126
Armenise,29.50573312994129,0.06554971395226138,0.06880111896861345,0.3080380951363326
Armenise,29.5429223739726,0.06620681406972928,0.06949081264735511,0.31112600896988624
Armenise,29.58011161800391,0.06686011713477563,0.07017652093181152,0.3141960792962063
Armenise,29.617300862035226,0.0675093609921689,0.07085796866329494,0.317247074167916
Armenise,29.654490106066536,0.06815427951018277,0.07153487650938027,0.32027774295087696
Armenise,29.691679350097846,0.06879460280252417,0.07220696119684114,0.3232868173670967
Armenise,29.728868594129157,0.06943005747217099,0.07287393576758254,0.32627301264059627
Armenise,29.766057838160467,0.07006036687698318,0.07353550985742682,0.3292350287455982
Armenise,29.80324708219178,0.07068525141685929,0.07419138999751368,0.3321715517559619
Armenise,29.84043632622309,0.07130442884211596,0.07484127993797611,0.335081255294354
Armenise,29.877625570254402,0.07191761458267494,0.07548488099345563,0.33796280207919754
Armenise,29.914814814285712,0.07252452209754585,0.07612189240992022,0.3408148455669984
Armenise,29.952004058317023,0.073124863244002,0.07675201175215204,0.34363603168721546
Armenise,29.989193302348337,0.07371834866575096,0.07737493531117208,0.34642500066639165
Armenise,30.026382546379647,0.07430468819930836,0.07799035853077092,0.3491803889378292
Armenise,30.063571790410958,0.07488359129769942,0.07859797645222683,0.35190083113269177
Armenise,30.100761034442268,0.07545476747051345,0.07919748417618784,0.354584962147955
Armenise,30.137950278473582,0.07601792673926178,0.07978857734061642,0.357231419286272
Armenise,30.175139522504892,0.07657278010689823,0.08037095261359921,0.3598388444623939
Armenise,30.212328766536203,0.0771190400402856,0.08094430819974474,0.362405886470426
Armenise,30.249518010567513,0.07765642096431304,0.08150834435881024,0.36493120330583695
Armenise,30.286707254598824,0.07818463976629954,0.08206276393512447,0.3674134645358038
Armenise,30.323896498630134,0.07870341630924893,0.08260727289630135,0.36985135371115435
Armenise,30.361085742661448,0.07921247395245899,0.08314158087967233,0.37224357081286774
Armenise,30.39827498669276,0.07971154007793171,0.08366540174480776,0.3745888347258368
Armenise,30.43546423072407,0.0802003466209781,0.0841784541304408,0.3768858857323423
Armenise,30.47265347475538,0.08067863060336383,0.08468046201405824,0.37913348801746616
Armenise,30.509842718786693,0.08114613466730347,0.08517115527238193,0.38133043217849394
Armenise,30.547031962818004,0.08160260760857779,0.08565027024092992,0.3834755377301951
Armenise,30.584221206849314,0.08204780490701763,0.08611755027081337,0.3855676555977288
Armenise,30.621410450880624,0.0824814892525833,0.08657274628091069,0.38760567058885126
Armenise,30.658599694911935,0.0829034310652498,0.08701561730354004,0.3895885038370149
Armenise,30.69578893894325,0.08331340900690544,0.0874459310217494,0.3915151152069362
Armenise,30.73297818297456,0.08371121048347094,0.08786346429634165,0.3933845056542065
Armenise,30.77016742700587,0.08409663213545482,0.08826800368076268,0.39519571953056115
Armenise,30.80735667103718,0.08446948031517762,0.08865934592199688,0.3969478468265018
Armenise,30.844545915068494,0.0848295715489188,0.08903729844563757,0.39864002534306575
Armenise,30.881735159099804,0.08517673298227366,0.08940167982333445,0.40027144278469345
Armenise,30.918924403131115,0.085510802807043,0.08975232022085805,0.4018413387653139
Armenise,30.956113647162425,0.08583163066802542,0.09008906182506968,0.40334900671998514
Armenise,30.993302891193736,0.08613907804813355,0.09041175924814024,0.40479379571467294
Armenise,31.030492135225046,0.08643301863031562,0.09072027990742398,0.40617511214703106
Armenise,31.06768137925636,0.08671333863482912,0.09101450437946151,0.40749242133135233
Armenise,31.10487062328767,0.08697993713048768,0.0912943267266653,0.40874524896121334
Armenise,31.14205986731898,0.08723272631858034,0.09155965479532184,0.40993318244369703
Armenise,31.17924911135029,0.08747163178824607,0.09181041048363339,0.41105587209947614
Armenise,31.216438355381605,0.08769659274218125,0.09204652997862095,0.41211303222348084
Armenise,31.253627599412916,0.08790756219164932,0.09226796396080685,0.4131044420013089
Armenise,31.290816843444226,0.08810450711986689,0.09247467777570512,0.4140299462770268
Armenise,31.328006087475536,0.08828740861294354,0.0926666515712562,0.41488945616849565
Armenise,31.365195331506847,0.08845626195766393,0.09284388040045927,0.41568294952687923
Armenise,31.402384575538157,0.0886110767055133,0.09300637428857353,0.41641047123751956
Armenise,31.43957381956947,0.08875187670246579,0.09315415826438407,0.4170721333599208
Armenise,31.47676306360078,0.08887870008417247,0.09328727235515123,0.4176681151051367
Armenise,31.513952307632092,0.0889915992363093,0.09340577154499176,0.41819866264943356
Armenise,31.551141551663406,0.08909064071996747,0.09350972569656833,0.41866408878367667
Armenise,31.588330795694716,0.08917590516209438,0.09359921943609614,0.4190647723984788
Armenise,31.625520039726027,0.08924748711111655,0.09367435200180445,0.41940115780572845
Armenise,31.662709283757337,0.08930549485800456,0.09373523705612596,0.41967375389771977
Armenise,31.699898527788648,0.08935005022316136,0.09378200246201433,0.41988313314567505
Armenise,31.737087771819958,0.08938128830964044,0.09381479002392137,0.420029930440042
Armenise,31.774277015851272,0.0893993572233249,0.09383375519409654,0.42011484177553
Armenise,31.811466259882582,0.08940441776081365,0.09383906674499151,0.42013862278439196
Armenise,31.848655503913893,0.08939664306588559,0.09383090640868433,0.42010208712204494
Armenise,31.885844747945203,0.08937621825551863,0.09380946848434812,0.42000610470961913
Armenise,31.923033991976517,0.08934334001656051,0.09377495941491598,0.4198515998385915
Armenise,31.960223236007828,0.08929821617424712,0.09372759733419682,0.41963954914312124
Armenise,31.997412480039138,0.08924106523387172,0.0936676115858105,0.41937097944621443
Armenise,32.03460172407045,0.08917211589700269,0.09359524221540885,0.41904696548628295
Armenise,32.07179096810176,0.08909160655374074,0.09351073943774785,0.4186686275311067
Armenise,32.10898021213307,0.08899978475259107,0.09341436308026424,0.41823712888660103
Armenise,32.14616945616438,0.08889690664960782,0.09330638200489647,0.41775367330817886
Armenise,32.1833587001957,0.08878323643853804,0.09318707350996244,0.41721950232282284
Armenise,32.22054794422701,0.08865904576376123,0.0930567227139798,0.4166358924703099
Armenise,32.25773718825832,0.08852461311787889,0.09291562192337449,0.4160041524723003
Armenise,32.29492643228963,0.08838022322586063,0.09276406998607926,0.41532562033825265
Armenise,32.33211567632094,0.08822616641769421,0.09260237163306581,0.4146016604173149
Armenise,32.36930492035225,0.08806273799152932,0.09243083680989919,0.4138336604055433
Armenise,32.40649416438356,0.08789023756932647,0.09224978000042543,0.41302302831789944
Armenise,32.44368340841487,0.08770896844704784,0.09205951954473053,0.41217118943459924
Armenise,32.48087265244618,0.08751923694143596,0.09186037695351794,0.41127958323142655
Armenise,32.51806189647749,0.08732135173543178,0.09165267622105802,0.4103496603036532
Armenise,32.5552511405088,0.08711562322427849,0.09143674313885722,0.4093828792931816
Armenise,32.59244038454012,0.08690236286434702,0.09121290461218386,0.40838070382847674
Armenise,32.62962962857143,0.08668188252669665,0.09098148798156407,0.4073445994867507
Armenise,32.66681887260274,0.08645449385735907,0.09074282035133455,0.4062760307877425
Armenise,32.70400811663405,0.08622050764629598,0.09049722792729908,0.40517645822825676
Armenise,32.74119736066536,0.0859802332069386,0.09024503536549197,0.4040473353664316
Armenise,32.77838660469667,0.08573397776816824,0.08998656513399948,0.40289010596446917
Armenise,32.81557584872798,0.08548204588053643,0.08972213688972726,0.4017062011982833
Armenise,32.85276509275929,0.08522473883846284,0.089452066871938,0.4004970369422312
Armenise,32.88995433679061,0.08496235412007574,0.08917666731430693,0.3992640111367532
Armenise,32.92714358082192,0.08469518484628533,0.08889624587716383,0.3980085012463928
Armenise,32.96433282485323,0.08442351926059741,0.08861110510150454,0.39673186181528336
Armenise,33.00152206888454,0.08414764023108745,0.08832154188626178,0.3954354221267716
Armenise,33.03871131291585,0.08386782477586179,0.08802784699022823,0.39412048397341526
Armenise,33.07590055694716,0.08358434361323953,0.08773030455992657,0.39278831954315113
Armenise,33.11308980097847,0.08329746073778407,0.08742919168461115,0.39144016942693716
Armenise,33.15027904500978,0.08300743302321076,0.0871247779794791,0.390077240752695
Armenise,33.18746828904109,0.08271450985309177,0.08681732519805739,0.38870070544987945
Armenise,33.2246575330724,0.0824189327801671,0.08650708687461489,0.3873116986484768
Armenise,33.26184677710371,0.0821209352149598,0.0861943079973323,0.3859113172157131
Armenise,33.29903602113503,0.08182074214428253,0.08587922471284593,0.38450061843323025
Armenise,33.33622526516634,0.08151856988010482,0.08556206406265839,0.3830806188169371
Armenise,33.37341450919765,0.08121462583913842,0.08524304375179083,0.3816522930812136
Armenise,33.41060375322896,0.08090910835338302,0.0849223719499313,0.3802165732486073
Armenise,33.44779299726027,0.08060220651176027,0.0846002471252135,0.37877434790562325
Armenise,33.48498224129158,0.08029410003284886,0.08427685791063931,0.3773264616046677
Armenise,33.52217148532289,0.07998495916862702,0.08395238300304664,0.3758737144117045
Armenise,33.559360729354204,0.07967494463901117,0.08362699109440104,0.37441686159863186
Armenise,33.59654997338552,0.07936420759687877,0.08330084083508373,0.3729566134789151
Armenise,33.63373921741683,0.07905288962315538,0.0829740808287348,0.3714936353844981
Armenise,33.67092846144814,0.07874112275144295,0.08264684965810327,0.37002854778153993
Armenise,33.70811770547945,0.07842902952157214,0.08231927594125567,0.36856192652207326
Armenise,33.74530694951076,0.07811672306136283,0.08199147841739193,0.3670943032282217
Armenise,33.78249619354207,0.0778043071957908,0.08166356606142716,0.36562616580520774
Armenise,33.81968543757338,0.07749187658266994,0.0813356382264038,0.36415795907896453
Armenise,33.856874681604694,0.07717951687388076,0.08100778481271756,0.36269008555379806
Armenise,33.894063925636004,0.07686730490109954,0.080680086463059,0.3612229062851849
Armenise,33.931253169667315,0.0765553088849131,0.08035261478190095,0.35975674186246615
Armenise,33.968442413698625,0.0762435886661381,0.08002543257829163,0.3582918734958877
Armenise,34.00563165772994,0.07593219595810599,0.07969859413065357,0.3568285442021639
Armenise,34.04282090176125,0.07562117461862247,0.07937214547223277,0.3553669600824983
Armenise,34.08001014579256,0.07531056094025973,0.07904612469579006,0.35390729168675467
Armenise,34.117199389823874,0.07500038395760449,0.07872056227608933,0.3524496754573102
Armenise,34.154388633855184,0.07469066577004327,0.07839548140869361,0.35099421524592145
Armenise,34.191577877886495,0.07438142187864427,0.07807089836355699,0.3495409838968347
Armenise,34.228767121917805,0.07407266153566604,0.07774682285186969,0.34809002488923446
Armenise,34.265956365949116,0.07376438810521295,0.0774232584046028,0.3466413540320729
Armenise,34.30314560998043,0.07345659943354221,0.07710020276118335,0.34519496120425613
Armenise,34.34033485401174,0.07314928822752537,0.07677764826672817,0.3437508121331493
Armenise,34.377524098043054,0.07284244243976803,0.07645558227626656,0.34230885020437235
Armenise,34.414713342074364,0.07253604565889799,0.07613398756438737,0.3408689982958827
Armenise,34.451902586105675,0.07223007750354596,0.07581284273876215,0.33943116062941087
Armenise,34.489091830136985,0.07192451401856104,0.07549212265601363,0.3379952246323976
Armenise,34.526281074168296,0.07161932807202444,0.0751717988384222,0.3365610628036827
Armenise,34.563470318199606,0.07131448975165663,0.0748518398899958,0.33512853457634306
Armenise,34.600659562230916,0.07100996675924409,0.07453221191046087,0.3336974881712238
Armenise,34.63784880626223,0.0707057248017485,0.0742128789057716,0.33226776243488054
Armenise,34.67503805029354,0.07040172797780617,0.0738938031937804,0.330839188655857
Armenise,34.712227294324855,0.07009793915836862,0.07357494580375916,0.32941159235343215
Armenise,34.749416538356165,0.06979432036028518,0.07325626686851225,0.3279847950331979
Armenise,34.786605782387475,0.06949083311168236,0.07293772600787957,0.32655861590408897
Armenise,34.823795026418786,0.06918743880804978,0.07261928270248502,0.32513287355173853
Armenise,34.860984270450096,0.06888409905800026,0.07230089665664712,0.3237073875633109
Armenise,34.89817351448141,0.0685807760177359,0.0719825281494352,0.32228198009925946
Armenise,34.93536275851272,0.06827743271331052,0.07166413837291684,0.32085647740773576
Armenise,34.97255200254403,0.06797403334984839,0.07134568975671446,0.31943071127770334
Armenise,35.009741246575345,0.06767054360694272,0.0710271462780562,0.3180045204271046
Armenise,35.046930490606655,0.06736693091952607,0.07070847375657813,0.31657775182275705
Armenise,35.084119734637966,0.06706316474357399,0.07038964013320731,0.31515026192897544
Armenise,35.121308978669276,0.06675921680607118,0.07007061573252686,0.31372191788223913
Armenise,35.15849822270059,0.06645506133874052,0.06975137350809837,0.3122925985895559
Armenise,35.1956874667319,0.06615067529510225,0.06943188927028776,0.3108621957484893
Armenise,35.23287671076321,0.0658460385505024,0.06911214189621546,0.30943061478715334
Armenise,35.27006595479452,0.0655411340848169,0.06879211352152313,0.3079977757227949
Armenise,35.30725519882583,0.0652359481476044,0.06847178971371831,0.30656361393789683
Armenise,35.34444444285714,0.06493047040555083,0.06815115962693262,0.30512808087306514
Armenise,35.38163368688845,0.0646246940721095,0.06783021613799223,0.3036911446362474
Armenise,35.41882293091976,0.06431861601930917,0.06750895596377189,0.302252790528153
Armenise,35.45601217495108,0.06401223687176104,0.06718737975986483,0.3008130214840202
Armenise,35.49320141898239,0.06370556108295768,0.06686549220066633,0.29937185843216896
Armenise,35.5303906630137,0.06339859699401489,0.06654330204102923,0.2979293405700459
Armenise,35.56757990704501,0.06309135687506295,0.06622082215970836,0.2964855255587349
Armenise,35.60476915107632,0.06278385694954779,0.06589806958486696,0.29504048963715573
Armenise,35.64195839510763,0.062476117401752906,0.06557506550197192,0.29359432765741184
Armenise,35.67914763913894,0.06216816236790243,0.0652518352444553,0.2921471530429805
Armenise,35.71633688317026,0.061860019911250286,0.06492840826756803,0.2906990976716499
Armenise,35.75352612720157,0.06155172198160448,0.06460481810589645,0.2892503116853109
Armenise,35.79071537123288,0.06124330435977323,0.06428110231505284,0.2878009632288925
Armenise,35.82790461526419,0.060934806587461386,0.06395730239809459,0.28635123812092406
Armenise,35.8650938592955,0.06062627188317377,0.06363346371725614,0.2849013394583392
Armenise,35.90228310332681,0.06031774704471872,0.0633096353916165,0.28345148715831003
Armenise,35.93947234735812,0.06000928233892956,0.06298587018135068,0.28200191744001524
Armenise,35.97666159138943,0.059700931379249686,0.06266222435924272,0.2805528822493747
Armenise,36.01385083542074,0.05939275099184692,0.06233875757015905,0.27910464862988
Armenise,36.05104007945205,0.05908480107094438,0.06201553267920345,0.27765749804275025
Armenise,36.08822932348336,0.058777144424069824,0.06169261560929042,0.2762117256397114
Armenise,36.12541856751467,0.058469846607940475,0.0613700751688896,0.27476763949176913
Armenise,36.16260781154599,0.05816297575571064,0.06104798287070442,0.27332555977739253
Armenise,36.1997970555773,0.05785660239631726,0.06072641274205689,0.2718858179335641
Armenise,36.23698629960861,0.05755079926666504,0.06040544112775664,0.27044875577318
Armenise,36.27417554363992,0.05724564111739565,0.060085146486235926,0.26901472457230047
Armenise,36.31136478767123,0.05694120451298554,0.05976560917973181,0.2675840841307485
Armenise,36.34855403170254,0.056637567626915436,0.05944691125929569,0.2661572018095491
Armenise,36.38574327573385,0.05633481003265186,0.059129136245407,0.2647344515486871
Armenise,36.42293251976517,0.05603301249117206,0.05881236890495897,0.2633162128686225
Armenise,36.46012176379648,0.05573225673575951,0.05849669502537951,0.26190286985897887
Armenise,36.49731100782779,0.055432625254783,0.05818220118663568,0.2604948101577557
Armenise,36.5345002518591,0.05513420107316404,0.057868974531861406,0.2590924239243776
Armenise,36.57168949589041,0.054837067533221234,0.057557102537331296,0.25769610280981475
Armenise,36.60887873992172,0.05454130807556699,0.057246672782489315,0.2563062389269499
Armenise,36.64606798395303,0.05424700602071343,0.056937772720721945,0.25492322382427807
Armenise,36.68325722798434,0.0539542443520289,0.05663048945154882,0.25354744746595265
Armenise,36.72044647201565,0.05366310550066492,0.056324909494881635,0.2521792972210919
Armenise,36.75763571604696,0.05337367113305501,0.056021118567982434,0.2508191568651709
Armenise,36.79482496007827,0.053086021941564365,0.055719201365729096,0.24946740559622083
Armenise,36.83201420410958,0.052800237438847694,0.05541924134477286,0.24812441706845334
Armenise,36.8692034481409,0.052516395756450146,0.05512132051214943,0.24679055844582518
Armenise,36.90639269217221,0.05223457344816105,0.05482551921887867,0.24546618947793736
Armenise,36.94358193620352,0.051954845298607624,0.05453191595906412,0.24415166160055865
Armenise,36.98077118023483,0.05167728413754959,0.05424058717497624,0.24284731706293924
Armenise,37.01796042426614,0.05140196066031206,0.05395160706857841,0.2415534880839703
Armenise,37.05514966829745,0.051128943254766884,0.053665047419926164,0.24027049603911643
Armenise,37.09233891232876,0.050858297835247646,0.053380977412843984,0.23899865067993153
Armenise,37.12952815636008,0.05059008768375793,0.053099463468257245,0.2377382493878483
Armenise,37.16671740039139,0.050324373298805784,0.05282056908552846,0.23648957646380483
Armenise,37.2039066444227,0.05006121225217103,0.05254435469211999,0.23525290245515104
Armenise,37.24109588845401,0.04980065905388684,0.05227087750187841,0.23402848352115546
Armenise,37.27828513248532,0.049542765025690466,0.05200019138220815,0.23281656083831204
Armenise,37.31547437651663,0.049287578183171935,0.05173234673037444,0.23161736004652042
Armenise,37.35266362054794,0.04903514312682366,0.05146739035914886,0.23043109073709545
Armenise,37.389852864579254,0.04878550094216985,0.05120536539198485,0.22925794598344423
Armenise,37.427042108610564,0.04853868910912739,0.05094631116788278,0.22809810191512572
Armenise,37.464231352641875,0.048294741420726726,0.05069026315607916,0.2269517173358951
Armenise,37.501420596673185,0.04805368791129447,0.05043725288066699,0.22581893338621198
Armenise,37.538609840704495,0.047815554794178886,0.05018730785523228,0.22469987325059362
Armenise,37.57579908473581,0.04758036440907113,0.0499404515275623,0.2235946419100612
Armenise,37.61298832876712,0.04734813517895567,0.04969670323446068,0.22250332593983682
Armenise,37.650177572798434,0.04711888157669741,0.04945607816667716,0.22142599335232613
Armenise,37.687366816829744,0.04689261410125284,0.04921858734393875,0.22036269348532725
Armenise,37.724556060861055,0.046669339263468716,0.04898423760004405,0.21931345693529467
Armenise,37.761745304892365,0.04644905958141171,0.04875303157796118,0.21827829553539146
Armenise,37.798934548923675,0.04623177358515007,0.04852496773484665,0.21725720237796012
Armenise,37.83612379295499,0.04601747583088901,0.048300040356881895,0.21625015188094884
Armenise,37.8733130369863,0.04580615692434142,0.04807823958380321,0.21525709989773775
Armenise,37.910502281017614,0.04559780355319511,0.04785955144297945,0.21427798386971228
Armenise,37.947691525048924,0.0453923985285202,0.047643957892873325,0.21331272302084925
Armenise,37.984880769080235,0.045189920834941534,0.04743143687570242,0.2123612185934921
Armenise,38.022070013111545,0.04499034568938286,0.04722196237909728,0.21142335412440802
Armenise,38.059259257142855,0.044793644608173075,0.047015504506536236,0.2104989957601405
Armenise,38.096448501174166,0.044599785482288205,0.04681202955631952,0.2095879926105942
Armenise,38.133637745205476,0.044408732660486096,0.04661150010882766,0.20869017713971044
Armenise,38.17082698923679,0.04422044704007689,0.04641387512179435,0.2078053655920254
Armenise,38.2080162332681,0.04403488616505661,0.04621911003330765,0.20693335845382937
Armenise,38.24520547729941,0.043852004331317404,0.04602715687223889,0.20607394094758225
Armenise,38.282394721330725,0.0436717526986353,0.04583796437578528,0.2052268835581778
Armenise,38.319583965362035,0.04349407940912224,0.04565147811379739,0.20439194258958615
Armenise,38.356773209393346,0.0433189297118192,0.045467640619552344,0.20356886075035452
Armenise,38.393962453424656,0.04314624609309327,0.04528639152661891,0.20275736776638323
Armenise,38.43115169745597,0.0429759684124944,0.045107667711453005,0.20195718101935783
Armenise,38.46834094148728,0.0428080340437132,0.04493140344134728,0.2011680062091526
Armenise,38.50553018551859,0.04264237802027733,0.04475753052735441,0.2003895380385026
Armenise,38.5427194295499,0.04247893318561019,0.044585978481788975,0.19962146091817518
Armenise,38.579908673581215,0.042317630347072685,0.04441667467991005,0.19886344969085903
Armenise,38.617097917612526,0.042158398433599586,0.04424954452537663,0.19811517037194562
Armenise,38.654287161643836,0.04200116465653515,0.04408451161906109,0.19737628090534487
Armenise,38.69147640567515,0.04184585467327149,0.043921497930804285,0.1966464319324716
Armenise,38.72866564970646,0.04169239275328332,0.04376042397368607,0.19592526757249368
Armenise,38.76585489373777,0.041540701946154925,0.043601208980386684,0.19521242621194168
Armenise,38.80304413776908,0.04139070425118719,0.0434437710812067,0.19450754130174433
Armenise,38.84023338180039,0.04124232078817601,0.04328802748331637,0.19381024215976814
Armenise,38.8774226258317,0.041095471968947896,0.04313389465079979,0.1931201547769156
Armenise,38.91461186986301,0.04095007766924254,0.04298128848506317,0.19243690262485377
Armenise,38.95180111389432,0.0408060574005308,0.04283012450517542,0.19176010746343944
Armenise,38.98899035792563,0.040663330481359033,0.042680318027711425,0.19108939014591814
Armenise,39.02617960195695,0.040521816207814455,0.04253178434567296,0.19042437141999322
Armenise,39.06336884598826,0.04038143402270902,0.04238443890606438,0.18976467272287237
Armenise,39.10055809001957,0.04024210368308477,0.04223819748570659,0.18910991696842605
Armenise,39.13774733405088,0.04010374542564902,0.04209297636487821,0.18845972932461832
Armenise,39.17493657808219,0.039966280129754624,0.041948692498379965,0.18781373797940054
Armenise,39.2121258221135,0.039829629477548256,0.04180526368362669,0.187171574893297
Armenise,39.24931506614481,0.03969371611091788,0.04166260872537972,0.18653287653694908
Armenise,39.28650431017613,0.0395584637848808,0.041520647596743274,0.18589728461193225
Armenise,39.32369355420744,0.039423797517062584,0.04137930159605793,0.18526444675320333
Armenise,39.36088279823875,0.03928964373293091,0.04123849349933832,0.1846340172115985
Armenise,39.39807204227006,0.0391559304064573,0.04109814770791199,0.18400565751484574
Armenise,39.43526128630137,0.03902258719589575,0.040958190390932944,0.18337903710562994
Armenise,39.47245053033268,0.03888954557437931,0.040818549622456124,0.18275383395530626
Armenise,39.50963977436399,0.03875673895505006,0.04067915551277403,0.18212973515192363
Armenise,39.5468290183953,0.038624102810454426,0.04053994033373438,0.1815064374613003
Armenise,39.58401826242661,0.038491574785950944,0.04040083863777305,0.180883647859961
Armenise,39.62120750645792,0.038359094806893715,0.04026178737041414,0.180261084038825
Armenise,39.65839675048923,0.03822660517937414,0.04012272597600866,0.17963847487662216
Armenise,39.69558599452054,0.03809405068431792,0.03998359649649897,0.17901556088208342
Armenise,39.73277523855186,0.037961378664756205,0.03984434366301873,0.17839209460405442
Armenise,39.76996448258317,0.037828539106106285,0.039704914980155714,0.17776784100875923
Armenise,39.80715372661448,0.037695484709316496,0.03956526080272485,0.1771425778235302
Armenise,39.84434297064579,0.037562170956750504,0.039425334404920506,0.17651609584641875
Armenise,39.8815322146771,0.03742855617070564,0.03928509204173745,0.1758881992211904
Armenise,39.91872145870841,0.037294601564478544,0.03914449300256946,0.17525870567729812
Armenise,39.95591070273972,0.03716027128591303,0.03900349965691728,0.17462744673452701
Armenise,39.99309994677104,0.037025532453384774,0.03886207749215818,0.17399426787209712
Armenise,40.03028919080235,0.036890355184197796,0.038720195143351004,0.1733590286621074
Armenise,40.06747843483366,0.036754712615385425,0.03857782441506888,0.1727216028672856
Armenise,40.10466767886497,0.036618580916933534,0.03843494029527838,0.17208187850312845
Armenise,40.14185692289628,0.036481939297457175,0.038291520961297704,0.17143975786457774
Armenise,40.17904616692759,0.036344770002386714,0.038147547777892865,0.17079515751749658
Armenise,40.2162354109589,0.036207058304734314,0.038003005287586156,0.17014800825527815
Armenise,40.25342465499021,0.03606879248853432,0.037857881193275135,0.16949825502102703
Armenise,40.29061389902152,0.03592996382506456,0.03771216633327448,0.16884585679581599
Armenise,40.32780314305283,0.03579056654197853,0.03756585464891705,0.16819078645362848
Armenise,40.36499238708414,0.035650597785490644,0.037418943144863416,0.1675330305836558
Armenise,40.402181631115454,0.03551005757577656,0.03727143184229001,0.16687258928070955
Armenise,40.43937087514677,0.03536894875576404,0.03712332372513983,0.16620947590457416
Armenise,40.47656011917808,0.035227276933506205,0.03697462467963736,0.16554371680920146
Armenise,40.51374936320939,0.03508505041834199,0.03682534342728238,0.16487535104270903
Armenise,40.5509386072407,0.03494228015106309,0.036675491451553084,0.1642044300192134
Armenise,40.58812785127201,0.03479897962831732,0.03652508291855969,0.1635310171635784
Armenise,40.62531709530332,0.03465516482149174,0.036374134591903966,0.16285518753022235
Armenise,40.662506339334634,0.034510854090327864,0.03622266574200961,0.16217702739716935
Armenise,40.69969558336595,0.03436606809153102,0.03607069805019838,0.16149663383657695
Armenise,40.73688482739726,0.03422082968264587,0.03591825550779772,0.16081411426301798
Armenise,40.77407407142857,0.03407516382147493,0.03576536431057012,0.16012958596081714
Armenise,40.81126331545988,0.03392909746132633,0.03561205274876506,0.15944317559178883
Armenise,40.84845255949119,0.03378265944238064,0.0354583510930973,0.15875501868473624
Armenise,40.8856418035225,0.03363588037947165,0.03530429147696141,0.15806525910809938
Armenise,40.922831047553814,0.033488792546579785,0.03514990777519577,0.15737404852715406
Armenise,40.960020291585124,0.03334142975833932,0.03499523547971234,0.15668154584717853
Armenise,40.997209535616435,0.03319382724886108,0.03484031157230865,0.15598791664400408
Armenise,41.034398779647745,0.033046021548175104,0.03468517439498182,0.15529333258338165
Armenise,41.071588023679055,0.03289805035659532,0.0345298635180614,0.15459797083058308
Armenise,41.108777267710366,0.03274995241730835,0.03437441960647836,0.15390201345165694
Armenise,41.14596651174168,0.03260176738748627,0.034218884284484705,0.15320564680774817
Armenise,41.183155755772994,0.032453535708220974,0.0340632999991364,0.15250906094388014
Armenise,41.220344999804304,0.03230529847357291,0.03390770988284653,0.15181244897357432
Armenise,41.257534243835615,0.032157097299024766,0.03375215761531412,0.15111600646067447
Armenise,41.294723487866925,0.0320089741896242,0.03359668728512639,0.15041993079970897
Armenise,41.331912731898235,0.03186097140809532,0.03344134325132832,0.1497244205961063
Armenise,41.369101975929546,0.031713131343192376,0.03328617000524638,0.14902967504754905
Armenise,41.40629121996086,0.03156549637856277,0.03313121203284689,0.14833589332772118
Armenise,41.443480463992174,0.03141810876238022,0.03297651367790272,0.14764327397367452
Armenise,41.480669708023484,0.03127101047800062,0.03282211900623336,0.1469520142780012
Armenise,41.517858952054794,0.031124243115887476,0.03266807167127764,0.14626230968697213
Armenise,41.555048196086105,0.03097784774704471,0.03251441478124848,0.1455743532057593
Armenise,41.592237440117415,0.030831864798187666,0.032361190768112176,0.14488833481182614
Armenise,41.629426684148726,0.03068633392887479,0.03220844125862548,0.1442044408775319
Armenise,41.666615928180036,0.0305412939108153,0.032056206947656735,0.14352285360296158
Armenise,41.70380517221135,0.03039678250955915,0.03190452747400737,0.14284375045995099
Armenise,41.74099441624266,0.030252836368768656,0.031753441298943176,0.14216730364824376
Armenise,41.77818366027397,0.0301094908972626,0.03160298558763553,0.14149367956467715
Armenise,41.81537290430528,0.029966780159016874,0.03145319609370587,0.14082303828626166
Armenise,41.852562148336595,0.029824736766297228,0.0313041070470576,0.14015553306797912
Armenise,41.889751392367906,0.02968339177609321,0.031155751045172885,0.1394913098560942
Armenise,41.926940636399216,0.029542774590014694,0.031008158948043894,0.13883050681773765
Armenise,41.96412988043053,0.029402912857806277,0.030861359776901277,0.13817325388749108
Armenise,42.00131912446184,0.029263832384627927,0.030715380616895733,0.1375196723316704
Armenise,42.03850836849315,0.029125557042243806,0.030570246523881624,0.13686987433097508
Armenise,42.07569761252446,0.02898810868425605,0.030425980435446164,0.1362239625821458
Armenise,42.112886856555775,0.028851507065513746,0.0302826030863209,0.1355820299192426
Armenise,42.150076100587086,0.028715769765823046,0.03014013292830771,0.1349441589551355
Armenise,42.187265344618396,0.02858091211807826,0.029998586054845018,0.13431042174377064
Armenise,42.22445458864971,0.028446947140929765,0.02985797613033591,0.13368087946375615
Armenise,42.26164383268102,0.028313885476100326,0.029718314324355195,0.13305558212379245
Armenise,42.29883307671233,0.028181735330456217,0.02957960925084715,0.1324345682904469
Armenise,42.33602232074364,0.02805050242293628,0.02944186691242212,0.13181786483875702
Armenise,42.37321156477495,0.027920189936438067,0.02930509064985614,0.13120548672612906
Armenise,42.41040080880626,0.027790798474756566,0.02916928109689371,0.13059743678997976
Armenise,42.44759005283757,0.027662326024666718,0.02903443614044953,0.1299937055695507
Armenise,42.48477929686888,0.027534767923238782,0.028900550886302653,0.12939427115231306
Armenise,42.52196854090019,0.027408116830470643,0.028767617630371257,0.12879909904535855
Armenise,42.55915778493151,0.027282362707318278,0.028635625835653426,0.12820814207215794
Armenise,42.59634702896282,0.027157492799202092,0.028504562114915324,0.1276213402950522
Armenise,42.63353627299413,0.027033491625062418,0.028374410219203856,0.1270386209638211
Armenise,42.67072551702544,0.026910340972034274,0.02824515103225725,0.126459898490658
Armenise,42.70791476105675,0.0267880198958063,0.02811676257088183,0.12588507445185698
Armenise,42.74510400508806,0.026666504726725288,0.027989219991359324,0.12531403761649954
Armenise,42.78229324911937,0.026545769081701694,0.027862495601942917,0.12474666400240247
Armenise,42.81948249315069,0.0264257838819677,0.027736558881496152,0.12418281695956825
Armenise,42.856671737182,0.026306517376731967,0.027611376504321012,0.12362234728134602
Armenise,42.89386098121331,0.026187935172770013,0.027486912371216043,0.1230650933434858
Armenise,42.93105022524462,0.026070000269982737,0.027363127646798657,0.1225108812712388
Armenise,42.96823946927593,0.025952673102947306,0.02723998080311702,0.1219595251346177
Armenise,43.00542871330724,0.025835911588476944,0.027117427669568928,0.12141082717189468
Armenise,43.04261795733855,0.025719671179198357,0.02699542148913676,0.12086457804137793
Armenise,43.07980720136986,0.0256039049231452,0.026873912980936943,0.12032055710145972
Armenise,43.11699644540117,0.02548856352935685,0.026752850409072517,0.11977853271888485
Armenise,43.15418568943248,0.025373595439460973,0.026632179657766403,0.11923826260513913
Armenise,43.19137493346379,0.025258946905206626,0.026511844312740257,0.11869949418080089
Armenise,43.2285641774951,0.0251445620719038,0.026391785748792838,0.11816196496764902
Armenise,43.26575342152641,0.02503038306771078,0.026271943223516177,0.11762540300825138
Armenise,43.30294266555772,0.02491635009869952,0.026152253977076417,0.11708952731270598
Armenise,43.34013190958904,0.024802401549613842,0.026032653337969825,0.11655404833213462
Armenise,43.37732115362035,0.024688474090220507,0.025913074834649105,0.11601866845845885
Armenise,43.41451039765166,0.024574502787139192,0.025793450312900375,0.1154830825499232
Armenise,43.45169964168297,0.024460421221020826,0.025673710058833794,0.11494697848175192
Armenise,43.48888888571429,0.024346161608927254,0.02555378292733353,0.11441003772124832
Armenise,43.5260781297456,0.024231654931749776,0.025433596475796523,0.11387193592657338
Armenise,43.56326737377691,0.02411683106648527,0.025313077102969775,0.11333234356835152
Armenise,43.60045661780822,0.024001618923173217,0.025192150192679754,0.11279092657317949
Armenise,43.63764586183953,0.023885946586277965,0.025070740262227522,0.11224734698802476
Armenise,43.67483510587084,0.02376974146028338,0.024948771115205177,0.11170126366441913
Armenise,43.71202434990215,0.023652930419249606,0.02482616599847095,0.11115233296127158
Armenise,43.74921359393346,0.02353543996006294,0.0247028477630006,0.11060020946503617
Armenise,43.78640283796477,0.02341719635909381,0.024578739028315977,0.11004454672589566
Armenise,43.82359208199608,0.023298125831958772,0.024453762350171514,0.10948499800853177
Armenise,43.86078132602739,0.023178154696066527,0.024327840391162914,0.10892121705597867
Armenise,43.8979705700587,0.023057209535611124,0.024200896093904342,0.10835285886497614
Armenise,43.935159814090014,0.02293521736865888,0.024072852856403214,0.1077795804711621
Armenise,43.972349058121324,0.022812105815961447,0.02394363470924676,0.1072010417423766
Armenise,44.009538302152635,0.02268780327111063,0.02381316649419687,0.10661690617827133
Armenise,44.04672754618395,0.022562239071638963,0.02368137404377763,0.10602684171436322
Armenise,44.08391679021526,0.022435343670655965,0.023548184361425094,0.10543052152860571
Armenise,44.12110603424657,0.02230704880859776,0.023413525801756065,0.10482762484849252
Armenise,44.15829527827788,0.022177287684658407,0.023277328250502764,0.10421783775666572
Armenise,44.1954845223092,0.022045995127460256,0.023139523303648806,0.10360085399294784
Armenise,44.23267376634051,0.021913107764514408,0.023000044445295263,0.10297637575068821
Armenise,44.26986301037182,0.021778564190013006,0.02285882722377581,0.10234411446527013
Armenise,44.30705225440313,0.021642305130492846,0.022715809425537584,0.10170379159261463
Armenise,44.34424149843444,0.021504273607903877,0.022570931246298255,0.10105513937548918
Armenise,44.38143074246575,0.021364415099615362,0.022424135458988814,0.10039790159542536
Armenise,44.41861998649706,0.021222677694891338,0.022275367577990552,0.09973183430804478
Armenise,44.455809230528374,0.021079012247369355,0.022124576019177073,0.09905670655960318
Armenise,44.492998474559684,0.02093337252307866,0.02197171225527449,0.09837230108257303
Armenise,44.530187718590994,0.020785715343539596,0.021816730966058864,0.09767841496811124
Armenise,44.567376962622305,0.020636000723492955,0.021659590182917212,0.09697486031329133
Armenise,44.604566206653615,0.0204841920028158,0.021500251427306646,0.09626146484101619
Armenise,44.641755450684926,0.02033025597219202,0.02133867984265845,0.09553807249058227
Armenise,44.678944694716236,0.020174162992117117,0.02117484431928576,0.09480454397691943
Armenise,44.71613393874755,0.020015887104831643,0.021008717611869135,0.09406075731660024
Armenise,44.753323182778864,0.019855406138793438,0.02084027644911084,0.09330660831878693
Armenise,44.790512426810174,0.01969270180531649,0.0206695016351672,0.09254201103936684
Armenise,44.827701670841485,0.01952775978702357,0.020496378142488662,0.09176689819661825
Armenise,44.864890914872795,0.019360569817781545,0.0203208951957201,0.09098122154685098
Armenise,44.902080158904106,0.019191125753810025,0.020143046346336554,0.09018495221856743
Armenise,44.93926940293542,0.019019425635678957,0.019962829537716095,0.08937808100380826
Armenise,44.976458646966734,0.018845471740935996,0.019780247160377573,0.08856061860546442
Armenise,45.013647890998044,0.018669270627131584,0.019595306097139855,0.08773259583946517
Armenise,45.050837135029354,0.018490833165038113,0.019408017757988727,0.08689406379088499
Armenise,45.088026379060665,0.01831017456188805,0.01921839810446769,0.08604509392314667
Armenise,45.125215623091975,0.01812731437448752,0.019026467663441977,0.085185778139646
Armenise,45.162404867123286,0.017942276512091532,0.018832251530116424,0.08431622879726337
Armenise,45.199594111154596,0.017755089228960536,0.018635779360222798,0.0834365786713847
Armenise,45.236783355185906,0.017565785106549145,0.018437085351325058,0.0825469808722009
Armenise,45.27397259921722,0.017374401025311983,0.01823620821322669,0.08164760871221484
Armenise,45.31116184324853,0.017180978126144397,0.018033191127498828,0.08073865552503966
Armenise,45.34835108727984,0.0169855617615098,0.017828081696183374,0.07982033443573104
Armenise,45.38554033131115,0.01678820143633863,0.017620931879760455,0.0788928780830536
Armenise,45.42272957534246,0.016588950738817738,0.017411797924504785,0.07795653829423894
Armenise,45.459918819373776,0.016387867261222256,0.017200740279390656,0.07701158571295062
Armenise,45.497108063405086,0.01618501251097508,0.01698782350273975,0.07605830938132536
Armenise,45.5342973074364,0.01598045181215082,0.01677311615883951,0.07509701627711024
Armenise,45.57148655146771,0.015774254197673806,0.01655669070479391,0.07412803080706817
Armenise,45.60867579549902,0.015566492292489683,0.01633862336790013,0.07315169425796558
Armenise,45.645865039530335,0.015357242188020499,0.016118994013876342,0.07216836420659863
Armenise,45.683054283561646,0.015146583308242038,0.015897886006296203,0.07117841389044974
Armenise,45.720243527592956,0.014934598267749259,0.015675386057614017,0.07018223154069379
Armenise,45.757432771624266,0.014721372722202794,0.015451584072193093,0.06918021967940065
Armenise,45.79462201565558,0.01450699521157334,0.015226572981774697,0.06817279438289274
Armenise,45.83181125968689,0.014291556996625066,0.015000448573850708,0.06716038451333069
Armenise,45.8690005037182,0.01407515188909933,0.014773309313424078,0.0661434309206949
Armenise,45.90618974774951,0.013857876076081514,0.014545256158663894,0.06512238561743165
Armenise,45.94337899178082,0.013639827939050175,0.01431639237097897,0.06409771092810994
Armenise,45.98056823581213,0.013421107868125047,0.014086823320052181,0.06306987861651624
Armenise,46.01775747984344,0.013201818072043759,0.013856656284391589,0.06203936899267698
Armenise,46.05494672387475,0.01298206238440947,0.013626000247967581,0.061006670002357356
Armenise,46.09213596790606,0.012761946066761664,0.013394965693515533,0.05997227630163068
Armenise,46.12932521193737,0.012541575609030279,0.01316366439309206,0.058936688319151685
Armenise,46.16651445596869,0.012321058527938756,0.012932209196478408,0.05790041130879086
Armenise,46.2037037,0.012100503163925958,0.012700713818029287,0.05686395439530865
Imbert,25.64102564,0.009983189732309987,0.010130532712358338,0.04535667509789713
Imbert,25.684108270841485,0.010365293687432869,0.01051827618119835,0.047092689879829945
Imbert,25.727190901682974,0.010756816169402677,0.010915577185944566,0.0488714959011914
Imbert,25.77027353252446,0.011157735003988924,0.011322413225094629,0.05069299241769088
Imbert,25.81335616336595,0.011568015490424823,0.011738749085729368,0.05255702177316366
Imbert,25.856438794207435,0.011987610283731936,0.012164536724100674,0.05446336886493594
Imbert,25.899521425048924,0.012416459321215314,0.012599715191041768,0.05641176080986982
Imbert,25.94260405589041,0.012854489794820831,0.01304421060391656,0.05840186681877429
Imbert,25.985686686731896,0.013301616170843555,0.013497936166618887,0.060433298285946284
Imbert,26.028769317573385,0.013757740258252382,0.013960792238905569,0.06250560909959041
Imbert,26.07185194841487,0.014222751326659703,0.014432666456107192,0.06461829617779108
Imbert,26.11493457925636,0.014696526274710454,0.014913433900002444,0.0667708002335553
Imbert,26.158017210097846,0.015178929849396075,0.015402957321368944,0.0689625067712229
Imbert,26.201099840939335,0.01566981491652083,0.015901087414441396,0.07119274731527746
Imbert,26.24418247178082,0.016169022782252,0.0164076631432076,0.07346080087124691
Imbert,26.287265102622307,0.016676383565388007,0.016922512119170893,0.0757658956170311
Imbert,26.330347733463796,0.01719171661966728,0.017445451029891937,0.07810721082157981
Imbert,26.373430364305282,0.0177148310051258,0.017976286117303078,0.08048387898641375
Imbert,26.41651299514677,0.0182455260071954,0.018514813704468065,0.08289498820404645
Imbert,26.459595625988257,0.018783591701911045,0.019060820769131296,0.08533958472589329
Imbert,26.502678256829743,0.019328809565281404,0.019614085562082145,0.08781667573082773
Imbert,26.545760887671232,0.019880953124556778,0.020174378268035042,0.09032523228409027
Imbert,26.588843518512718,0.02043978864882155,0.020741461706414433,0.09286419247486041
Imbert,26.631926149354207,0.02100507587603496,0.021315092069126046,0.0954324647194246
Imbert,26.675008780195693,0.021576568773350437,0.021895019692097832,0.09802893121553878
Imbert,26.718091411037182,0.02215401632726757,0.022480989857093906,0.1006524515323298
Imbert,26.761174041878668,0.022737163359903067,0.023072743620032924,0.10330186631886325
Imbert,26.804256672720154,0.023325751367422657,0.023670018661794485,0.10597600111339525
Imbert,26.847339303561643,0.023919519376445937,0.024272550157263758,0.10867367023428079
Imbert,26.89042193440313,0.02451820481403178,0.0248800716581571,0.11139368073258274
Imbert,26.93350456524462,0.02512154438666822,0.02549231598498504,0.11413483638559095
Imbert,26.976587196086104,0.025729274963533708,0.0261090161233497,0.11689594170974744
Imbert,27.01966982692759,0.02634113445916742,0.026729906119642516,0.11967580597088677
Imbert,27.06275245776908,0.02695686271058373,0.02735472197110413,0.12247324716923448
Imbert,27.105835088610565,0.027576202343793568,0.02798320250513486,0.125287095976278
Imbert,27.148917719452054,0.028198899624659022,0.028615090242707128,0.12811619960045834
Imbert,27.19200035029354,0.028824705288993235,0.029250132240716913,0.13095942555856732
Imbert,27.23508298113503,0.02945337534684826,0.029888080908142156,0.1338156653298722
Imbert,27.278165611976515,0.030084671855984083,0.03052869479092752,0.13668383787022167
Imbert,27.321248242818,0.030718363659612034,0.031171739320616218,0.1395628929638388
Imbert,27.36433087365949,0.03135422708362091,0.031816987521866576,0.14245181439103213
Imbert,27.407413504500976,0.03199204658865833,0.032464220674157544,0.14534962289080008
Imbert,27.450496135342465,0.03263161537262786,0.03311322892317811,0.14825537889815898
Imbert,27.49357876618395,0.03327273591938413,0.033763811837620686,0.15116818503703236
Imbert,27.53666139702544,0.033915220489662896,0.03441577890735687,0.154087188350696
Imbert,27.579744027866926,0.034558891550563284,0.035068949979258454,0.15701158225304673
Imbert,27.622826658708412,0.03520358214021413,0.0357231556272459,0.15994060818539263
Imbert,27.6659092895499,0.03584913616458788,0.03637823745348298,0.16287355696496925
Imbert,27.708991920391387,0.03649540862379433,0.03703404831801037,0.16580976981306095
Imbert,27.752074551232877,0.037142265765565376,0.03769045249449575,0.16874863905232915
Imbert,27.795157182074362,0.03778958516404761,0.038347325750189246,0.17168960846479075
Imbert,27.83823981291585,0.03843725572244397,0.039004555348604135,0.17463217330382044
Imbert,27.881322443757337,0.039085177598479175,0.03966203997388216,0.1775758799555169
Imbert,27.924405074598823,0.03973326205211637,0.040319689576262634,0.18052032524683354
Imbert,27.967487705440313,0.04038143121540833,0.040977425138536853,0.183465155399942
Imbert,28.0105703362818,0.04102961778483478,0.04163517836384459,0.18641006463442703
Imbert,28.053652967123288,0.04167776463694448,0.04229289128564339,0.1893547934210312
Imbert,28.096735597964773,0.042325824368590136,0.04295051580115777,0.19229912639280183
Imbert,28.139818228806263,0.04297375876351393,0.04360801313009202,0.19524288992162656
Imbert,28.18290085964775,0.043621538187498685,0.04426535320085433,0.19818594937022033
Imbert,28.225983490489234,0.04426914091475675,0.04492251396700379,0.20112820603170514
Imbert,28.269066121330724,0.044916552388667035,0.04557948065707657,0.20406959377091274
Imbert,28.31214875217221,0.04556376442039977,0.04623624496138307,0.2070100753834924
Imbert,28.3552313830137,0.04621077432937735,0.04689280415978275,0.2099496386907627
Imbert,28.398314013855185,0.04685758402991011,0.047549160194839464,0.21288829239001925
Imbert,28.44139664469667,0.047504199068712984,0.0482053186951327,0.21582606168167925
Imbert,28.48447927553816,0.048150627618352586,0.04886128795384888,0.21876298369620498
Imbert,28.527561906379646,0.04879687943198983,0.049517077868096865,0.22169910274518037
Imbert,28.570644537221135,0.049442964765070534,0.050172698844683734,0.22463446542222307
Imbert,28.61372716806262,0.05008889326987119,0.050828160678344954,0.22756911558056828
Imbert,28.656809798904106,0.05073467286903163,0.05148347140865146,0.23050308921518467
Imbert,28.699892429745596,0.05138030861439642,0.05213863616200855,0.23343640927814246
Imbert,28.74297506058708,0.05202580153763927,0.052793655985316504,0.23636908045665
Imbert,28.78605769142857,0.05267114749926568,0.05344852667798558,0.23930108394372146
Imbert,28.829140322270057,0.05331633604266714,0.05410323762907706,0.24223237223179594
Imbert,28.872222953111546,0.05396134925994837,0.05475777066639107,0.2451628639598445
Imbert,28.91530558395303,0.0546061606762505,0.05541209892432346,0.2480924388445105
Imbert,28.958388214794518,0.05525073415926834,0.0560661857372884,0.2510209327257137
Imbert,29.001470845636007,0.05589502286058348,0.05671998356542661,0.25394813275680383
Imbert,29.044553476477493,0.05653896819533539,0.057373432959217235,0.25687377276889556
Imbert,29.087636107318982,0.05718249886660631,0.05802646156946358,0.259797528838351
Imbert,29.130718738160468,0.05782552994072007,0.05867898320894414,0.2627190150855808
Imbert,29.173801369001957,0.05846796197944024,0.05933089697180276,0.26563777973235553
Imbert,29.216883999843443,0.05910968023480711,0.05998208641650214,0.2685533014437043
Imbert,29.25996663068493,0.05975055391207603,0.06063241881788384,0.27146498597921953
Imbert,29.303049261526418,0.06039043550590869,0.061281744493562225,0.2743721631771708
Imbert,29.346131892367904,0.061029160214631686,0.06192989620953814,0.2772740842933033
Imbert,29.389214523209393,0.061666545437014005,0.0625766886695492,0.28016991971454464
Imbert,29.43229715405088,0.06230239035561962,0.06322191809227305,0.2830587570660482
Imbert,29.475379784892368,0.06293647561038643,0.06386536188008864,0.285939599728163
Imbert,29.518462415733854,0.063568563065641,0.0645067783826523,0.2888113657779108
Imbert,29.56154504657534,0.06419839567331254,0.06514590675809288,0.2916728873675249
Imbert,29.60462767741683,0.06482569743463616,0.06578246693414981,0.29452291055045704
Imbert,29.647710308258315,0.06545017346215697,0.06641615967109225,0.29736009556308063
Imbert,29.690792939099804,0.06607151014334949,0.06704666672775343,0.3001830175680632
Imbert,29.73387556994129,0.06668937540666663,0.06767365113150631,0.302990167863109
Imbert,29.77695820078278,0.06730341909032,0.06829675755248667,0.30577995555643955
Imbert,29.820040831624265,0.06791327341358365,0.06891561278185293,0.3085507097080705
Imbert,29.86312346246575,0.06851855354989517,0.0695298263133457,0.31130068193358484
Imbert,29.90620609330724,0.0691188583005155,0.07013899102689025,0.3140280494647748
Imbert,29.949288724148726,0.06971377086699877,0.0707426839724672,0.3167309186592075
Imbert,29.992371354990212,0.07030285972021806,0.07134046725196447,0.3194073289484746
Imbert,30.0354539858317,0.07088567956319596,0.07193188899621823,0.32205525721262457
Imbert,30.07853661667319,0.07146177238450518,0.07251648443396091,0.32467262256608337
Imbert,30.121619247514676,0.07203066859853019,0.0730937770489119,0.3272572915382101
Imbert,30.164701878356162,0.07259188826842221,0.07366327982078244,0.3298070836295552
Imbert,30.20778450919765,0.07314494240714298,0.07422449654552153,0.3323197772228984
Imbert,30.250867140039137,0.07368933435156867,0.07477692322970043,0.3347931158262223
Imbert,30.293949770880623,0.07422456120422943,0.07532004955353098,0.3372248146229742
Imbert,30.337032401722112,0.07475011533688106,0.07585336039662867,0.3396125673032512
Imbert,30.3801150325636,0.07526548594975814,0.07637633742027894,0.34195405314796234
Imbert,30.423197663405087,0.07577016068003548,0.07688846069963809,0.3442469443365596
Imbert,30.466280294246573,0.07626362725272742,0.0773892103989984,0.34648891344757665
Imbert,30.509362925088062,0.07674537516699524,0.07787806848298387,0.3486776411200376
Imbert,30.55244555592955,0.07721489741059905,0.07835452045630599,0.350810823842735
Imbert,30.595528186771034,0.07767169219503435,0.0788180571245093,0.352886181837484
Imbert,30.638610817612523,0.07811526470372987,0.0792681763679711,0.3549014670017185
Imbert,30.68169344845401,0.07854512884555313,0.07970438492128712,0.3568544708752011
Imbert,30.7247760792955,0.07896080900578588,0.08012620015008994,0.3587430325952393
Imbert,30.767858710136984,0.07936184178667151,0.08053315181728517,0.36056504680452217
Imbert,30.810941340978474,0.07974777772962532,0.08092478383068014,0.36231847147564744
Imbert,30.85402397181996,0.0801181830112226,0.08130065596400313,0.3640013356165121
Imbert,30.897106602661445,0.08047264110514224,0.08166034554337588,0.36561174682102926
Imbert,30.940189233502934,0.08081075440234416,0.08200344909140339,0.3671478986300882
Imbert,30.98327186434442,0.08113214578190343,0.08232958392119209,0.3686080776683325
Imbert,31.02635449518591,0.08143646012510312,0.08263838967278939,0.36999067052314594
Imbert,31.069437126027395,0.08172336576560753,0.08292952978476013,0.37129417033323125
Imbert,31.112519756868885,0.0819925558687966,0.08320269289387887,0.3725171830553476
Imbert,31.15560238771037,0.08224374973363392,0.08345759415621212,0.3736584333790931
Imbert,31.198685018551856,0.08247669401077709,0.08369397648320707,0.3747167702611522
Imbert,31.241767649393346,0.08269116383099857,0.08391161168676688,0.3756911720520555
Imbert,31.28485028023483,0.08288696383839318,0.08411030152770733,0.37658075119035644
Imbert,31.32793291107632,0.0830639291232716,0.08428987866241915,0.377384758441051
Imbert,31.371015541917807,0.0832219260501077,0.08445020748303496,0.37810258665719504
Imbert,31.414098172759296,0.08336085297639101,0.08459118484689147,0.37873377404586983
Imbert,31.45718080360078,0.08348064085875528,0.08471274069160391,0.37927800692200936
Imbert,31.500263434442267,0.08358125374328829,0.08481483853261233,0.379735121936027
Imbert,31.543346065283757,0.08366268913748717,0.08489747584062678,0.38010510776372225
Imbert,31.586428696125243,0.08372497826189644,0.08496068429697916,0.3803881062495489
Imbert,31.629511326966732,0.08376818618005968,0.08500452992549296,0.380584412997025
Imbert,31.672593957808218,0.0837924118060076,0.0850291131000818,0.3806944774027537
Imbert,31.715676588649707,0.08379778778912005,0.08503456842791207,0.38071890213331583
Imbert,31.758759219491193,0.08378448027680248,0.08502106450857685,0.3806584420470374
Imbert,31.80184185033268,0.08375268855603644,0.08498880357035588,0.3805140025654436
Imbert,31.844924481174168,0.08370264457546153,0.08493802098524382,0.3802866375019313
Imbert,31.888007112015654,0.08363461235025323,0.0848689846650448,0.37997754635794817
Imbert,31.93108974285714,0.08354888725264534,0.08478199434142347,0.37958807109961945
Imbert,31.97417237369863,0.08344579519151844,0.0846773807333849,0.37911969243036786
Imbert,32.01725500454012,0.08332569168503438,0.08455550460622208,0.37857402557760983
Imbert,32.0603376353816,0.08318896083082113,0.0844167557265015,0.377952815613991
Imbert,32.10342026622309,0.08303601417872566,0.08426155171817896,0.3772579323359588
Imbert,32.14650289706458,0.0828672895116236,0.08409033682541506,0.3764913647246089
Imbert,32.18958552790606,0.0826832495402148,0.08390358058810703,0.3756552150157439
Imbert,32.23266815874755,0.08248438051814899,0.08370177643657496,0.3747516924079663
Imbert,32.27575078958904,0.0822711907841822,0.08348544021220174,0.37378310643925095
Imbert,32.31883342043053,0.08204420923839938,0.083255108621166,0.3727518600639596
Imbert,32.36191605127201,0.08180398375981476,0.0830113376286878,0.3716604424635172
Imbert,32.4049986821135,0.08155107957289676,0.08275470080144477,0.3705114216250358
Imbert,32.44808131295499,0.08128607757075772,0.08248578760601372,0.3693074367230548
Imbert,32.49116394379648,0.08100957260287582,0.08220520167132078,0.36805119034013933
Imbert,32.53424657463796,0.08072217173531682,0.08191355902318562,0.36674544056253683
Imbert,32.57732920547945,0.08042449249144905,0.08161148629907095,0.36539299298720923
Imbert,32.62041183632094,0.08011716108113852,0.08129961895114209,0.363996692676526
Imbert,32.66349446716242,0.07980081062634144,0.08097859944567089,0.36255941609659037
Imbert,32.70657709800391,0.07947607939089799,0.08064907546670277,0.361084063074652
Imbert,32.7496597288454,0.0791436090221668,0.08031169813173934,0.35957354881031695
Imbert,32.79274235968688,0.07880404281192505,0.07996712022697085,0.3580307959742856
Imbert,32.83582499052837,0.07845802398370305,0.0796159944693335,0.35645872692719277
Imbert,32.87890762136986,0.07810619401342095,0.07925897180236008,0.3548602560897467
Imbert,32.92199025221135,0.07774919098984895,0.07889669973244219,0.3532382824938011
Imbert,32.965072883052834,0.07738764802103647,0.07852982071173961,0.3515956825422762
Imbert,33.00815551389432,0.0770221916924353,0.07815897057354676,0.34993530300394216
Imbert,33.05123814473581,0.07665344058200317,0.07778477702548056,0.3482599542670822
Imbert,33.0943207755773,0.07628200383709009,0.07740785820536282,0.34657240387385285
Imbert,33.137403406418784,0.07590847981742663,0.07702882130418026,0.34487537035496607
Imbert,33.18048603726027,0.07553345480800688,0.07664826125997082,0.34317151738192425
Imbert,33.22356866810176,0.07515750180514105,0.07626675952595936,0.3414634482516866
Imbert,33.266651298943245,0.07478117937840444,0.07588488291571013,0.3397537007161566
Imbert,33.309733929784734,0.07440503061067683,0.07550318252752207,0.3380447421664579
Imbert,33.35281656062622,0.07402958211791709,0.07512219274973608,0.336338965179471
Imbert,33.395899191467706,0.07365534314978343,0.07474243034808131,0.334638683431677
Imbert,33.438981822309195,0.07328280477167937,0.07436439363564884,0.3329461279829434
Imbert,33.482064453150684,0.07291243912829354,0.07398856172556195,0.33126344393056
Imbert,33.525147083992174,0.07254469878820188,0.07361539386590531,0.329592687431568
Imbert,33.568229714833656,0.07218001616862957,0.0732453288559968,0.3279358230892769
Imbert,33.611312345675145,0.07181880303901889,0.07287878454262857,0.32629472169782253
Imbert,33.654394976516635,0.07146145010163485,0.07251615739448274,0.3246711583367307
Imbert,33.697477607358124,0.07110832664704912,0.07215782215253057,0.323066810805675
Imbert,33.740560238199606,0.07075978028199892,0.07180413155387481,0.32148325838805736
Imbert,33.783642869041095,0.07041613672680053,0.07145541612617325,0.3199219809305956
Imbert,33.826725499882585,0.07007769967923064,0.07111198404951097,0.31838435822489475
Imbert,33.86980813072407,0.06974475074155154,0.07077412108234861,0.3168716696759007
Imbert,33.912890761565556,0.06941754940717833,0.07044209054799272,0.3153850942413246
Imbert,33.955973392407046,0.06909633310333559,0.07011613337788204,0.3139257106254458
Imbert,33.99905602324853,0.06878131728595381,0.06979646820788452,0.31249449771025484
Imbert,34.04213865409002,0.06847269558300038,0.0694832915237437,0.3110923352066499
Imbert,34.08522128493151,0.06817063998242545,0.06917677785179856,0.30972000450833237
Imbert,34.12830391577299,0.06787530106093047,0.06887707999112841,0.30837818973117187
Imbert,34.17138654661448,0.06758680824983444,0.06858432928334313,0.3070674789211176
Imbert,34.21446917745597,0.06730527013442085,0.06829863591634817,0.30578836541422305
Imbert,34.25755180829746,0.06703077478328404,0.06802008925855182,0.30454124933296683
Imbert,34.300634439138946,0.06676339010437084,0.06774875822016167,0.30332643920385843
Imbert,34.34371706998043,0.06650316422461268,0.06748469163841973,0.30214415368222236
Imbert,34.38679970082192,0.06625012589027147,0.06722791868385714,0.3009945233710922
Imbert,34.42988233166341,0.0660042848853723,0.06697844928490243,0.2998775927222772
Imbert,34.47296496250489,0.06576563246586307,0.06673627456844913,0.2987933220088824
Imbert,34.51604759334638,0.06553414180742294,0.06650136731427331,0.2977415893598388
Imbert,34.55913022418787,0.0653097684651317,0.06627368242148739,0.29672219284832146
Imbert,34.60221285502935,0.06509245084350958,0.0660531573855172,0.2957348526272835
Imbert,34.64529548587084,0.06488211067573463,0.06583971278439231,0.29477921310668737
Imbert,34.68837811671233,0.06467865351113847,0.06563325277343665,0.2938548451683458
Imbert,34.73146074755381,0.06448196921036901,0.06543366558773953,0.29296124841559806
Imbert,34.7745433783953,0.06429193244788625,0.06524082405206764,0.2920978534563005
Imbert,34.81762600923679,0.06410840322171678,0.06505458609814334,0.2912640242187978
Imbert,34.86070864007828,0.06393122737063568,0.06487479528945941,0.2904590603016371
Imbert,34.90379127091976,0.06376023709916658,0.06470128135402788,0.28968219935880385
Imbert,34.94687390176125,0.0635952515109846,0.06453386072565538,0.28893261952313404
Imbert,34.98995653260274,0.0634360771514778,0.06437233709451237,0.28820944187133607
Imbert,35.03303916344423,0.06328250856035927,0.0642165019679013,0.28751173293467613
Imbert,35.07612179428571,0.06313432883533078,0.06406613524223935,0.2868385072598739
Imbert,35.1192044251272,0.06299131020787127,0.06392100578734518,0.2861887300250855
Imbert,35.16228705596869,0.06285321463226694,0.06378087204416248,0.28556131971604654
Imbert,35.20536968681017,0.06271979438900063,0.06364548263705488,0.2849551508674543
Imbert,35.24845231765166,0.0625907927035915,0.06351457700177911,0.2843690568745447
Imbert,35.29153494849315,0.06246594438191367,0.06338788603018045,0.28380183287953925
Imbert,35.33461757933463,0.06234497646292189,0.06326513273255194,0.283252238737176
Imbert,35.37770021017612,0.0622276088895846,0.06314603291846992,0.2827190020629636
Imbert,35.42078284101761,0.06211355519866553,0.06303029589675617,0.28220082136706937
Imbert,35.463865471859094,0.062002523229803305,0.06291762519502285,0.2816963692758841
Imbert,35.50694810270058,0.061894215854125995,0.06280771929904076,0.2812042958423398
Imbert,35.55003073354207,0.061788331722395534,0.06270027241192576,0.2807232319449585
Imbert,35.59311336438356,0.06168456603242183,0.06259497523287919,0.28025179277444834
Imbert,35.63619599522505,0.06158261131520463,0.062491515754932433,0.2797885814053853
Imbert,35.679278626066534,0.06148215823897598,0.06238958008085646,0.27933219244922425
Imbert,35.72236125690802,0.06138289643001087,0.06228885325608678,0.27888121578349095
Imbert,35.76544388774951,0.061284515308772866,0.062189020117209885,0.2784342403506474
Imbert,35.808526518590995,0.06118670493964701,0.06208976615423746,0.277989858018687
Imbert,35.851609149432484,0.06108915689220928,0.061990778384587414,0.2775466674941447
Imbert,35.89469178027397,0.06099156511168121,0.06189174623638561,0.2771032782768377
Imbert,35.937774411115456,0.06089362679592313,0.06179236243840275,0.27665831464431273
Imbert,35.980857041956945,0.06079504327604614,0.061692323913663395,0.27621041965273535
Imbert,36.023939672798434,0.06069552089745951,0.06159133267349689,0.2757582591397568
Imbert,36.06702230363992,0.06059477189793171,0.06148909670855769,0.27530052571381264
Imbert,36.110104934481406,0.060492515279026715,0.0613853308731234,0.2748359427133241
Imbert,36.153187565322895,0.0603884776670896,0.061279757758787655,0.2743632681184177
Imbert,36.196270196164384,0.06028239415979583,0.06117210855350379,0.2738812983970574
Imbert,36.239352827005874,0.060174009154152316,0.06106212388180641,0.27338887226690517
Imbert,36.282435457847356,0.060063077151747,0.06094955462194577,0.27288487435381603
Imbert,36.325518088688845,0.059949363536985455,0.060834162695610434,0.27236823872760385
Imbert,36.368600719530335,0.05983264532403721,0.060715721825897885,0.27183795229564645
Imbert,36.41168335037182,0.059712711868231814,0.060594018259210125,0.27129305803497467
Imbert,36.454765981213306,0.05958936553770344,0.06046885144681119,0.27073265804375873
Imbert,36.497848612054796,0.05946242234118101,0.06034003468188286,0.2701559163935503
Imbert,36.54093124289628,0.05933171250795587,0.0602073956880522,0.26956206176425224
Imbert,36.58401387373777,0.059197081016233055,0.06007077715554075,0.26895038984457975
Imbert,36.62709650457926,0.05905838806628259,0.05993003722129916,0.26832026548173077
Imbert,36.67017913542074,0.05891550949505428,0.0597850498897413,0.26767112456510767
Imbert,36.71326176626223,0.05876833712919588,0.0596357053909727,0.2670024756301862
Imbert,36.75634439710372,0.05861677907373004,0.05948191047372806,0.2663139011700629
Imbert,36.79942702794521,0.058460759933978854,0.05932358863057126,0.26560505864372635
Imbert,36.84250965878669,0.05830022096869547,0.059160680253287,0.26487568117178023
Imbert,36.88559228962818,0.058135120172747815,0.05899314271678492,0.264125577912101
Imbert,36.92867492046967,0.057965432288107736,0.05882095039025088,0.2633546341097649
Imbert,36.97175755131116,0.05779114874232416,0.05864409457471207,0.2625628108175128
Imbert,37.01484018215264,0.0576122775140951,0.058462583366624986,0.26175014428500265
Imbert,37.05792281299413,0.05742884292599881,0.05827644144754744,0.2609167450171241
Imbert,37.10100544383562,0.057240885364898623,0.058085709800416864,0.2600627965037123
Imbert,37.1440880746771,0.05704846093098266,0.05789044535341014,0.2591885536250283
Imbert,37.18717070551859,0.05685164101685675,0.05769072055282431,0.2582943407394499
Imbert,37.23025333636008,0.05665051181854721,0.057486622866862194,0.2573805494618083
Imbert,37.27333596720156,0.056445173780707576,0.05727825422265087,0.2564476361427927
Imbert,37.31641859804305,0.05623574097874267,0.05706573037924642,0.25549611906175185
Imbert,37.35950122888454,0.0560223404409685,0.056849180239789555,0.2545265753470598
Imbert,37.40258385972602,0.05580511141430855,0.056628745106364196,0.25353963763995
Imbert,37.44566649056751,0.05558420457738917,0.056404577881478894,0.25253599051936804
Imbert,37.488749121409,0.05535978120523151,0.05617684222043032,0.251516366706912
Imbert,37.53183175225049,0.05513201229004257,0.055945711639118004,0.25048154307231857
Imbert,37.57491438309198,0.05490107762288492,0.05571136858216031,0.249432336461208
Imbert,37.61799701393346,0.05466716484124517,0.05547400345640587,0.2483695993678978
Imbert,37.66107964477495,0.05443046844773284,0.05523381363514931,0.24729421547705205
Imbert,37.70416227561644,0.05419118880530975,0.05499100243853113,0.24620709509870245
Imbert,37.74724490645792,0.05394953111458715,0.05474577809574066,0.24510917052179698
Imbert,37.79032753729941,0.053705704378826255,0.05449835269474092,0.2440013913118822
Imbert,37.8334101681409,0.05345992036233571,0.05424894112529295,0.2428847195787849
Imbert,37.87649279898238,0.05321239254798026,0.053997760021078256,0.2417601252402563
Imbert,37.91957542982387,0.05296333509949926,0.053745026706702045,0.24062858130746861
Imbert,37.96265806066536,0.05271296183427892,0.05349095815530452,0.239491059218006
Imbert,38.005740691506844,0.052461485212128324,0.05323576996241213,0.23834852424156597
Imbert,38.04882332234833,0.05220911534548465,0.05297967534153431,0.2372019309830195
Imbert,38.09190595318982,0.05195605903630938,0.052722884146845124,0.23605221900673717
Imbert,38.13498858403131,0.051702518844743243,0.05246560192809238,0.23490030860520433
Imbert,38.1780712148728,0.05144869219436158,0.05220802902264738,0.23374709673392352
Imbert,38.221153845714284,0.05119477051861418,0.05195035968934696,0.23259345313343036
Imbert,38.26423647655577,0.05094093845275686,0.05169278128849871,0.2314402166579923
Imbert,38.30731910739726,0.05068737307526781,0.05143547351210128,0.23028819182913177
Imbert,38.350401738238745,0.050434243202418655,0.051178607668003966,0.2291381456306474
Imbert,38.393484369080234,0.050181708739316475,0.05092234602137066,0.2279908045602001
Imbert,38.43656699992172,0.04992992009036903,0.05066684119644409,0.22684685195087656
Imbert,38.479649630763205,0.049679017631744524,0.05041223564121955,0.22570692557441352
Imbert,38.522732261604695,0.04942913124800357,0.05015866115723797,0.22457161553597507
Imbert,38.565814892446184,0.04918037993468105,0.049906238496302255,0.22344146246856125
Imbert,38.608897523287666,0.0489328714681874,0.04965507702550655,0.22231695603326848
Imbert,38.651980154129156,0.04868670214398647,0.0494052744615499,0.22119853372975215
Imbert,38.695062784970645,0.0484419565835989,0.049156916674891166,0.22008658001938397
Imbert,38.73814541581213,0.048198707610565564,0.04891007756388174,0.21898142576171592
Imbert,38.78122804665362,0.04795701619510348,0.048664818998604704,0.21788334796303546
Imbert,38.824310677495106,0.04771693146678652,0.048421190833742626,0.21679256983397754
Imbert,38.867393308336595,0.047478490794193556,0.04817923098940129,0.2157092611513907
Imbert,38.910475939178085,0.04724171993008914,0.04793896559843309,0.214633538917937
Imbert,38.95355857001957,0.04700663322033801,0.04770040921843495,0.21356546831125445
Imbert,38.996641200861056,0.04677323387440415,0.04746356510623967,0.2125050639129165
Imbert,39.039723831702545,0.04654151429495433,0.04722842555238415,0.21145229120592166
Imbert,39.08280646254403,0.046311456463773805,0.04699497227272088,0.21040706832802616
Imbert,39.12588909338552,0.046083032380909425,0.04676317685404234,0.20936926806690484
Imbert,39.168971724227006,0.04585620455368421,0.04653300125031307,0.2083387200818937
Imbert,39.21205435506849,0.04563092653198109,0.04630439832585371,0.20731521333594696
Imbert,39.25513698590998,0.045407143485971295,0.04607731244159607,0.20629849872043346
Imbert,39.29821961675147,0.04518479282226114,0.04585168008032379,0.20528829185447925
Imbert,39.34130224759295,0.04496380483426324,0.045627430506642384,0.20428427603980234
Imbert,39.38438487843444,0.044744103382447616,0.04540448645727033,0.20328610535130123
Imbert,39.42746750927593,0.04452560660000986,0.04518276485712214,0.20229340784311992
Imbert,39.47055014011742,0.04430822761940149,0.04496217755656177,0.20130578884949746
Imbert,39.51363277095891,0.044091875315099616,0.04474263208513487,0.20032283435939677
Imbert,39.55671540180039,0.04387645505795576,0.04452403241705108,0.19934411444374125
Imbert,39.59979803264188,0.043661869476448865,0.0443062797436725,0.1983691867140196
Imbert,39.64288066348337,0.043448019220184,0.04408927324828096,0.19739759979109298
Imbert,39.68596329432485,0.043234803721015756,0.043872910878434875,0.19642889676321093
Imbert,39.72904592516634,0.04302212194724111,0.04365709011129335,0.19546261861253922
Imbert,39.77212855600783,0.04280987314639761,0.04344170870737744,0.19449830758991887
Imbert,39.81521118684931,0.04259795757231349,0.04322666544835078,0.1935355105180762
Imbert,39.8582938176908,0.042386277192196176,0.0430118608545442,0.1925737820041417
Imbert,39.90137644853229,0.042174736369701316,0.04279719787810616,0.19161268754304095
Imbert,39.94445907937377,0.0419632425201067,0.042582582567846486,0.19065180649414928
Imbert,39.98754171021526,0.04175170673391186,0.04236792470203977,0.18969073491449523
Imbert,40.03062434105675,0.04154004436540452,0.042153138385678454,0.18872908823279705
Imbert,40.07370697189824,0.041328175582968425,0.041938142608902836,0.1877665037496794
Imbert,40.11678960273973,0.04111602587815801,0.04172286176358911,0.18680264295055443
Imbert,40.15987223358121,0.04090352653083156,0.041507226115347524,0.18583719361886364
Imbert,40.2029548644227,0.04069061502791114,0.04129117222846285,0.18486987173863206
Imbert,40.24603749526419,0.040477235433628383,0.04107464334160466,0.18390042317660774
Imbert,40.28912012610567,0.040263338709412747,0.040857589692436816,0.18292862513561142
Imbert,40.33220275694716,0.040048882981888474,0.04063996878956988,0.18195428737212882
Imbert,40.37528538778865,0.03983383375775781,0.04042174563061576,0.18097725317259022
Imbert,40.41836801863013,0.039618164084668284,0.04020289286542931,0.1799974000842399
Imbert,40.46145064947162,0.0394018546574836,0.03998339090394762,0.17901464039795698
Imbert,40.50453328031311,0.03918489386970043,0.03976322796836572,0.1780289213818577
Imbert,40.547615911154594,0.03896727781007697,0.03954240008971537,0.1770402252659779
Imbert,40.59069854199608,0.038749010204859345,0.03932091104923876,0.17604856897978996
Imbert,40.63378117283757,0.038530102306311646,0.03909877226527337,0.1750540036457608
Imbert,40.676863803679055,0.03831057272856441,0.038876002626677716,0.17405661383356139
Imbert,40.719946434520544,0.03809044723210523,0.038652628274141204,0.17305651658094187
Imbert,40.76302906536203,0.037869758458529794,0.03842868233102039,0.17205386018862484
Imbert,40.80611169620352,0.03764854561745873,0.038204204585634935,0.17104882279787284
Imbert,40.84919432704501,0.037426854127802556,0.037979241127237995,0.1700416107606458
Imbert,40.892276957886494,0.03720473521581729,0.03775384393813944,0.16903245681344511
Imbert,40.935359588727984,0.03698224547264165,0.03752807044471276,0.1680216180670701
Imbert,40.97844221956947,0.036759446374240924,0.03730198303025367,0.1670093738255768
Imbert,41.021524850410955,0.03653640376689403,0.03707564851287346,0.16599602324868853
Imbert,41.064607481252445,0.03631318732156083,0.036849137591813255,0.16498188287282065
Imbert,41.107690112093934,0.03608986996064225,0.036622524265743604,0.16396728400667648
Imbert,41.150772742935416,0.03586652726080481,0.03639588522677523,0.1629525700180974
Imbert,41.193855373776906,0.03564323683567637,0.03616929923404397,0.16193809352946129
Imbert,41.236938004618395,0.0354200777023364,0.035942846470850914,0.1609242135394546
Imbert,41.28002063545988,0.03519712963561447,0.03571660788943101,0.15991129248945357
Imbert,41.323103266301366,0.0349744725142818,0.035490664547494916,0.15889969329307302
Imbert,41.366185897142856,0.03475218566326536,0.03526509694073482,0.1578897763476446
Imbert,41.409268527984345,0.03453034719603741,0.03503998433550818,0.15688189654649157
Imbert,41.452351158825834,0.034309033361330746,0.0348154041059111,0.1558764003108573
Imbert,41.49543378966732,0.03408831789830638,0.034591431079428886,0.15487362266023547
Imbert,41.538516420508806,0.033868271404249584,0.03436813689529979,0.15387388433962
Imbert,41.581599051350295,0.033648960718799574,0.03414558937965651,0.152877489021873
Imbert,41.62468168219178,0.03343044832862135,0.03392385194141152,0.15188472060296754
Imbert,41.66776431303327,0.03321279179631202,0.03370298299273455,0.15089584060733466
Imbert,41.710846943874756,0.03299604321719189,0.033483035397826356,0.1499110857198997
Imbert,41.75392957471624,0.0327802487074726,0.03326405595353278,0.1489306654606743
Imbert,41.79701220555773,0.032565447927110316,0.033046084905155565,0.14795476001693264
Imbert,41.84009483639922,0.032351673640455436,0.03282915550061772,0.14698351824710937
Imbert,41.8831774672407,0.032138951317588135,0.032613293585915096,0.14601705586954528
Imbert,41.92626009808219,0.031927298778996846,0.03239851724455064,0.14505545384815316
Imbert,41.96934272892368,0.031716725886004875,0.032184836483392,0.14409875698593183
Imbert,42.01242535976516,0.03150723427908599,0.03197225296712488,0.14314697273605384
Imbert,42.05550799060666,0.031298817165931324,0.031760759803191985,0.14220007023898887
Imbert,42.09859062144814,0.031091459160844475,0.03155034137881775,0.1412579795928266
Imbert,42.14167325228963,0.03088513617674024,0.03134097325141308,0.14032059136259423
Imbert,42.18475588313112,0.03067981537072112,0.031132622093348567,0.1393877563329936
Imbert,42.2278385139726,0.03047545514389081,0.030925245691765305,0.13845928550755432
Imbert,42.27092114481409,0.030272005195751774,0.03071879300377525,0.13753495035577804
Imbert,42.31400377565558,0.030069406633214783,0.030513204267079683,0.13661448330840228
Imbert,42.35708640649706,0.029867592133930934,0.030308411165711854,0.13569757849946762
Imbert,42.40016903733855,0.029666486163338942,0.03010433705028769,0.13478389275242955
Imbert,42.44325166818004,0.0294660052445103,0.029900897211833647,0.13387304680614756
Imbert,42.48633429902152,0.02926605827956235,0.029697999207943533,0.1329646267751625
Imbert,42.52941692986301,0.02906654692111066,0.029495543239713203,0.13205818583731813
Imbert,42.5724995607045,0.028867365991939245,0.029293422577604734,0.13115324614045085
Imbert,42.61558219154598,0.02866840395078212,0.029091524034102503,0.13024930091857737
Imbert,42.65866482238748,0.028469543401841515,0.028889728480751418,0.12934581680679122
Imbert,42.70174745322896,0.02827066164540935,0.02868791140690511,0.1284422363429042
Imbert,42.74483008407044,0.028071631266715788,0.028485943517265327,0.12753798064276473
Imbert,42.78791271491194,0.02787232075990362,0.028283691365065654,0.12663245223516378
Imbert,42.83099534575342,0.027672595183818486,0.028081018017540593,0.12572503804128993
Imbert,42.87407797659491,0.02747231684611406,0.02787778375012755,0.12481511248282769
Imbert,42.9171606074364,0.027271346012003494,0.027673846765678797,0.12390204070203151
Imbert,42.96024323827788,0.02706954163383854,0.027469063934808552,0.12298518187642617
Imbert,43.00332586911937,0.02686676209757035,0.02726329155337086,0.12206389261020582
Imbert,43.04640849996086,0.026662865982042122,0.027056386112958724,0.12113753038393194
Imbert,43.089491130802344,0.026457712826982463,0.026848205080232373,0.1202054570437615
Imbert,43.13257376164383,0.026251163905508614,0.026638607680823937,0.11926704231116453
Imbert,43.17565639248532,0.026043082996917353,0.026427455683534065,0.11832166729394894
Imbert,43.218739023326805,0.025833337155528126,0.02621461418052248,0.11736872797934925
Imbert,43.2618216541683,0.025621797471359828,0.025999952359211684,0.11640763869001315
Imbert,43.30490428500978,0.02540833981845852,0.025783344261659326,0.11543783548388256
Imbert,43.347986915851266,0.025192845586756524,0.025564669527218864,0.11445877947925256
Imbert,43.39106954669276,0.024975202393426873,0.025343814114393008,0.11346996008667175
Imbert,43.434152177534244,0.02475530476980786,0.02512067099789663,0.11247089812984971
Imbert,43.477234808375734,0.02453305482009813,0.024895140837073632,0.11146114883830985
Imbert,43.52031743921722,0.024308362848180064,0.024667132611971655,0.11044030469523901
Imbert,43.563400070058705,0.024081147949096063,0.024436564223548063,0.10940799812474473
Imbert,43.606482700900195,0.023851338561897754,0.02420336305467868,0.10836390400361771
Imbert,43.649565331741684,0.023618872980796922,0.023967466488852875,0.1073077419836463
Imbert,43.692647962583166,0.023383699821774167,0.02372882238366893,0.10623927861156202
Imbert,43.735730593424655,0.023145778442044747,0.023487389496490835,0.10515832923480067
Imbert,43.778813224266145,0.022905079310039593,0.02324313785988989,0.10406475968243903
Imbert,43.82189585510763,0.022661584323827807,0.022996049104766835,0.10295848771188525
Imbert,43.864978485949116,0.022415287076191386,0.02274611672933884,0.10183948421319418
Imbert,43.908061116790606,0.022166193064852915,0.022493346312469978,0.10070777416419598
Imbert,43.95114374763209,0.021914319846656392,0.02223775567012761,0.09956343733098647
Imbert,43.994226378473584,0.021659697134807768,0.021979374954058117,0.09840660870972061
Imbert,44.03730900931507,0.02140236683859274,0.021718246692090885,0.09723747870706263
Imbert,44.080391640156556,0.021142383045298845,0.0214544257697936,0.09605629305805248
Imbert,44.123474270998045,0.02087981194438767,0.021187979353525288,0.0948633524815971
Imbert,44.16655690183953,0.020614731694270312,0.020918986755245516,0.09365901207519071
Imbert,44.20963953268102,0.020347232232352963,0.0206475392397564,0.09244368045189398
Imbert,44.252722163522506,0.02007741502932319,0.020373739775362405,0.09121781862398169
Imbert,44.29580479436399,0.019805392788945404,0.02009770272923501,0.08998193863902197
Imbert,44.33888742520548,0.019531289094926404,0.019819553509066355,0.08873660197547881
Imbert,44.38197005604697,0.019255238006692234,0.019539428152880095,0.08748241770620309
Imbert,44.42505268688845,0.018977383606186702,0.019257472869141066,0.08622004043939997
Imbert,44.46813531772994,0.01869787949805853,0.018973843529565666,0.08495016804782682
Imbert,44.51121794857143,0.018416888265847992,0.018688705117282274,0.08367353919808321
Imbert,44.55430057941291,0.018134580887007926,0.0184022311332185,0.08239093069287302
Imbert,44.59738321025441,0.017851136109806036,0.01811460296380711,0.0811031546400816
Imbert,44.64046584109589,0.017566739795345513,0.01782600921329549,0.07981105546337482
Imbert,44.68354847193737,0.01728158422811301,0.017536645004117873,0.07851550676980827
Imbert,44.72663110277887,0.01699586739861677,0.017246711248945893,0.07721740809063354
Imbert,44.76971373362035,0.016709792261807747,0.016956413898164643,0.07591768151207928
Imbert,44.81279636446184,0.01642356597508511,0.016665963166631808,0.07461726821337779
Imbert,44.85587899530333,0.016137399119778986,0.016375572743670207,0.07331712492972374
Imbert,44.89896162614481,0.01585150491006351,0.016085458990305095,0.07201822035812501
Imbert,44.9420442569863,0.015566098393299185,0.0157958401278043,0.07072153152431411
Imbert,44.98512688782779,0.015281395645821854,0.015506935421597737,0.06942804012897227
Imbert,45.02820951866927,0.014997612968191885,0.015218964364649205,0.06813872889150113
Imbert,45.07129214951076,0.014714966083890816,0.014932145864326504,0.06685457790945723
Imbert,45.11437478035225,0.014433669345406637,0.014646697436769242,0.06557656105155535
Imbert,45.15745741119373,0.014153934951574665,0.014362834412678363,0.06430564240180951
Imbert,45.20054004203523,0.013875972179953183,0.014080769158362332,0.06304277277198135
Imbert,45.24362267287671,0.013599986637898324,0.01380071031575855,0.06178888629898504
Imbert,45.28670530371819,0.013326179535870427,0.013522862065014364,0.06054489714329637
Imbert,45.32978793455969,0.01305474698635531,0.013247423413061041,0.05931169630373841
Imbert,45.37287056540117,0.012785879331612848,0.012974587511440514,0.05809014856323828
Imbert,45.41595319624266,0.012519760503279588,0.012704541006456304,0.05688108957930651
Imbert,45.45903582708415,0.012256567416654245,0.012437463424519209,0.05568532313209144
Imbert,45.50211845792563,0.011996469402275767,0.012173526595335963,0.054503618541864925
Imbert,45.54520108876712,0.011739627677179789,0.01191289411536192,0.05333670826677932
Imbert,45.58828371960861,0.011486194857977857,0.011655720853693749,0.05218528569063778
Imbert,45.631366350450094,0.01123631451765738,0.011402152502328148,0.051050003109301384
Imbert,45.67444898129158,0.010990120787741985,0.011152325172450454,0.04993146992318231
Imbert,45.71753161213307,0.010747738007191587,0.010906365038152774,0.048830251042089726
Imbert,45.760614242974555,0.01050928041915077,0.010664388028706657,0.047746865507465326
Imbert,45.803696873816044,0.010274851916386378,0.010426499570243558,0.04668178533582857
Imbert,45.84677950465753,0.01004454583598154,0.010192794377418738,0.045635434586009105
Imbert,45.889862135499015,0.009818444803581218,0.009963356295358022,0.04460818865150682
Imbert,45.93294476634051,0.009596620627215125,0.009738258191913617,0.04360037377809687
Imbert,45.976027397181994,0.009379134240457743,0.009517561899985236,0.042612266805588425
Imbert,46.01911002802348,0.009166035694421041,0.009301318209394645,0.041644095131445104
Imbert,46.06219265886497,0.008957364197824585,0.009089566907547152,0.04069603689283569
Imbert,46.105275289706455,0.008753148204136309,0.00888233686785851,0.03976822136254123
Imbert,46.148357920547944,0.008553405544543117,0.008679646184688045,0.03886072955308106
Imbert,46.191440551389434,0.008358143605281513,0.008481502353286525,0.03797359502237985
Imbert,46.234523182230916,0.008167359547644297,0.008287902493049965,0.03710680487332522
Imbert,46.277605813072405,0.007981040568776673,0.008098833612164846,0.03626030093864387
Imbert,46.320688443913895,0.007799164201188789,0.007914272911541195,0.035433981141678485
Imbert,46.36377107475538,0.007621698648736599,0.0077341881257522276,0.034627701022851134
Imbert,46.406853705596866,0.0074486031566681375,0.007558537898542175,0.03384127542089644
Imbert,46.449936336438356,0.007279828413190729,0.007387272190320265,0.03307448029730377
Imbert,46.49301896727984,0.00711531697989126,0.007220332714933614,0.03232705469184782
Imbert,46.536101598121334,0.00695500374823651,0.007057653402905099,0.03159870279660883
Imbert,46.579184228962816,0.006798816419293283,0.0068991608882337276,0.030889096135487393
Imbert,46.6222668598043,0.006646676003736725,0.006744775015782631,0.030197875835894714
Imbert,46.665349490645795,0.006498497339166848,0.006594409366230724,0.029524654979079336
Imbert,46.70843212148728,0.006354189621718413,0.006447971795528674,0.02886902101539293
Imbert,46.75151475232877,0.0062136569489350335,0.006305364985785335,0.028230538230732887
Imbert,46.794597383170256,0.006076798870883234,0.0061664870045157714,0.02760875025042153
Imbert,46.83768001401174,0.005943510946501153,0.0060312318692011604,0.027003182566867918
Imbert,46.88076264485323,0.005813685302216118,0.0058994901141510726,0.026413345077537845
Imbert,46.92384527569472,0.005687211189919923,0.005771149356713958,0.025838734620005636
Imbert,46.9669279065362,0.005563975541460872,0.005646094859953008,0.025278837491180612
Imbert,47.01001053737769,0.005443863516897671,0.005524210088991779,0.024733131938191672
Imbert,47.05309316821918,0.005326759043861327,0.005405377258336595,0.02420109060887288
Imbert,47.09617579906066,0.0052125453454834195,0.005289477867596567,0.023682182950302586
Imbert,47.139258429902156,0.005101105454476715,0.005176393223151585,0.023175877544428403
Imbert,47.18234106074364,0.004992322711090838,0.005066004943457365,0.022681644370431676
Imbert,47.22542369158512,0.0048860812428134495,0.004958195445826589,0.02219895698415618
Imbert,47.26850632242662,0.00478226642384526,0.004852848412685363,0.021727294605643252
Imbert,47.3115889532681,0.0046807653125414145,0.004749849235470847,0.021266144106561354
Imbert,47.35467158410959,0.00458146706518335,0.004649085434510013,0.020815001890097815
Imbert,47.39775421495108,0.0044842633246238005,0.004550447053400707,0.02037337565669159
Imbert,47.44083684579256,0.00438904858252741,0.004453827026598607,0.019940786049802817
Imbert,47.48391947663405,0.004295720514115481,0.004359121519102507,0.019516768176760277
Imbert,47.52700210747554,0.0042041802845088575,0.004266230237318552,0.01910087300057055
Imbert,47.57008473831702,0.004114332825950345,0.004175056710374207,0.018692668599423975
Imbert,47.61316736915851,0.004026087085373953,0.004085508541341406,0.01829174129147722
Imbert,47.65625,0.0039393562419734705,0.00399749762801624,0.01789769662333366
