cohort,participant,year,subtype,score,source_sheet,source_excel_row,source_column
Petrus,D10,0,myC00,3.2283156157657702,"Petrus, P. et al",2,Myeloid_0
Petrus,D10,0,myC01,2.9539024435707399,"Petrus, P. et al",2,Myeloid_1
Petrus,D10,0,myC04,-1.2112526935093799,"Petrus, P. et al",2,Myeloid_4
Petrus,D10,0,myC07,-0.642632170345661,"Petrus, P. et al",2,Myeloid_7
Petrus,D10,0,myC08,0.40840675736967802,"Petrus, P. et al",2,Myeloid_8
Petrus,D10,0,myC09,1.0127708188475599,"Petrus, P. et al",2,Myeloid_9
Petrus,D10,0,myC11,0.96163163342040503,"Petrus, P. et al",2,Myeloid_11
Petrus,D10,0,myC12,5.40074841468949,"Petrus, P. et al",2,Myeloid_12
Petrus,D10,0,myC13,2.8322354333162401,"Petrus, P. et al",2,Myeloid_13
Petrus,D10,0,myC02,-0.203164870749104,"Petrus, P. et al",2,Myeloid_2
Petrus,D10,0,myC06,2.5073870457381902,"Petrus, P. et al",2,Myeloid_6
Petrus,D10,0,myC10,0.39654422258958499,"Petrus, P. et al",2,Myeloid_10
Petrus,D10,0,myC15,1.1935258360605501,"Petrus, P. et al",2,Myeloid_15
Petrus,D10,0,myC05,2.0246298779085001,"Petrus, P. et al",2,Myeloid_5
Petrus,D10,0,myC14,1.55216466607623,"Petrus, P. et al",2,Myeloid_14
Petrus,D10,0,myC03,1.2699248619299901,"Petrus, P. et al",2,Myeloid_3
Petrus,D10,2,myC00,-2.7585492875619799,"Petrus, P. et al",3,Myeloid_0
Petrus,D10,2,myC01,-2.3513266883420099,"Petrus, P. et al",3,Myeloid_1
Petrus,D10,2,myC04,-1.0558267910310899,"Petrus, P. et al",3,Myeloid_4
Petrus,D10,2,myC07,-1.9708497608867099,"Petrus, P. et al",3,Myeloid_7
Petrus,D10,2,myC08,-2.6928850962787201,"Petrus, P. et al",3,Myeloid_8
Petrus,D10,2,myC09,-1.4484650457844801,"Petrus, P. et al",3,Myeloid_9
Petrus,D10,2,myC11,-2.1527007069453301,"Petrus, P. et al",3,Myeloid_11
Petrus,D10,2,myC12,-1.73952095860775,"Petrus, P. et al",3,Myeloid_12
Petrus,D10,2,myC13,-2.4261376255375802,"Petrus, P. et al",3,Myeloid_13
Petrus,D10,2,myC02,-3.2902789309158602,"Petrus, P. et al",3,Myeloid_2
Petrus,D10,2,myC06,-0.91342294224211296,"Petrus, P. et al",3,Myeloid_6
Petrus,D10,2,myC10,-2.1916933376262202,"Petrus, P. et al",3,Myeloid_10
Petrus,D10,2,myC15,-1.1462938208864499,"Petrus, P. et al",3,Myeloid_15
Petrus,D10,2,myC05,-4.0564833673643701,"Petrus, P. et al",3,Myeloid_5
Petrus,D10,2,myC14,-2.16561601573189,"Petrus, P. et al",3,Myeloid_14
Petrus,D10,2,myC03,-2.8097686990372202,"Petrus, P. et al",3,Myeloid_3
Petrus,D15,0,myC00,3.5336218630570499,"Petrus, P. et al",4,Myeloid_0
Petrus,D15,0,myC01,4.2881688173702397,"Petrus, P. et al",4,Myeloid_1
Petrus,D15,0,myC04,-0.57243396291277804,"Petrus, P. et al",4,Myeloid_4
Petrus,D15,0,myC07,2.8269133802247599,"Petrus, P. et al",4,Myeloid_7
Petrus,D15,0,myC08,3.51794282996052,"Petrus, P. et al",4,Myeloid_8
Petrus,D15,0,myC09,1.4815398066654599,"Petrus, P. et al",4,Myeloid_9
Petrus,D15,0,myC11,3.5426172807219598,"Petrus, P. et al",4,Myeloid_11
Petrus,D15,0,myC12,3.34908468229828,"Petrus, P. et al",4,Myeloid_12
Petrus,D15,0,myC13,2.8028549417084299,"Petrus, P. et al",4,Myeloid_13
Petrus,D15,0,myC02,5.0300246881416699,"Petrus, P. et al",4,Myeloid_2
Petrus,D15,0,myC06,1.2317002919925599,"Petrus, P. et al",4,Myeloid_6
Petrus,D15,0,myC10,2.3836274909538999,"Petrus, P. et al",4,Myeloid_10
Petrus,D15,0,myC15,1.2231286862097099,"Petrus, P. et al",4,Myeloid_15
Petrus,D15,0,myC05,5.1157532398515402,"Petrus, P. et al",4,Myeloid_5
Petrus,D15,0,myC14,2.9565957587945202,"Petrus, P. et al",4,Myeloid_14
Petrus,D15,0,myC03,5.76213597069437,"Petrus, P. et al",4,Myeloid_3
Petrus,D15,2,myC00,-3.6892124173843799,"Petrus, P. et al",5,Myeloid_0
Petrus,D15,2,myC01,-3.6039981002236101,"Petrus, P. et al",5,Myeloid_1
Petrus,D15,2,myC04,-2.4193890168416901,"Petrus, P. et al",5,Myeloid_4
Petrus,D15,2,myC07,1.6538987687109199,"Petrus, P. et al",5,Myeloid_7
Petrus,D15,2,myC08,-0.89955333655496095,"Petrus, P. et al",5,Myeloid_8
Petrus,D15,2,myC09,-1.6955683010334499,"Petrus, P. et al",5,Myeloid_9
Petrus,D15,2,myC11,-1.3833615130236301,"Petrus, P. et al",5,Myeloid_11
Petrus,D15,2,myC12,-2.21890585747532,"Petrus, P. et al",5,Myeloid_12
Petrus,D15,2,myC13,-3.8937962833097899,"Petrus, P. et al",5,Myeloid_13
Petrus,D15,2,myC02,-2.2834568182519601,"Petrus, P. et al",5,Myeloid_2
Petrus,D15,2,myC06,-1.9908298793563199,"Petrus, P. et al",5,Myeloid_6
Petrus,D15,2,myC10,-1.8329249712905999,"Petrus, P. et al",5,Myeloid_10
Petrus,D15,2,myC15,-2.9484529451453199,"Petrus, P. et al",5,Myeloid_15
Petrus,D15,2,myC05,-2.927030913201,"Petrus, P. et al",5,Myeloid_5
Petrus,D15,2,myC14,-3.6699362159509898,"Petrus, P. et al",5,Myeloid_14
Petrus,D15,2,myC03,1.85990012520334,"Petrus, P. et al",5,Myeloid_3
Petrus,D22,0,myC00,3.8537037066003901,"Petrus, P. et al",6,Myeloid_0
Petrus,D22,0,myC01,4.4267696644971402,"Petrus, P. et al",6,Myeloid_1
Petrus,D22,0,myC04,0.79677070172725395,"Petrus, P. et al",6,Myeloid_4
Petrus,D22,0,myC07,1.5747176235021501,"Petrus, P. et al",6,Myeloid_7
Petrus,D22,0,myC08,2.68195905485904,"Petrus, P. et al",6,Myeloid_8
Petrus,D22,0,myC09,0.96853698868457805,"Petrus, P. et al",6,Myeloid_9
Petrus,D22,0,myC11,2.4257827537772001,"Petrus, P. et al",6,Myeloid_11
Petrus,D22,0,myC12,3.7590581501606399,"Petrus, P. et al",6,Myeloid_12
Petrus,D22,0,myC13,3.5216116243829401,"Petrus, P. et al",6,Myeloid_13
Petrus,D22,0,myC02,2.6119860321889599,"Petrus, P. et al",6,Myeloid_2
Petrus,D22,0,myC06,1.4518482813871001,"Petrus, P. et al",6,Myeloid_6
Petrus,D22,0,myC10,3.86145917371821,"Petrus, P. et al",6,Myeloid_10
Petrus,D22,0,myC15,1.20312693159129,"Petrus, P. et al",6,Myeloid_15
Petrus,D22,0,myC05,4.1527519567324704,"Petrus, P. et al",6,Myeloid_5
Petrus,D22,0,myC14,2.1984187829336101,"Petrus, P. et al",6,Myeloid_14
Petrus,D22,0,myC03,4.4823592952343301,"Petrus, P. et al",6,Myeloid_3
Petrus,D22,2,myC00,-1.3188438788994199,"Petrus, P. et al",7,Myeloid_0
Petrus,D22,2,myC01,-1.65460625941518,"Petrus, P. et al",7,Myeloid_1
Petrus,D22,2,myC04,-0.119191801309922,"Petrus, P. et al",7,Myeloid_4
Petrus,D22,2,myC07,-0.0185738603305385,"Petrus, P. et al",7,Myeloid_7
Petrus,D22,2,myC08,-0.31649350956915501,"Petrus, P. et al",7,Myeloid_8
Petrus,D22,2,myC09,-1.09314971319563,"Petrus, P. et al",7,Myeloid_9
Petrus,D22,2,myC11,-1.6240467264876299,"Petrus, P. et al",7,Myeloid_11
Petrus,D22,2,myC12,0.43815685312633701,"Petrus, P. et al",7,Myeloid_12
Petrus,D22,2,myC13,-1.30850523961703,"Petrus, P. et al",7,Myeloid_13
Petrus,D22,2,myC02,-3.0377969531822302,"Petrus, P. et al",7,Myeloid_2
Petrus,D22,2,myC06,-0.41735426768219902,"Petrus, P. et al",7,Myeloid_6
Petrus,D22,2,myC10,0.0066275335049141302,"Petrus, P. et al",7,Myeloid_10
Petrus,D22,2,myC15,-0.53371815786562504,"Petrus, P. et al",7,Myeloid_15
Petrus,D22,2,myC05,-3.1795260761885902,"Petrus, P. et al",7,Myeloid_5
Petrus,D22,2,myC14,-3.4304687878148599,"Petrus, P. et al",7,Myeloid_14
Petrus,D22,2,myC03,0.24241999602068701,"Petrus, P. et al",7,Myeloid_3
Petrus,D27,0,myC00,-0.59159995024838297,"Petrus, P. et al",8,Myeloid_0
Petrus,D27,0,myC01,-1.7074342180498201,"Petrus, P. et al",8,Myeloid_1
Petrus,D27,0,myC04,-0.69563847635658804,"Petrus, P. et al",8,Myeloid_4
Petrus,D27,0,myC07,1.53346665765443,"Petrus, P. et al",8,Myeloid_7
Petrus,D27,0,myC08,2.2960726270864402,"Petrus, P. et al",8,Myeloid_8
Petrus,D27,0,myC09,0.78731795401136795,"Petrus, P. et al",8,Myeloid_9
Petrus,D27,0,myC11,1.6251329436125701,"Petrus, P. et al",8,Myeloid_11
Petrus,D27,0,myC12,0.62351812395870898,"Petrus, P. et al",8,Myeloid_12
Petrus,D27,0,myC13,-0.70288691488682398,"Petrus, P. et al",8,Myeloid_13
Petrus,D27,0,myC02,1.72283418986819,"Petrus, P. et al",8,Myeloid_2
Petrus,D27,0,myC06,1.9969601841215701,"Petrus, P. et al",8,Myeloid_6
Petrus,D27,0,myC10,1.3622221757433901,"Petrus, P. et al",8,Myeloid_10
Petrus,D27,0,myC15,-0.261398261880397,"Petrus, P. et al",8,Myeloid_15
Petrus,D27,0,myC05,4.81643659222176,"Petrus, P. et al",8,Myeloid_5
Petrus,D27,0,myC14,3.37872043434853,"Petrus, P. et al",8,Myeloid_14
Petrus,D27,0,myC03,-0.92682815722251899,"Petrus, P. et al",8,Myeloid_3
Petrus,D27,2,myC00,-2.9018045652741602,"Petrus, P. et al",9,Myeloid_0
Petrus,D27,2,myC01,-2.3923256757905098,"Petrus, P. et al",9,Myeloid_1
Petrus,D27,2,myC04,1.9763967837146701,"Petrus, P. et al",9,Myeloid_4
Petrus,D27,2,myC07,-0.43235834601628698,"Petrus, P. et al",9,Myeloid_7
Petrus,D27,2,myC08,-1.70973556718621,"Petrus, P. et al",9,Myeloid_8
Petrus,D27,2,myC09,1.1945169501536399,"Petrus, P. et al",9,Myeloid_9
Petrus,D27,2,myC11,-1.5026680405238899,"Petrus, P. et al",9,Myeloid_11
Petrus,D27,2,myC12,-1.8060542129334101,"Petrus, P. et al",9,Myeloid_12
Petrus,D27,2,myC13,-0.220966675038583,"Petrus, P. et al",9,Myeloid_13
Petrus,D27,2,myC02,-0.46408372858166702,"Petrus, P. et al",9,Myeloid_2
Petrus,D27,2,myC06,0.51069438720453697,"Petrus, P. et al",9,Myeloid_6
Petrus,D27,2,myC10,-0.16653194896397,"Petrus, P. et al",9,Myeloid_10
Petrus,D27,2,myC15,-0.84628393619199804,"Petrus, P. et al",9,Myeloid_15
Petrus,D27,2,myC05,5.9764705543633596,"Petrus, P. et al",9,Myeloid_5
Petrus,D27,2,myC14,5.58807154344826,"Petrus, P. et al",9,Myeloid_14
Petrus,D27,2,myC03,-4.4025027976272604,"Petrus, P. et al",9,Myeloid_3
Petrus,D30,0,myC00,2.5389540198881599,"Petrus, P. et al",10,Myeloid_0
Petrus,D30,0,myC01,3.1092035458396801,"Petrus, P. et al",10,Myeloid_1
Petrus,D30,0,myC04,-1.7718482916531,"Petrus, P. et al",10,Myeloid_4
Petrus,D30,0,myC07,2.5597743232514301,"Petrus, P. et al",10,Myeloid_7
Petrus,D30,0,myC08,3.6372761980813002,"Petrus, P. et al",10,Myeloid_8
Petrus,D30,0,myC09,-0.38682048369508998,"Petrus, P. et al",10,Myeloid_9
Petrus,D30,0,myC11,2.6806671532767901,"Petrus, P. et al",10,Myeloid_11
Petrus,D30,0,myC12,1.94948409034652,"Petrus, P. et al",10,Myeloid_12
Petrus,D30,0,myC13,1.6311670462850201,"Petrus, P. et al",10,Myeloid_13
Petrus,D30,0,myC02,3.66378499170863,"Petrus, P. et al",10,Myeloid_2
Petrus,D30,0,myC06,1.18794927003401,"Petrus, P. et al",10,Myeloid_6
Petrus,D30,0,myC10,4.1918612753826103,"Petrus, P. et al",10,Myeloid_10
Petrus,D30,0,myC15,1.1551700598764301,"Petrus, P. et al",10,Myeloid_15
Petrus,D30,0,myC05,1.7437516260996999,"Petrus, P. et al",10,Myeloid_5
Petrus,D30,0,myC14,0.11583657742367399,"Petrus, P. et al",10,Myeloid_14
Petrus,D30,0,myC03,1.2051444273057199,"Petrus, P. et al",10,Myeloid_3
Petrus,D30,2,myC00,2.33079636324997,"Petrus, P. et al",11,Myeloid_0
Petrus,D30,2,myC01,1.79016569288839,"Petrus, P. et al",11,Myeloid_1
Petrus,D30,2,myC04,-1.36424603579818,"Petrus, P. et al",11,Myeloid_4
Petrus,D30,2,myC07,-0.75918236805380401,"Petrus, P. et al",11,Myeloid_7
Petrus,D30,2,myC08,-1.60240777082356,"Petrus, P. et al",11,Myeloid_8
Petrus,D30,2,myC09,-0.42069066095985802,"Petrus, P. et al",11,Myeloid_9
Petrus,D30,2,myC11,0.79277334711498904,"Petrus, P. et al",11,Myeloid_11
Petrus,D30,2,myC12,-1.7968413502538101,"Petrus, P. et al",11,Myeloid_12
Petrus,D30,2,myC13,0.013543523991268,"Petrus, P. et al",11,Myeloid_13
Petrus,D30,2,myC02,-1.3969989303588599,"Petrus, P. et al",11,Myeloid_2
Petrus,D30,2,myC06,-1.54375546706392,"Petrus, P. et al",11,Myeloid_6
Petrus,D30,2,myC10,-1.0108270348550501,"Petrus, P. et al",11,Myeloid_10
Petrus,D30,2,myC15,-0.52520685366875397,"Petrus, P. et al",11,Myeloid_15
Petrus,D30,2,myC05,-1.5098131770382499,"Petrus, P. et al",11,Myeloid_5
Petrus,D30,2,myC14,-1.41026508154744,"Petrus, P. et al",11,Myeloid_14
Petrus,D30,2,myC03,0.53639031591001296,"Petrus, P. et al",11,Myeloid_3
Petrus,D37,0,myC00,2.7161891996068901,"Petrus, P. et al",12,Myeloid_0
Petrus,D37,0,myC01,1.4843765238192901,"Petrus, P. et al",12,Myeloid_1
Petrus,D37,0,myC04,-1.25093229150283,"Petrus, P. et al",12,Myeloid_4
Petrus,D37,0,myC07,-0.33910744241166701,"Petrus, P. et al",12,Myeloid_7
Petrus,D37,0,myC08,0.79708479873566596,"Petrus, P. et al",12,Myeloid_8
Petrus,D37,0,myC09,-0.30204497116727103,"Petrus, P. et al",12,Myeloid_9
Petrus,D37,0,myC11,1.94100755690451,"Petrus, P. et al",12,Myeloid_11
Petrus,D37,0,myC12,1.30161774815605,"Petrus, P. et al",12,Myeloid_12
Petrus,D37,0,myC13,1.89407762260144,"Petrus, P. et al",12,Myeloid_13
Petrus,D37,0,myC02,2.5917863724191301,"Petrus, P. et al",12,Myeloid_2
Petrus,D37,0,myC06,1.5402946543303699,"Petrus, P. et al",12,Myeloid_6
Petrus,D37,0,myC10,1.4561333340914,"Petrus, P. et al",12,Myeloid_10
Petrus,D37,0,myC15,-0.36652951105654602,"Petrus, P. et al",12,Myeloid_15
Petrus,D37,0,myC05,-0.043201937096484698,"Petrus, P. et al",12,Myeloid_5
Petrus,D37,0,myC14,-0.37363559703606403,"Petrus, P. et al",12,Myeloid_14
Petrus,D37,0,myC03,1.03452165833322,"Petrus, P. et al",12,Myeloid_3
Petrus,D37,2,myC00,-5.16557103573364,"Petrus, P. et al",13,Myeloid_0
Petrus,D37,2,myC01,-5.0938855101521199,"Petrus, P. et al",13,Myeloid_1
Petrus,D37,2,myC04,-0.0143604545503235,"Petrus, P. et al",13,Myeloid_4
Petrus,D37,2,myC07,-2.04759477712508,"Petrus, P. et al",13,Myeloid_7
Petrus,D37,2,myC08,-6.71342660655848,"Petrus, P. et al",13,Myeloid_8
Petrus,D37,2,myC09,-2.3661549725573701,"Petrus, P. et al",13,Myeloid_9
Petrus,D37,2,myC11,-6.0246851564996504,"Petrus, P. et al",13,Myeloid_11
Petrus,D37,2,myC12,-4.9138978936146698,"Petrus, P. et al",13,Myeloid_12
Petrus,D37,2,myC13,-4.3199880474538901,"Petrus, P. et al",13,Myeloid_13
Petrus,D37,2,myC02,-4.6074161026349998,"Petrus, P. et al",13,Myeloid_2
Petrus,D37,2,myC06,-2.46104446940581,"Petrus, P. et al",13,Myeloid_6
Petrus,D37,2,myC10,-2.1775448663674299,"Petrus, P. et al",13,Myeloid_10
Petrus,D37,2,myC15,-2.28155598475503,"Petrus, P. et al",13,Myeloid_15
Petrus,D37,2,myC05,-3.7011821394520199,"Petrus, P. et al",13,Myeloid_5
Petrus,D37,2,myC14,-2.3701096520501399,"Petrus, P. et al",13,Myeloid_14
Petrus,D37,2,myC03,-4.7213150621348596,"Petrus, P. et al",13,Myeloid_3
Petrus,D44,0,myC00,2.2816502996867798,"Petrus, P. et al",14,Myeloid_0
Petrus,D44,0,myC01,2.6715523530854099,"Petrus, P. et al",14,Myeloid_1
Petrus,D44,0,myC04,0.026987609552174701,"Petrus, P. et al",14,Myeloid_4
Petrus,D44,0,myC07,1.76574199068138,"Petrus, P. et al",14,Myeloid_7
Petrus,D44,0,myC08,1.9417039015862001,"Petrus, P. et al",14,Myeloid_8
Petrus,D44,0,myC09,0.87740514202583397,"Petrus, P. et al",14,Myeloid_9
Petrus,D44,0,myC11,2.4043590975089701,"Petrus, P. et al",14,Myeloid_11
Petrus,D44,0,myC12,3.21470212599157,"Petrus, P. et al",14,Myeloid_12
Petrus,D44,0,myC13,2.7622649830510202,"Petrus, P. et al",14,Myeloid_13
Petrus,D44,0,myC02,3.71535923349012,"Petrus, P. et al",14,Myeloid_2
Petrus,D44,0,myC06,1.7921108042243501,"Petrus, P. et al",14,Myeloid_6
Petrus,D44,0,myC10,2.3281675937137201,"Petrus, P. et al",14,Myeloid_10
Petrus,D44,0,myC15,1.3855538063152799,"Petrus, P. et al",14,Myeloid_15
Petrus,D44,0,myC05,3.8003984484456699,"Petrus, P. et al",14,Myeloid_5
Petrus,D44,0,myC14,2.3561310136959799,"Petrus, P. et al",14,Myeloid_14
Petrus,D44,0,myC03,1.96014893628353,"Petrus, P. et al",14,Myeloid_3
Petrus,D44,2,myC00,-0.20642819927815401,"Petrus, P. et al",15,Myeloid_0
Petrus,D44,2,myC01,-0.85621439258038101,"Petrus, P. et al",15,Myeloid_1
Petrus,D44,2,myC04,-0.376492880280695,"Petrus, P. et al",15,Myeloid_4
Petrus,D44,2,myC07,-0.204404768557816,"Petrus, P. et al",15,Myeloid_7
Petrus,D44,2,myC08,-1.9934453450937499,"Petrus, P. et al",15,Myeloid_8
Petrus,D44,2,myC09,-1.15800648007644,"Petrus, P. et al",15,Myeloid_9
Petrus,D44,2,myC11,-1.3714203712322801,"Petrus, P. et al",15,Myeloid_11
Petrus,D44,2,myC12,-2.4278510508133699,"Petrus, P. et al",15,Myeloid_12
Petrus,D44,2,myC13,-0.39454231989256,"Petrus, P. et al",15,Myeloid_13
Petrus,D44,2,myC02,-1.3467782791549401,"Petrus, P. et al",15,Myeloid_2
Petrus,D44,2,myC06,-1.0916765908597601,"Petrus, P. et al",15,Myeloid_6
Petrus,D44,2,myC10,-1.6148673727537799,"Petrus, P. et al",15,Myeloid_10
Petrus,D44,2,myC15,-1.2806071498634599,"Petrus, P. et al",15,Myeloid_15
Petrus,D44,2,myC05,-1.3548955769892701,"Petrus, P. et al",15,Myeloid_5
Petrus,D44,2,myC14,-1.1959510118249199,"Petrus, P. et al",15,Myeloid_14
Petrus,D44,2,myC03,-1.4928032761050001,"Petrus, P. et al",15,Myeloid_3
Petrus,D49,0,myC00,2.1372146193809001,"Petrus, P. et al",16,Myeloid_0
Petrus,D49,0,myC01,2.64353746898382,"Petrus, P. et al",16,Myeloid_1
Petrus,D49,0,myC04,4.3436383526480498,"Petrus, P. et al",16,Myeloid_4
Petrus,D49,0,myC07,0.95387579805273204,"Petrus, P. et al",16,Myeloid_7
Petrus,D49,0,myC08,2.2130935452549401,"Petrus, P. et al",16,Myeloid_8
Petrus,D49,0,myC09,5.6325919594087503,"Petrus, P. et al",16,Myeloid_9
Petrus,D49,0,myC11,2.2240516396326302,"Petrus, P. et al",16,Myeloid_11
Petrus,D49,0,myC12,2.9527620704208202,"Petrus, P. et al",16,Myeloid_12
Petrus,D49,0,myC13,4.0816452359088498,"Petrus, P. et al",16,Myeloid_13
Petrus,D49,0,myC02,1.91110353286297,"Petrus, P. et al",16,Myeloid_2
Petrus,D49,0,myC06,1.2062537430471001,"Petrus, P. et al",16,Myeloid_6
Petrus,D49,0,myC10,1.4499934188230299,"Petrus, P. et al",16,Myeloid_10
Petrus,D49,0,myC15,5.5624953345819703,"Petrus, P. et al",16,Myeloid_15
Petrus,D49,0,myC05,2.73720513465683,"Petrus, P. et al",16,Myeloid_5
Petrus,D49,0,myC14,5.1485120101984396,"Petrus, P. et al",16,Myeloid_14
Petrus,D49,0,myC03,1.5505750275919901,"Petrus, P. et al",16,Myeloid_3
Petrus,D49,2,myC00,-1.1672438741620701,"Petrus, P. et al",17,Myeloid_0
Petrus,D49,2,myC01,-1.17704615290007,"Petrus, P. et al",17,Myeloid_1
Petrus,D49,2,myC04,1.4642567456001501,"Petrus, P. et al",17,Myeloid_4
Petrus,D49,2,myC07,-1.1254562303878,"Petrus, P. et al",17,Myeloid_7
Petrus,D49,2,myC08,-1.96362991640693,"Petrus, P. et al",17,Myeloid_8
Petrus,D49,2,myC09,-0.30381741721385103,"Petrus, P. et al",17,Myeloid_9
Petrus,D49,2,myC11,-0.763988215021288,"Petrus, P. et al",17,Myeloid_11
Petrus,D49,2,myC12,-2.2751189163866998,"Petrus, P. et al",17,Myeloid_12
Petrus,D49,2,myC13,-0.091535404043346494,"Petrus, P. et al",17,Myeloid_13
Petrus,D49,2,myC02,-2.1125816402968001,"Petrus, P. et al",17,Myeloid_2
Petrus,D49,2,myC06,-0.67791937816122705,"Petrus, P. et al",17,Myeloid_6
Petrus,D49,2,myC10,-2.0908739553474498,"Petrus, P. et al",17,Myeloid_10
Petrus,D49,2,myC15,-0.60420160217529195,"Petrus, P. et al",17,Myeloid_15
Petrus,D49,2,myC05,-2.12383356884007,"Petrus, P. et al",17,Myeloid_5
Petrus,D49,2,myC14,-0.75299466596150699,"Petrus, P. et al",17,Myeloid_14
Petrus,D49,2,myC03,-1.80735758442002,"Petrus, P. et al",17,Myeloid_3
Petrus,D50,0,myC00,1.24058730213222,"Petrus, P. et al",18,Myeloid_0
Petrus,D50,0,myC01,1.4620139732258299,"Petrus, P. et al",18,Myeloid_1
Petrus,D50,0,myC04,-1.41642430019979,"Petrus, P. et al",18,Myeloid_4
Petrus,D50,0,myC07,0.60880184304595697,"Petrus, P. et al",18,Myeloid_7
Petrus,D50,0,myC08,4.2334137340768399,"Petrus, P. et al",18,Myeloid_8
Petrus,D50,0,myC09,-0.042368482085260797,"Petrus, P. et al",18,Myeloid_9
Petrus,D50,0,myC11,2.7195923264244102,"Petrus, P. et al",18,Myeloid_11
Petrus,D50,0,myC12,0.41874377529898399,"Petrus, P. et al",18,Myeloid_12
Petrus,D50,0,myC13,-0.59648933301459806,"Petrus, P. et al",18,Myeloid_13
Petrus,D50,0,myC02,1.7413366734280999,"Petrus, P. et al",18,Myeloid_2
Petrus,D50,0,myC06,0.230455202470569,"Petrus, P. et al",18,Myeloid_6
Petrus,D50,0,myC10,0.089007750868643307,"Petrus, P. et al",18,Myeloid_10
Petrus,D50,0,myC15,1.2127641631144399,"Petrus, P. et al",18,Myeloid_15
Petrus,D50,0,myC05,2.6142424940618398,"Petrus, P. et al",18,Myeloid_5
Petrus,D50,0,myC14,1.7877483636937801,"Petrus, P. et al",18,Myeloid_14
Petrus,D50,0,myC03,1.3429290251963,"Petrus, P. et al",18,Myeloid_3
Petrus,D50,2,myC00,-7.1841075428500103,"Petrus, P. et al",19,Myeloid_0
Petrus,D50,2,myC01,-6.4021691254627298,"Petrus, P. et al",19,Myeloid_1
Petrus,D50,2,myC04,4.1926706290287399,"Petrus, P. et al",19,Myeloid_4
Petrus,D50,2,myC07,-1.77248408972919,"Petrus, P. et al",19,Myeloid_7
Petrus,D50,2,myC08,-4.9683879425551698,"Petrus, P. et al",19,Myeloid_8
Petrus,D50,2,myC09,0.48942364960017698,"Petrus, P. et al",19,Myeloid_9
Petrus,D50,2,myC11,-6.5241730447962798,"Petrus, P. et al",19,Myeloid_11
Petrus,D50,2,myC12,-3.6138337625632002,"Petrus, P. et al",19,Myeloid_12
Petrus,D50,2,myC13,-3.6844513401033998,"Petrus, P. et al",19,Myeloid_13
Petrus,D50,2,myC02,-3.9051007990684101,"Petrus, P. et al",19,Myeloid_2
Petrus,D50,2,myC06,-2.8186790789422198,"Petrus, P. et al",19,Myeloid_6
Petrus,D50,2,myC10,-2.0570086112213501,"Petrus, P. et al",19,Myeloid_10
Petrus,D50,2,myC15,1.18557936290365,"Petrus, P. et al",19,Myeloid_15
Petrus,D50,2,myC05,-4.5292968559389202,"Petrus, P. et al",19,Myeloid_5
Petrus,D50,2,myC14,0.32660854024193697,"Petrus, P. et al",19,Myeloid_14
Petrus,D50,2,myC03,-2.6059942820673001,"Petrus, P. et al",19,Myeloid_3
Petrus,D56,0,myC00,3.7462366776964502,"Petrus, P. et al",20,Myeloid_0
Petrus,D56,0,myC01,3.59553720431947,"Petrus, P. et al",20,Myeloid_1
Petrus,D56,0,myC04,-3.0303135262768,"Petrus, P. et al",20,Myeloid_4
Petrus,D56,0,myC07,-0.114513330140289,"Petrus, P. et al",20,Myeloid_7
Petrus,D56,0,myC08,1.5031413368322,"Petrus, P. et al",20,Myeloid_8
Petrus,D56,0,myC09,-1.1631259031043999,"Petrus, P. et al",20,Myeloid_9
Petrus,D56,0,myC11,1.7379143946567801,"Petrus, P. et al",20,Myeloid_11
Petrus,D56,0,myC12,1.0544083067721699,"Petrus, P. et al",20,Myeloid_12
Petrus,D56,0,myC13,1.46398193564844,"Petrus, P. et al",20,Myeloid_13
Petrus,D56,0,myC02,1.2439101758539499,"Petrus, P. et al",20,Myeloid_2
Petrus,D56,0,myC06,1.1626181216204201,"Petrus, P. et al",20,Myeloid_6
Petrus,D56,0,myC10,-0.43478329826316697,"Petrus, P. et al",20,Myeloid_10
Petrus,D56,0,myC15,-1.00752676811049,"Petrus, P. et al",20,Myeloid_15
Petrus,D56,0,myC05,-0.60884432309884196,"Petrus, P. et al",20,Myeloid_5
Petrus,D56,0,myC14,-2.16539968262405,"Petrus, P. et al",20,Myeloid_14
Petrus,D56,0,myC03,0.87039919245503805,"Petrus, P. et al",20,Myeloid_3
Petrus,D56,2,myC00,-2.7355179770912499,"Petrus, P. et al",21,Myeloid_0
Petrus,D56,2,myC01,-2.9807142170442602,"Petrus, P. et al",21,Myeloid_1
Petrus,D56,2,myC04,-0.076633706337151705,"Petrus, P. et al",21,Myeloid_4
Petrus,D56,2,myC07,-1.12334932010387,"Petrus, P. et al",21,Myeloid_7
Petrus,D56,2,myC08,-2.81514666011818,"Petrus, P. et al",21,Myeloid_8
Petrus,D56,2,myC09,-1.6003412271989701,"Petrus, P. et al",21,Myeloid_9
Petrus,D56,2,myC11,-3.12051860369623,"Petrus, P. et al",21,Myeloid_11
Petrus,D56,2,myC12,-3.4627285699477199,"Petrus, P. et al",21,Myeloid_12
Petrus,D56,2,myC13,-2.9150670941432302,"Petrus, P. et al",21,Myeloid_13
Petrus,D56,2,myC02,-3.2562839774255901,"Petrus, P. et al",21,Myeloid_2
Petrus,D56,2,myC06,-1.8113260742117701,"Petrus, P. et al",21,Myeloid_6
Petrus,D56,2,myC10,-2.3042771441443102,"Petrus, P. et al",21,Myeloid_10
Petrus,D56,2,myC15,-2.1386937060306601,"Petrus, P. et al",21,Myeloid_15
Petrus,D56,2,myC05,-5.4338207912987704,"Petrus, P. et al",21,Myeloid_5
Petrus,D56,2,myC14,-4.0171777021748598,"Petrus, P. et al",21,Myeloid_14
Petrus,D56,2,myC03,-4.9387927744514899,"Petrus, P. et al",21,Myeloid_3
Petrus,D60,0,myC00,3.2073895787878599,"Petrus, P. et al",22,Myeloid_0
Petrus,D60,0,myC01,4.0323266523025501,"Petrus, P. et al",22,Myeloid_1
Petrus,D60,0,myC04,0.67944606234777205,"Petrus, P. et al",22,Myeloid_4
Petrus,D60,0,myC07,-0.039502258516652802,"Petrus, P. et al",22,Myeloid_7
Petrus,D60,0,myC08,4.0926710558314801,"Petrus, P. et al",22,Myeloid_8
Petrus,D60,0,myC09,1.1040420825538599,"Petrus, P. et al",22,Myeloid_9
Petrus,D60,0,myC11,2.86523132514094,"Petrus, P. et al",22,Myeloid_11
Petrus,D60,0,myC12,3.3043571286556799,"Petrus, P. et al",22,Myeloid_12
Petrus,D60,0,myC13,3.0179632844592899,"Petrus, P. et al",22,Myeloid_13
Petrus,D60,0,myC02,3.96612345049531,"Petrus, P. et al",22,Myeloid_2
Petrus,D60,0,myC06,0.78172029711841096,"Petrus, P. et al",22,Myeloid_6
Petrus,D60,0,myC10,3.15486305985754,"Petrus, P. et al",22,Myeloid_10
Petrus,D60,0,myC15,2.7885383277588698,"Petrus, P. et al",22,Myeloid_15
Petrus,D60,0,myC05,5.9989377669975896,"Petrus, P. et al",22,Myeloid_5
Petrus,D60,0,myC14,4.4521558274216098,"Petrus, P. et al",22,Myeloid_14
Petrus,D60,0,myC03,5.2644453305025296,"Petrus, P. et al",22,Myeloid_3
Petrus,D60,2,myC00,-1.6492183870161301,"Petrus, P. et al",23,Myeloid_0
Petrus,D60,2,myC01,-1.90776826655416,"Petrus, P. et al",23,Myeloid_1
Petrus,D60,2,myC04,1.9657411290147599,"Petrus, P. et al",23,Myeloid_4
Petrus,D60,2,myC07,-0.59973704169967001,"Petrus, P. et al",23,Myeloid_7
Petrus,D60,2,myC08,-0.59621620111086204,"Petrus, P. et al",23,Myeloid_8
Petrus,D60,2,myC09,0.80514697260031698,"Petrus, P. et al",23,Myeloid_9
Petrus,D60,2,myC11,-2.1870205116125598,"Petrus, P. et al",23,Myeloid_11
Petrus,D60,2,myC12,-1.9722201706822,"Petrus, P. et al",23,Myeloid_12
Petrus,D60,2,myC13,0.36840452080365799,"Petrus, P. et al",23,Myeloid_13
Petrus,D60,2,myC02,-2.1403133472221798,"Petrus, P. et al",23,Myeloid_2
Petrus,D60,2,myC06,-0.841122132891304,"Petrus, P. et al",23,Myeloid_6
Petrus,D60,2,myC10,-1.06995213720477,"Petrus, P. et al",23,Myeloid_10
Petrus,D60,2,myC15,0.65295022352655396,"Petrus, P. et al",23,Myeloid_15
Petrus,D60,2,myC05,-1.8874666189671101,"Petrus, P. et al",23,Myeloid_5
Petrus,D60,2,myC14,-0.53245958972353202,"Petrus, P. et al",23,Myeloid_14
Petrus,D60,2,myC03,-0.52719292000356099,"Petrus, P. et al",23,Myeloid_3
Petrus,D69,0,myC00,3.41443023751714,"Petrus, P. et al",24,Myeloid_0
Petrus,D69,0,myC01,2.8272078110816299,"Petrus, P. et al",24,Myeloid_1
Petrus,D69,0,myC04,-0.30158445104032799,"Petrus, P. et al",24,Myeloid_4
Petrus,D69,0,myC07,1.6416145496954,"Petrus, P. et al",24,Myeloid_7
Petrus,D69,0,myC08,1.16660339098854,"Petrus, P. et al",24,Myeloid_8
Petrus,D69,0,myC09,-0.34049863387821699,"Petrus, P. et al",24,Myeloid_9
Petrus,D69,0,myC11,1.4520720930858,"Petrus, P. et al",24,Myeloid_11
Petrus,D69,0,myC12,3.6592200484817501,"Petrus, P. et al",24,Myeloid_12
Petrus,D69,0,myC13,1.6828518601429301,"Petrus, P. et al",24,Myeloid_13
Petrus,D69,0,myC02,2.2896040434491698,"Petrus, P. et al",24,Myeloid_2
Petrus,D69,0,myC06,1.0867844915212601,"Petrus, P. et al",24,Myeloid_6
Petrus,D69,0,myC10,0.93741547099261502,"Petrus, P. et al",24,Myeloid_10
Petrus,D69,0,myC15,-0.35204399605175901,"Petrus, P. et al",24,Myeloid_15
Petrus,D69,0,myC05,0.66285176146696601,"Petrus, P. et al",24,Myeloid_5
Petrus,D69,0,myC14,-0.24267447392819699,"Petrus, P. et al",24,Myeloid_14
Petrus,D69,0,myC03,0.20293562572082399,"Petrus, P. et al",24,Myeloid_3
Petrus,D69,2,myC00,-1.4999726671006099,"Petrus, P. et al",25,Myeloid_0
Petrus,D69,2,myC01,-1.2051405592931701,"Petrus, P. et al",25,Myeloid_1
Petrus,D69,2,myC04,0.20139645169606599,"Petrus, P. et al",25,Myeloid_4
Petrus,D69,2,myC07,-1.8763163921806401,"Petrus, P. et al",25,Myeloid_7
Petrus,D69,2,myC08,-1.8668867603730099,"Petrus, P. et al",25,Myeloid_8
Petrus,D69,2,myC09,-1.25232491083765,"Petrus, P. et al",25,Myeloid_9
Petrus,D69,2,myC11,-0.81298755168471204,"Petrus, P. et al",25,Myeloid_11
Petrus,D69,2,myC12,-2.16622902002926,"Petrus, P. et al",25,Myeloid_12
Petrus,D69,2,myC13,-0.443506956234889,"Petrus, P. et al",25,Myeloid_13
Petrus,D69,2,myC02,-1.61821031001808,"Petrus, P. et al",25,Myeloid_2
Petrus,D69,2,myC06,-0.34471379476102898,"Petrus, P. et al",25,Myeloid_6
Petrus,D69,2,myC10,-1.46994660857741,"Petrus, P. et al",25,Myeloid_10
Petrus,D69,2,myC15,-1.6393634180429499,"Petrus, P. et al",25,Myeloid_15
Petrus,D69,2,myC05,-3.68334500722389,"Petrus, P. et al",25,Myeloid_5
Petrus,D69,2,myC14,-3.5426445512912199,"Petrus, P. et al",25,Myeloid_14
Petrus,D69,2,myC03,-1.3639740770459601,"Petrus, P. et al",25,Myeloid_3
Petrus,D72,0,myC00,3.11987549526143,"Petrus, P. et al",26,Myeloid_0
Petrus,D72,0,myC01,3.6039999607411901,"Petrus, P. et al",26,Myeloid_1
Petrus,D72,0,myC04,-1.0872482910253201,"Petrus, P. et al",26,Myeloid_4
Petrus,D72,0,myC07,-0.069074551777920504,"Petrus, P. et al",26,Myeloid_7
Petrus,D72,0,myC08,3.4097484335342498,"Petrus, P. et al",26,Myeloid_8
Petrus,D72,0,myC09,0.49359182530832202,"Petrus, P. et al",26,Myeloid_9
Petrus,D72,0,myC11,3.1282220065080102,"Petrus, P. et al",26,Myeloid_11
Petrus,D72,0,myC12,3.7337943349259,"Petrus, P. et al",26,Myeloid_12
Petrus,D72,0,myC13,1.5158748205371,"Petrus, P. et al",26,Myeloid_13
Petrus,D72,0,myC02,2.4760898051789999,"Petrus, P. et al",26,Myeloid_2
Petrus,D72,0,myC06,1.74296941265546,"Petrus, P. et al",26,Myeloid_6
Petrus,D72,0,myC10,1.1042092930623,"Petrus, P. et al",26,Myeloid_10
Petrus,D72,0,myC15,0.40034862279909,"Petrus, P. et al",26,Myeloid_15
Petrus,D72,0,myC05,0.55555122190105,"Petrus, P. et al",26,Myeloid_5
Petrus,D72,0,myC14,0.30364952772689802,"Petrus, P. et al",26,Myeloid_14
Petrus,D72,0,myC03,3.1779526205094601,"Petrus, P. et al",26,Myeloid_3
Petrus,D72,2,myC00,-3.9904405927132101,"Petrus, P. et al",27,Myeloid_0
Petrus,D72,2,myC01,-4.9571890470502904,"Petrus, P. et al",27,Myeloid_1
Petrus,D72,2,myC04,0.213629167397412,"Petrus, P. et al",27,Myeloid_4
Petrus,D72,2,myC07,-1.59508999631286,"Petrus, P. et al",27,Myeloid_7
Petrus,D72,2,myC08,-2.5022012152060098,"Petrus, P. et al",27,Myeloid_8
Petrus,D72,2,myC09,-1.30667606370429,"Petrus, P. et al",27,Myeloid_9
Petrus,D72,2,myC11,-3.9472124924523402,"Petrus, P. et al",27,Myeloid_11
Petrus,D72,2,myC12,-4.1926057504068703,"Petrus, P. et al",27,Myeloid_12
Petrus,D72,2,myC13,-3.79299395879565,"Petrus, P. et al",27,Myeloid_13
Petrus,D72,2,myC02,-2.9550754891556301,"Petrus, P. et al",27,Myeloid_2
Petrus,D72,2,myC06,-2.216791281176,"Petrus, P. et al",27,Myeloid_6
Petrus,D72,2,myC10,-2.7336652395626402,"Petrus, P. et al",27,Myeloid_10
Petrus,D72,2,myC15,-2.2303856116426299,"Petrus, P. et al",27,Myeloid_15
Petrus,D72,2,myC05,-6.9789965981172903,"Petrus, P. et al",27,Myeloid_5
Petrus,D72,2,myC14,-5.0314549904455799,"Petrus, P. et al",27,Myeloid_14
Petrus,D72,2,myC03,-5.1869333431424502,"Petrus, P. et al",27,Myeloid_3
Petrus,D75,0,myC00,2.61340387180315,"Petrus, P. et al",28,Myeloid_0
Petrus,D75,0,myC01,2.5133317262282699,"Petrus, P. et al",28,Myeloid_1
Petrus,D75,0,myC04,0.22486837150137501,"Petrus, P. et al",28,Myeloid_4
Petrus,D75,0,myC07,0.52667813407774,"Petrus, P. et al",28,Myeloid_7
Petrus,D75,0,myC08,1.6297045795276399,"Petrus, P. et al",28,Myeloid_8
Petrus,D75,0,myC09,0.64485537763205902,"Petrus, P. et al",28,Myeloid_9
Petrus,D75,0,myC11,2.3944097225882301,"Petrus, P. et al",28,Myeloid_11
Petrus,D75,0,myC12,1.98639673621072,"Petrus, P. et al",28,Myeloid_12
Petrus,D75,0,myC13,1.51601931765816,"Petrus, P. et al",28,Myeloid_13
Petrus,D75,0,myC02,0.062980196333879704,"Petrus, P. et al",28,Myeloid_2
Petrus,D75,0,myC06,0.765233762562189,"Petrus, P. et al",28,Myeloid_6
Petrus,D75,0,myC10,-0.57598915028587605,"Petrus, P. et al",28,Myeloid_10
Petrus,D75,0,myC15,0.68190763304038104,"Petrus, P. et al",28,Myeloid_15
Petrus,D75,0,myC05,1.55394699921267,"Petrus, P. et al",28,Myeloid_5
Petrus,D75,0,myC14,0.574818172603067,"Petrus, P. et al",28,Myeloid_14
Petrus,D75,0,myC03,2.2993852745079999,"Petrus, P. et al",28,Myeloid_3
Petrus,D75,2,myC00,-0.30357007943998099,"Petrus, P. et al",29,Myeloid_0
Petrus,D75,2,myC01,-1.0686153092443,"Petrus, P. et al",29,Myeloid_1
Petrus,D75,2,myC04,1.1158250096032201,"Petrus, P. et al",29,Myeloid_4
Petrus,D75,2,myC07,-1.1304567733898001,"Petrus, P. et al",29,Myeloid_7
Petrus,D75,2,myC08,-1.34496805860797,"Petrus, P. et al",29,Myeloid_8
Petrus,D75,2,myC09,-0.080440916235640397,"Petrus, P. et al",29,Myeloid_9
Petrus,D75,2,myC11,-0.378388614053418,"Petrus, P. et al",29,Myeloid_11
Petrus,D75,2,myC12,-1.9866477843656001,"Petrus, P. et al",29,Myeloid_12
Petrus,D75,2,myC13,-0.20687980186158,"Petrus, P. et al",29,Myeloid_13
Petrus,D75,2,myC02,-2.07974536472328,"Petrus, P. et al",29,Myeloid_2
Petrus,D75,2,myC06,0.32179253570659799,"Petrus, P. et al",29,Myeloid_6
Petrus,D75,2,myC10,-1.2698081977406499,"Petrus, P. et al",29,Myeloid_10
Petrus,D75,2,myC15,-0.33598664077321,"Petrus, P. et al",29,Myeloid_15
Petrus,D75,2,myC05,-3.7982150429360599,"Petrus, P. et al",29,Myeloid_5
Petrus,D75,2,myC14,-2.0604092994210101,"Petrus, P. et al",29,Myeloid_14
Petrus,D75,2,myC03,-1.7043207655775701,"Petrus, P. et al",29,Myeloid_3
Petrus,D7,0,myC00,0.87680461284586797,"Petrus, P. et al",30,Myeloid_0
Petrus,D7,0,myC01,0.59114745646897005,"Petrus, P. et al",30,Myeloid_1
Petrus,D7,0,myC04,-3.0673068785809998,"Petrus, P. et al",30,Myeloid_4
Petrus,D7,0,myC07,1.3439505886074601,"Petrus, P. et al",30,Myeloid_7
Petrus,D7,0,myC08,2.1558163084512301,"Petrus, P. et al",30,Myeloid_8
Petrus,D7,0,myC09,-1.0761785991066899,"Petrus, P. et al",30,Myeloid_9
Petrus,D7,0,myC11,2.6301518432713298,"Petrus, P. et al",30,Myeloid_11
Petrus,D7,0,myC12,0.66043750328908801,"Petrus, P. et al",30,Myeloid_12
Petrus,D7,0,myC13,-0.85337294819550302,"Petrus, P. et al",30,Myeloid_13
Petrus,D7,0,myC02,3.3980223613087701,"Petrus, P. et al",30,Myeloid_2
Petrus,D7,0,myC06,-0.97373965083243896,"Petrus, P. et al",30,Myeloid_6
Petrus,D7,0,myC10,1.9146957615379001,"Petrus, P. et al",30,Myeloid_10
Petrus,D7,0,myC15,0.240119540065862,"Petrus, P. et al",30,Myeloid_15
Petrus,D7,0,myC05,1.1111756098333201,"Petrus, P. et al",30,Myeloid_5
Petrus,D7,0,myC14,-1.10424843274694,"Petrus, P. et al",30,Myeloid_14
Petrus,D7,0,myC03,1.93875443569888,"Petrus, P. et al",30,Myeloid_3
Petrus,D7,2,myC00,-5.6770930085265796,"Petrus, P. et al",31,Myeloid_0
Petrus,D7,2,myC01,-4.6348077723199603,"Petrus, P. et al",31,Myeloid_1
Petrus,D7,2,myC04,2.6294968353753698,"Petrus, P. et al",31,Myeloid_4
Petrus,D7,2,myC07,-1.1287501795381201,"Petrus, P. et al",31,Myeloid_7
Petrus,D7,2,myC08,-3.6992545657329501,"Petrus, P. et al",31,Myeloid_8
Petrus,D7,2,myC09,0.54493325434262097,"Petrus, P. et al",31,Myeloid_9
Petrus,D7,2,myC11,-3.7324455696161301,"Petrus, P. et al",31,Myeloid_11
Petrus,D7,2,myC12,-3.2340347947028101,"Petrus, P. et al",31,Myeloid_12
Petrus,D7,2,myC13,-3.2533762083663098,"Petrus, P. et al",31,Myeloid_13
Petrus,D7,2,myC02,-1.72766020498815,"Petrus, P. et al",31,Myeloid_2
Petrus,D7,2,myC06,-1.4143974781486199,"Petrus, P. et al",31,Myeloid_6
Petrus,D7,2,myC10,-1.6361336806350699,"Petrus, P. et al",31,Myeloid_10
Petrus,D7,2,myC15,-0.38696016370348602,"Petrus, P. et al",31,Myeloid_15
Petrus,D7,2,myC05,2.95184870999767,"Petrus, P. et al",31,Myeloid_5
Petrus,D7,2,myC14,3.3260145316666399,"Petrus, P. et al",31,Myeloid_14
Petrus,D7,2,myC03,-2.51253838026294,"Petrus, P. et al",31,Myeloid_3
Kerr,4810,2,myC00,-1.04872646414926,"Kerr, A. et al.",2,Myeloid_0
Kerr,4810,2,myC01,-1.41174006915192,"Kerr, A. et al.",2,Myeloid_1
Kerr,4810,2,myC04,2.30588047308499,"Kerr, A. et al.",2,Myeloid_4
Kerr,4810,2,myC07,-0.146537762898756,"Kerr, A. et al.",2,Myeloid_7
Kerr,4810,2,myC08,-1.8675154148358899,"Kerr, A. et al.",2,Myeloid_8
Kerr,4810,2,myC09,1.3274927290184799,"Kerr, A. et al.",2,Myeloid_9
Kerr,4810,2,myC11,-0.76507697283287401,"Kerr, A. et al.",2,Myeloid_11
Kerr,4810,2,myC12,-1.40428515234056,"Kerr, A. et al.",2,Myeloid_12
Kerr,4810,2,myC13,-0.48201179894579099,"Kerr, A. et al.",2,Myeloid_13
Kerr,4810,2,myC02,-1.72154806957736,"Kerr, A. et al.",2,Myeloid_2
Kerr,4810,2,myC06,-1.43847928604523,"Kerr, A. et al.",2,Myeloid_6
Kerr,4810,2,myC10,-0.98304444372229005,"Kerr, A. et al.",2,Myeloid_10
Kerr,4810,2,myC15,-0.43565876533289399,"Kerr, A. et al.",2,Myeloid_15
Kerr,4810,2,myC05,0.74618526644593997,"Kerr, A. et al.",2,Myeloid_5
Kerr,4810,2,myC14,2.0826137664883202,"Kerr, A. et al.",2,Myeloid_14
Kerr,4810,2,myC03,-0.996976837891829,"Kerr, A. et al.",2,Myeloid_3
Kerr,4589,5,myC00,2.2243437539906301,"Kerr, A. et al.",3,Myeloid_0
Kerr,4589,5,myC01,2.0389200336281701,"Kerr, A. et al.",3,Myeloid_1
Kerr,4589,5,myC04,0.57064050937364497,"Kerr, A. et al.",3,Myeloid_4
Kerr,4589,5,myC07,0.60938512642527198,"Kerr, A. et al.",3,Myeloid_7
Kerr,4589,5,myC08,1.6775925369142499,"Kerr, A. et al.",3,Myeloid_8
Kerr,4589,5,myC09,-0.30158518263751499,"Kerr, A. et al.",3,Myeloid_9
Kerr,4589,5,myC11,1.24794292921015,"Kerr, A. et al.",3,Myeloid_11
Kerr,4589,5,myC12,1.7517052477394499,"Kerr, A. et al.",3,Myeloid_12
Kerr,4589,5,myC13,2.0938618532276299,"Kerr, A. et al.",3,Myeloid_13
Kerr,4589,5,myC02,1.01097356067657,"Kerr, A. et al.",3,Myeloid_2
Kerr,4589,5,myC06,1.6240555973890101,"Kerr, A. et al.",3,Myeloid_6
Kerr,4589,5,myC10,0.13277111039230799,"Kerr, A. et al.",3,Myeloid_10
Kerr,4589,5,myC15,0.16985448988757099,"Kerr, A. et al.",3,Myeloid_15
Kerr,4589,5,myC05,-1.4438949830916601,"Kerr, A. et al.",3,Myeloid_5
Kerr,4589,5,myC14,-2.8442689526439699,"Kerr, A. et al.",3,Myeloid_14
Kerr,4589,5,myC03,1.0660232969790999,"Kerr, A. et al.",3,Myeloid_3
Kerr,4615,5,myC00,-0.18562427764087,"Kerr, A. et al.",4,Myeloid_0
Kerr,4615,5,myC01,-1.7056492287310001,"Kerr, A. et al.",4,Myeloid_1
Kerr,4615,5,myC04,-0.98787808832880597,"Kerr, A. et al.",4,Myeloid_4
Kerr,4615,5,myC07,1.4319628021353401,"Kerr, A. et al.",4,Myeloid_7
Kerr,4615,5,myC08,-0.56541171346534802,"Kerr, A. et al.",4,Myeloid_8
Kerr,4615,5,myC09,-0.087151280743816603,"Kerr, A. et al.",4,Myeloid_9
Kerr,4615,5,myC11,-0.41691627376903201,"Kerr, A. et al.",4,Myeloid_11
Kerr,4615,5,myC12,-0.108488369105146,"Kerr, A. et al.",4,Myeloid_12
Kerr,4615,5,myC13,-0.481000918399552,"Kerr, A. et al.",4,Myeloid_13
Kerr,4615,5,myC02,0.89321714283370302,"Kerr, A. et al.",4,Myeloid_2
Kerr,4615,5,myC06,-0.829417114496528,"Kerr, A. et al.",4,Myeloid_6
Kerr,4615,5,myC10,-0.204816334661094,"Kerr, A. et al.",4,Myeloid_10
Kerr,4615,5,myC15,-0.61854753254086003,"Kerr, A. et al.",4,Myeloid_15
Kerr,4615,5,myC05,0.42120142388206899,"Kerr, A. et al.",4,Myeloid_5
Kerr,4615,5,myC14,-0.060108603486760899,"Kerr, A. et al.",4,Myeloid_14
Kerr,4615,5,myC03,-0.32480364823586899,"Kerr, A. et al.",4,Myeloid_3
Kerr,4595,5,myC00,-3.6588637367903001,"Kerr, A. et al.",5,Myeloid_0
Kerr,4595,5,myC01,-3.1628860898606002,"Kerr, A. et al.",5,Myeloid_1
Kerr,4595,5,myC04,-0.60967188212682,"Kerr, A. et al.",5,Myeloid_4
Kerr,4595,5,myC07,-1.9904885079147401,"Kerr, A. et al.",5,Myeloid_7
Kerr,4595,5,myC08,-3.6630059324072501,"Kerr, A. et al.",5,Myeloid_8
Kerr,4595,5,myC09,-1.4271541575665101,"Kerr, A. et al.",5,Myeloid_9
Kerr,4595,5,myC11,-1.43996362304346,"Kerr, A. et al.",5,Myeloid_11
Kerr,4595,5,myC12,-1.1620197267641099,"Kerr, A. et al.",5,Myeloid_12
Kerr,4595,5,myC13,-2.53113759269961,"Kerr, A. et al.",5,Myeloid_13
Kerr,4595,5,myC02,-1.68270038200831,"Kerr, A. et al.",5,Myeloid_2
Kerr,4595,5,myC06,-2.0847176442323998,"Kerr, A. et al.",5,Myeloid_6
Kerr,4595,5,myC10,-1.6914317251426001,"Kerr, A. et al.",5,Myeloid_10
Kerr,4595,5,myC15,-1.2412031123253,"Kerr, A. et al.",5,Myeloid_15
Kerr,4595,5,myC05,-2.36830657030852,"Kerr, A. et al.",5,Myeloid_5
Kerr,4595,5,myC14,-0.64332316615502905,"Kerr, A. et al.",5,Myeloid_14
Kerr,4595,5,myC03,-2.9899205673109002,"Kerr, A. et al.",5,Myeloid_3
Kerr,4649,0,myC00,2.4556708452651801,"Kerr, A. et al.",6,Myeloid_0
Kerr,4649,0,myC01,3.1266875929714399,"Kerr, A. et al.",6,Myeloid_1
Kerr,4649,0,myC04,0.93883300697666905,"Kerr, A. et al.",6,Myeloid_4
Kerr,4649,0,myC07,3.3748883258114901,"Kerr, A. et al.",6,Myeloid_7
Kerr,4649,0,myC08,3.7642791190309901,"Kerr, A. et al.",6,Myeloid_8
Kerr,4649,0,myC09,2.2105736706826402,"Kerr, A. et al.",6,Myeloid_9
Kerr,4649,0,myC11,2.50103957581012,"Kerr, A. et al.",6,Myeloid_11
Kerr,4649,0,myC12,2.7887155358476301,"Kerr, A. et al.",6,Myeloid_12
Kerr,4649,0,myC13,2.31891242061945,"Kerr, A. et al.",6,Myeloid_13
Kerr,4649,0,myC02,4.48484606545549,"Kerr, A. et al.",6,Myeloid_2
Kerr,4649,0,myC06,2.9485517468341498,"Kerr, A. et al.",6,Myeloid_6
Kerr,4649,0,myC10,3.1225767737392598,"Kerr, A. et al.",6,Myeloid_10
Kerr,4649,0,myC15,1.3201829174408399,"Kerr, A. et al.",6,Myeloid_15
Kerr,4649,0,myC05,5.1068864613203804,"Kerr, A. et al.",6,Myeloid_5
Kerr,4649,0,myC14,2.7588075321544299,"Kerr, A. et al.",6,Myeloid_14
Kerr,4649,0,myC03,4.3017017909873996,"Kerr, A. et al.",6,Myeloid_3
Kerr,4634,2,myC00,-2.6631518533559699,"Kerr, A. et al.",7,Myeloid_0
Kerr,4634,2,myC01,-2.2944013644607302,"Kerr, A. et al.",7,Myeloid_1
Kerr,4634,2,myC04,0.43677123766957998,"Kerr, A. et al.",7,Myeloid_4
Kerr,4634,2,myC07,-0.69518602052809098,"Kerr, A. et al.",7,Myeloid_7
Kerr,4634,2,myC08,-3.3123729667896402,"Kerr, A. et al.",7,Myeloid_8
Kerr,4634,2,myC09,-1.2314367767027099,"Kerr, A. et al.",7,Myeloid_9
Kerr,4634,2,myC11,-1.567305874359,"Kerr, A. et al.",7,Myeloid_11
Kerr,4634,2,myC12,-3.2843751410800102,"Kerr, A. et al.",7,Myeloid_12
Kerr,4634,2,myC13,-2.7022937909407498,"Kerr, A. et al.",7,Myeloid_13
Kerr,4634,2,myC02,-2.86849250492978,"Kerr, A. et al.",7,Myeloid_2
Kerr,4634,2,myC06,-2.9582271226574899,"Kerr, A. et al.",7,Myeloid_6
Kerr,4634,2,myC10,-1.3888966590858001,"Kerr, A. et al.",7,Myeloid_10
Kerr,4634,2,myC15,-1.1044564842507001,"Kerr, A. et al.",7,Myeloid_15
Kerr,4634,2,myC05,-3.8310165753077698,"Kerr, A. et al.",7,Myeloid_5
Kerr,4634,2,myC14,-3.6283396303677802,"Kerr, A. et al.",7,Myeloid_14
Kerr,4634,2,myC03,-2.8773820251872899,"Kerr, A. et al.",7,Myeloid_3
Kerr,4964,5,myC00,1.4062814856191199,"Kerr, A. et al.",8,Myeloid_0
Kerr,4964,5,myC01,0.25905681438709799,"Kerr, A. et al.",8,Myeloid_1
Kerr,4964,5,myC04,0.30658183287832702,"Kerr, A. et al.",8,Myeloid_4
Kerr,4964,5,myC07,0.47073336818255201,"Kerr, A. et al.",8,Myeloid_7
Kerr,4964,5,myC08,1.2449301514835001,"Kerr, A. et al.",8,Myeloid_8
Kerr,4964,5,myC09,-0.44993945122585499,"Kerr, A. et al.",8,Myeloid_9
Kerr,4964,5,myC11,1.2772528455052099,"Kerr, A. et al.",8,Myeloid_11
Kerr,4964,5,myC12,1.0734327455045301,"Kerr, A. et al.",8,Myeloid_12
Kerr,4964,5,myC13,1.0744315402776401,"Kerr, A. et al.",8,Myeloid_13
Kerr,4964,5,myC02,0.22416264619815299,"Kerr, A. et al.",8,Myeloid_2
Kerr,4964,5,myC06,1.5015742631926801,"Kerr, A. et al.",8,Myeloid_6
Kerr,4964,5,myC10,-0.97199551651744498,"Kerr, A. et al.",8,Myeloid_10
Kerr,4964,5,myC15,1.29995905238412,"Kerr, A. et al.",8,Myeloid_15
Kerr,4964,5,myC05,-1.5173408301289399,"Kerr, A. et al.",8,Myeloid_5
Kerr,4964,5,myC14,-0.90129662187269199,"Kerr, A. et al.",8,Myeloid_14
Kerr,4964,5,myC03,0.240088918736799,"Kerr, A. et al.",8,Myeloid_3
Kerr,4595,2,myC00,-2.9601480745688402,"Kerr, A. et al.",9,Myeloid_0
Kerr,4595,2,myC01,-1.72401188814277,"Kerr, A. et al.",9,Myeloid_1
Kerr,4595,2,myC04,-0.84709182587716503,"Kerr, A. et al.",9,Myeloid_4
Kerr,4595,2,myC07,-1.62984865693542,"Kerr, A. et al.",9,Myeloid_7
Kerr,4595,2,myC08,-4.4103440953129498,"Kerr, A. et al.",9,Myeloid_8
Kerr,4595,2,myC09,-1.24972829120032,"Kerr, A. et al.",9,Myeloid_9
Kerr,4595,2,myC11,-0.90233366103396295,"Kerr, A. et al.",9,Myeloid_11
Kerr,4595,2,myC12,-1.5457172546456499,"Kerr, A. et al.",9,Myeloid_12
Kerr,4595,2,myC13,-1.9462173736039201,"Kerr, A. et al.",9,Myeloid_13
Kerr,4595,2,myC02,-1.91028605678053,"Kerr, A. et al.",9,Myeloid_2
Kerr,4595,2,myC06,-1.78225794969524,"Kerr, A. et al.",9,Myeloid_6
Kerr,4595,2,myC10,-2.24487214491799,"Kerr, A. et al.",9,Myeloid_10
Kerr,4595,2,myC15,-1.42705215704203,"Kerr, A. et al.",9,Myeloid_15
Kerr,4595,2,myC05,-0.20133424240530101,"Kerr, A. et al.",9,Myeloid_5
Kerr,4595,2,myC14,0.95236875905164597,"Kerr, A. et al.",9,Myeloid_14
Kerr,4595,2,myC03,-2.8458325988616,"Kerr, A. et al.",9,Myeloid_3
Kerr,4625,5,myC00,-7.3701788166305304,"Kerr, A. et al.",10,Myeloid_0
Kerr,4625,5,myC01,-4.8353729076085203,"Kerr, A. et al.",10,Myeloid_1
Kerr,4625,5,myC04,-1.0630768938514901,"Kerr, A. et al.",10,Myeloid_4
Kerr,4625,5,myC07,-1.9735114483177001,"Kerr, A. et al.",10,Myeloid_7
Kerr,4625,5,myC08,-6.4123178506881402,"Kerr, A. et al.",10,Myeloid_8
Kerr,4625,5,myC09,-2.3998202860375901,"Kerr, A. et al.",10,Myeloid_9
Kerr,4625,5,myC11,-2.93408840559395,"Kerr, A. et al.",10,Myeloid_11
Kerr,4625,5,myC12,-4.3748329727480799,"Kerr, A. et al.",10,Myeloid_12
Kerr,4625,5,myC13,-6.1821118576088701,"Kerr, A. et al.",10,Myeloid_13
Kerr,4625,5,myC02,-4.3801672634722202,"Kerr, A. et al.",10,Myeloid_2
Kerr,4625,5,myC06,-5.4163889642777203,"Kerr, A. et al.",10,Myeloid_6
Kerr,4625,5,myC10,-1.8510302956107101,"Kerr, A. et al.",10,Myeloid_10
Kerr,4625,5,myC15,-2.3527508768719101,"Kerr, A. et al.",10,Myeloid_15
Kerr,4625,5,myC05,-5.5423464255878701,"Kerr, A. et al.",10,Myeloid_5
Kerr,4625,5,myC14,-3.1714918023465399,"Kerr, A. et al.",10,Myeloid_14
Kerr,4625,5,myC03,-5.4862716616065699,"Kerr, A. et al.",10,Myeloid_3
Kerr,4908,0,myC00,3.9192025923382001,"Kerr, A. et al.",11,Myeloid_0
Kerr,4908,0,myC01,3.14404298732306,"Kerr, A. et al.",11,Myeloid_1
Kerr,4908,0,myC04,1.71104118034814,"Kerr, A. et al.",11,Myeloid_4
Kerr,4908,0,myC07,1.9540064177141001,"Kerr, A. et al.",11,Myeloid_7
Kerr,4908,0,myC08,3.0031537936725701,"Kerr, A. et al.",11,Myeloid_8
Kerr,4908,0,myC09,0.98089845986583402,"Kerr, A. et al.",11,Myeloid_9
Kerr,4908,0,myC11,1.8584796380369899,"Kerr, A. et al.",11,Myeloid_11
Kerr,4908,0,myC12,1.0082104498158,"Kerr, A. et al.",11,Myeloid_12
Kerr,4908,0,myC13,3.87625570991593,"Kerr, A. et al.",11,Myeloid_13
Kerr,4908,0,myC02,1.74416717600852,"Kerr, A. et al.",11,Myeloid_2
Kerr,4908,0,myC06,1.5729233310136701,"Kerr, A. et al.",11,Myeloid_6
Kerr,4908,0,myC10,-0.0098496662008772402,"Kerr, A. et al.",11,Myeloid_10
Kerr,4908,0,myC15,0.96737108812497297,"Kerr, A. et al.",11,Myeloid_15
Kerr,4908,0,myC05,2.42416067435347,"Kerr, A. et al.",11,Myeloid_5
Kerr,4908,0,myC14,1.6142824440827901,"Kerr, A. et al.",11,Myeloid_14
Kerr,4908,0,myC03,2.6455183656645498,"Kerr, A. et al.",11,Myeloid_3
Kerr,4666,5,myC00,-2.41436412382946,"Kerr, A. et al.",12,Myeloid_0
Kerr,4666,5,myC01,-1.2633964235791,"Kerr, A. et al.",12,Myeloid_1
Kerr,4666,5,myC04,-0.89463629577455805,"Kerr, A. et al.",12,Myeloid_4
Kerr,4666,5,myC07,-0.83020896289757995,"Kerr, A. et al.",12,Myeloid_7
Kerr,4666,5,myC08,-3.1270052567025202,"Kerr, A. et al.",12,Myeloid_8
Kerr,4666,5,myC09,-1.22316493897184,"Kerr, A. et al.",12,Myeloid_9
Kerr,4666,5,myC11,-3.5088832109982899,"Kerr, A. et al.",12,Myeloid_11
Kerr,4666,5,myC12,-1.89819654384128,"Kerr, A. et al.",12,Myeloid_12
Kerr,4666,5,myC13,-1.4667702270920899,"Kerr, A. et al.",12,Myeloid_13
Kerr,4666,5,myC02,-2.4274723570825101,"Kerr, A. et al.",12,Myeloid_2
Kerr,4666,5,myC06,-3.51895744875661,"Kerr, A. et al.",12,Myeloid_6
Kerr,4666,5,myC10,-0.72457650108942995,"Kerr, A. et al.",12,Myeloid_10
Kerr,4666,5,myC15,-0.64891201367095397,"Kerr, A. et al.",12,Myeloid_15
Kerr,4666,5,myC05,-3.7901275148022302,"Kerr, A. et al.",12,Myeloid_5
Kerr,4666,5,myC14,-2.8005183998154699,"Kerr, A. et al.",12,Myeloid_14
Kerr,4666,5,myC03,-2.0868295412315798,"Kerr, A. et al.",12,Myeloid_3
Kerr,4598,0,myC00,1.2544206739769299,"Kerr, A. et al.",13,Myeloid_0
Kerr,4598,0,myC01,0.13989562287231599,"Kerr, A. et al.",13,Myeloid_1
Kerr,4598,0,myC04,1.4300016192766101,"Kerr, A. et al.",13,Myeloid_4
Kerr,4598,0,myC07,-0.74885414006510898,"Kerr, A. et al.",13,Myeloid_7
Kerr,4598,0,myC08,-0.26825416682016301,"Kerr, A. et al.",13,Myeloid_8
Kerr,4598,0,myC09,0.70668567668355498,"Kerr, A. et al.",13,Myeloid_9
Kerr,4598,0,myC11,1.0405157639159299,"Kerr, A. et al.",13,Myeloid_11
Kerr,4598,0,myC12,1.6314340944922701,"Kerr, A. et al.",13,Myeloid_12
Kerr,4598,0,myC13,1.5280807036903801,"Kerr, A. et al.",13,Myeloid_13
Kerr,4598,0,myC02,1.12801303051561,"Kerr, A. et al.",13,Myeloid_2
Kerr,4598,0,myC06,0.698539145935543,"Kerr, A. et al.",13,Myeloid_6
Kerr,4598,0,myC10,0.45759508961640299,"Kerr, A. et al.",13,Myeloid_10
Kerr,4598,0,myC15,0.92437530707909199,"Kerr, A. et al.",13,Myeloid_15
Kerr,4598,0,myC05,-1.1555258876764101,"Kerr, A. et al.",13,Myeloid_5
Kerr,4598,0,myC14,-1.25071531197087,"Kerr, A. et al.",13,Myeloid_14
Kerr,4598,0,myC03,1.71396307057303,"Kerr, A. et al.",13,Myeloid_3
Kerr,4985,0,myC00,3.0277038775063199,"Kerr, A. et al.",14,Myeloid_0
Kerr,4985,0,myC01,2.2735737454249501,"Kerr, A. et al.",14,Myeloid_1
Kerr,4985,0,myC04,1.0086651330285099,"Kerr, A. et al.",14,Myeloid_4
Kerr,4985,0,myC07,0.44776231058121402,"Kerr, A. et al.",14,Myeloid_7
Kerr,4985,0,myC08,2.8460793725101099,"Kerr, A. et al.",14,Myeloid_8
Kerr,4985,0,myC09,0.50720564271316604,"Kerr, A. et al.",14,Myeloid_9
Kerr,4985,0,myC11,1.2805414455397499,"Kerr, A. et al.",14,Myeloid_11
Kerr,4985,0,myC12,2.53594297798998,"Kerr, A. et al.",14,Myeloid_12
Kerr,4985,0,myC13,2.1577454914369998,"Kerr, A. et al.",14,Myeloid_13
Kerr,4985,0,myC02,1.4465193753598899,"Kerr, A. et al.",14,Myeloid_2
Kerr,4985,0,myC06,1.40921347619541,"Kerr, A. et al.",14,Myeloid_6
Kerr,4985,0,myC10,0.087347561605063406,"Kerr, A. et al.",14,Myeloid_10
Kerr,4985,0,myC15,1.80881997458028,"Kerr, A. et al.",14,Myeloid_15
Kerr,4985,0,myC05,2.0530420924103399,"Kerr, A. et al.",14,Myeloid_5
Kerr,4985,0,myC14,1.7037864859890299,"Kerr, A. et al.",14,Myeloid_14
Kerr,4985,0,myC03,1.5332321424887301,"Kerr, A. et al.",14,Myeloid_3
Kerr,4981,5,myC00,-2.71764778674329,"Kerr, A. et al.",15,Myeloid_0
Kerr,4981,5,myC01,-1.40966437930122,"Kerr, A. et al.",15,Myeloid_1
Kerr,4981,5,myC04,-1.2346424750960401,"Kerr, A. et al.",15,Myeloid_4
Kerr,4981,5,myC07,-0.76402236355145803,"Kerr, A. et al.",15,Myeloid_7
Kerr,4981,5,myC08,-1.3056066418560801,"Kerr, A. et al.",15,Myeloid_8
Kerr,4981,5,myC09,-1.0905434822117199,"Kerr, A. et al.",15,Myeloid_9
Kerr,4981,5,myC11,-1.7809872180633,"Kerr, A. et al.",15,Myeloid_11
Kerr,4981,5,myC12,-1.1080872795740599,"Kerr, A. et al.",15,Myeloid_12
Kerr,4981,5,myC13,-1.75205120787317,"Kerr, A. et al.",15,Myeloid_13
Kerr,4981,5,myC02,-1.1295598042975401,"Kerr, A. et al.",15,Myeloid_2
Kerr,4981,5,myC06,-1.49325291330236,"Kerr, A. et al.",15,Myeloid_6
Kerr,4981,5,myC10,-1.4356217313412101,"Kerr, A. et al.",15,Myeloid_10
Kerr,4981,5,myC15,-1.6454975635056499,"Kerr, A. et al.",15,Myeloid_15
Kerr,4981,5,myC05,-3.0630294936242799,"Kerr, A. et al.",15,Myeloid_5
Kerr,4981,5,myC14,-2.2198410554922701,"Kerr, A. et al.",15,Myeloid_14
Kerr,4981,5,myC03,-2.4090886390775501,"Kerr, A. et al.",15,Myeloid_3
Kerr,4887,0,myC00,1.8352500052863301,"Kerr, A. et al.",16,Myeloid_0
Kerr,4887,0,myC01,1.31358982175906,"Kerr, A. et al.",16,Myeloid_1
Kerr,4887,0,myC04,5.7426291113442298,"Kerr, A. et al.",16,Myeloid_4
Kerr,4887,0,myC07,0.80004792011563497,"Kerr, A. et al.",16,Myeloid_7
Kerr,4887,0,myC08,3.69058722493474,"Kerr, A. et al.",16,Myeloid_8
Kerr,4887,0,myC09,5.5722763363256602,"Kerr, A. et al.",16,Myeloid_9
Kerr,4887,0,myC11,1.50903199688714,"Kerr, A. et al.",16,Myeloid_11
Kerr,4887,0,myC12,2.5884767537422899,"Kerr, A. et al.",16,Myeloid_12
Kerr,4887,0,myC13,4.7914742331678797,"Kerr, A. et al.",16,Myeloid_13
Kerr,4887,0,myC02,2.4737198413364898,"Kerr, A. et al.",16,Myeloid_2
Kerr,4887,0,myC06,3.8742584099570498,"Kerr, A. et al.",16,Myeloid_6
Kerr,4887,0,myC10,1.0882299001734499,"Kerr, A. et al.",16,Myeloid_10
Kerr,4887,0,myC15,4.6502607284354696,"Kerr, A. et al.",16,Myeloid_15
Kerr,4887,0,myC05,1.5507987438895301,"Kerr, A. et al.",16,Myeloid_5
Kerr,4887,0,myC14,2.2737859842981298,"Kerr, A. et al.",16,Myeloid_14
Kerr,4887,0,myC03,4.47201987793225,"Kerr, A. et al.",16,Myeloid_3
Kerr,4887,2,myC00,-0.540764877602254,"Kerr, A. et al.",17,Myeloid_0
Kerr,4887,2,myC01,0.28649553317112603,"Kerr, A. et al.",17,Myeloid_1
Kerr,4887,2,myC04,-1.6957783705040901,"Kerr, A. et al.",17,Myeloid_4
Kerr,4887,2,myC07,-0.096183587749777699,"Kerr, A. et al.",17,Myeloid_7
Kerr,4887,2,myC08,-1.48288460163766,"Kerr, A. et al.",17,Myeloid_8
Kerr,4887,2,myC09,-1.0949322307917999,"Kerr, A. et al.",17,Myeloid_9
Kerr,4887,2,myC11,-1.30386623042183,"Kerr, A. et al.",17,Myeloid_11
Kerr,4887,2,myC12,-1.5302143882115999,"Kerr, A. et al.",17,Myeloid_12
Kerr,4887,2,myC13,-0.83741803468755804,"Kerr, A. et al.",17,Myeloid_13
Kerr,4887,2,myC02,-0.077466705000104802,"Kerr, A. et al.",17,Myeloid_2
Kerr,4887,2,myC06,-1.34045991207227,"Kerr, A. et al.",17,Myeloid_6
Kerr,4887,2,myC10,-1.31076446575079,"Kerr, A. et al.",17,Myeloid_10
Kerr,4887,2,myC15,-2.4767626912545699,"Kerr, A. et al.",17,Myeloid_15
Kerr,4887,2,myC05,2.7707441325472599,"Kerr, A. et al.",17,Myeloid_5
Kerr,4887,2,myC14,3.5079582415674899,"Kerr, A. et al.",17,Myeloid_14
Kerr,4887,2,myC03,-0.211619947108381,"Kerr, A. et al.",17,Myeloid_3
Kerr,4634,0,myC00,1.4792570693132701,"Kerr, A. et al.",18,Myeloid_0
Kerr,4634,0,myC01,1.5582594665084999,"Kerr, A. et al.",18,Myeloid_1
Kerr,4634,0,myC04,-0.76027429317127904,"Kerr, A. et al.",18,Myeloid_4
Kerr,4634,0,myC07,0.644624314954648,"Kerr, A. et al.",18,Myeloid_7
Kerr,4634,0,myC08,1.8166129108820901,"Kerr, A. et al.",18,Myeloid_8
Kerr,4634,0,myC09,-0.65836106866355104,"Kerr, A. et al.",18,Myeloid_9
Kerr,4634,0,myC11,0.78061730265928098,"Kerr, A. et al.",18,Myeloid_11
Kerr,4634,0,myC12,1.05689985182685,"Kerr, A. et al.",18,Myeloid_12
Kerr,4634,0,myC13,1.32326289996416,"Kerr, A. et al.",18,Myeloid_13
Kerr,4634,0,myC02,3.1098835317776699,"Kerr, A. et al.",18,Myeloid_2
Kerr,4634,0,myC06,2.1281200508225702,"Kerr, A. et al.",18,Myeloid_6
Kerr,4634,0,myC10,2.87403374272884,"Kerr, A. et al.",18,Myeloid_10
Kerr,4634,0,myC15,0.27717961331083102,"Kerr, A. et al.",18,Myeloid_15
Kerr,4634,0,myC05,1.5409178739868901,"Kerr, A. et al.",18,Myeloid_5
Kerr,4634,0,myC14,-0.48962940331897398,"Kerr, A. et al.",18,Myeloid_14
Kerr,4634,0,myC03,1.8751794692163199,"Kerr, A. et al.",18,Myeloid_3
Kerr,4898,5,myC00,-2.75991474730899,"Kerr, A. et al.",19,Myeloid_0
Kerr,4898,5,myC01,-1.68093770301739,"Kerr, A. et al.",19,Myeloid_1
Kerr,4898,5,myC04,-0.98495016815715297,"Kerr, A. et al.",19,Myeloid_4
Kerr,4898,5,myC07,-0.76156629605620096,"Kerr, A. et al.",19,Myeloid_7
Kerr,4898,5,myC08,-2.4930459150484201,"Kerr, A. et al.",19,Myeloid_8
Kerr,4898,5,myC09,-1.38757902276975,"Kerr, A. et al.",19,Myeloid_9
Kerr,4898,5,myC11,-2.33623317241151,"Kerr, A. et al.",19,Myeloid_11
Kerr,4898,5,myC12,-1.3799428464093599,"Kerr, A. et al.",19,Myeloid_12
Kerr,4898,5,myC13,-2.9292777728116599,"Kerr, A. et al.",19,Myeloid_13
Kerr,4898,5,myC02,-0.260129456656367,"Kerr, A. et al.",19,Myeloid_2
Kerr,4898,5,myC06,-0.33674828154934799,"Kerr, A. et al.",19,Myeloid_6
Kerr,4898,5,myC10,-0.082607557994809094,"Kerr, A. et al.",19,Myeloid_10
Kerr,4898,5,myC15,-0.80347565233101803,"Kerr, A. et al.",19,Myeloid_15
Kerr,4898,5,myC05,-1.10129204705733,"Kerr, A. et al.",19,Myeloid_5
Kerr,4898,5,myC14,-0.226658484614705,"Kerr, A. et al.",19,Myeloid_14
Kerr,4898,5,myC03,-1.8924964266927,"Kerr, A. et al.",19,Myeloid_3
Kerr,4982,0,myC00,2.7124367036492401,"Kerr, A. et al.",20,Myeloid_0
Kerr,4982,0,myC01,2.5365672604612599,"Kerr, A. et al.",20,Myeloid_1
Kerr,4982,0,myC04,-0.018489198555749702,"Kerr, A. et al.",20,Myeloid_4
Kerr,4982,0,myC07,0.86194668574502398,"Kerr, A. et al.",20,Myeloid_7
Kerr,4982,0,myC08,2.28556291894744,"Kerr, A. et al.",20,Myeloid_8
Kerr,4982,0,myC09,0.084123086499861693,"Kerr, A. et al.",20,Myeloid_9
Kerr,4982,0,myC11,2.2921153573789401,"Kerr, A. et al.",20,Myeloid_11
Kerr,4982,0,myC12,2.09835037700114,"Kerr, A. et al.",20,Myeloid_12
Kerr,4982,0,myC13,1.68632626911537,"Kerr, A. et al.",20,Myeloid_13
Kerr,4982,0,myC02,3.5821580623492801,"Kerr, A. et al.",20,Myeloid_2
Kerr,4982,0,myC06,3.3144236459710199,"Kerr, A. et al.",20,Myeloid_6
Kerr,4982,0,myC10,2.6381977548134601,"Kerr, A. et al.",20,Myeloid_10
Kerr,4982,0,myC15,0.81952880590052601,"Kerr, A. et al.",20,Myeloid_15
Kerr,4982,0,myC05,2.2424287131828802,"Kerr, A. et al.",20,Myeloid_5
Kerr,4982,0,myC14,-0.26248205476109698,"Kerr, A. et al.",20,Myeloid_14
Kerr,4982,0,myC03,1.9156427571524,"Kerr, A. et al.",20,Myeloid_3
Kerr,4898,2,myC00,-2.8671636406710799,"Kerr, A. et al.",21,Myeloid_0
Kerr,4898,2,myC01,-1.6954020668260701,"Kerr, A. et al.",21,Myeloid_1
Kerr,4898,2,myC04,1.5176555786341701,"Kerr, A. et al.",21,Myeloid_4
Kerr,4898,2,myC07,-1.6509806608050901,"Kerr, A. et al.",21,Myeloid_7
Kerr,4898,2,myC08,-2.6533347882462501,"Kerr, A. et al.",21,Myeloid_8
Kerr,4898,2,myC09,0.0107611608426242,"Kerr, A. et al.",21,Myeloid_9
Kerr,4898,2,myC11,-2.2728670446541499,"Kerr, A. et al.",21,Myeloid_11
Kerr,4898,2,myC12,-1.4348340477150201,"Kerr, A. et al.",21,Myeloid_12
Kerr,4898,2,myC13,-1.33470632549534,"Kerr, A. et al.",21,Myeloid_13
Kerr,4898,2,myC02,-1.8393921265422399,"Kerr, A. et al.",21,Myeloid_2
Kerr,4898,2,myC06,-1.2823378584993299,"Kerr, A. et al.",21,Myeloid_6
Kerr,4898,2,myC10,-0.585202364484254,"Kerr, A. et al.",21,Myeloid_10
Kerr,4898,2,myC15,-0.39929531828951997,"Kerr, A. et al.",21,Myeloid_15
Kerr,4898,2,myC05,-0.482860373434294,"Kerr, A. et al.",21,Myeloid_5
Kerr,4898,2,myC14,0.79744922373065497,"Kerr, A. et al.",21,Myeloid_14
Kerr,4898,2,myC03,-2.7036239901510299,"Kerr, A. et al.",21,Myeloid_3
Kerr,4659,5,myC00,-1.9356983735336999,"Kerr, A. et al.",22,Myeloid_0
Kerr,4659,5,myC01,-1.46855924516947,"Kerr, A. et al.",22,Myeloid_1
Kerr,4659,5,myC04,-1.4980322237584101,"Kerr, A. et al.",22,Myeloid_4
Kerr,4659,5,myC07,-0.44696952951542201,"Kerr, A. et al.",22,Myeloid_7
Kerr,4659,5,myC08,-1.2444864632482999,"Kerr, A. et al.",22,Myeloid_8
Kerr,4659,5,myC09,-1.30697403028434,"Kerr, A. et al.",22,Myeloid_9
Kerr,4659,5,myC11,-1.1802079694955001,"Kerr, A. et al.",22,Myeloid_11
Kerr,4659,5,myC12,-0.85530244076675799,"Kerr, A. et al.",22,Myeloid_12
Kerr,4659,5,myC13,-1.8217536129988099,"Kerr, A. et al.",22,Myeloid_13
Kerr,4659,5,myC02,-0.25846641194630698,"Kerr, A. et al.",22,Myeloid_2
Kerr,4659,5,myC06,-0.76107525170793,"Kerr, A. et al.",22,Myeloid_6
Kerr,4659,5,myC10,-1.2960221547586199,"Kerr, A. et al.",22,Myeloid_10
Kerr,4659,5,myC15,-1.0709903278643,"Kerr, A. et al.",22,Myeloid_15
Kerr,4659,5,myC05,-2.8184485778643098,"Kerr, A. et al.",22,Myeloid_5
Kerr,4659,5,myC14,-3.8210799717987798,"Kerr, A. et al.",22,Myeloid_14
Kerr,4659,5,myC03,-2.5036646339535502,"Kerr, A. et al.",22,Myeloid_3
Kerr,4810,5,myC00,-4.9863255974960996,"Kerr, A. et al.",23,Myeloid_0
Kerr,4810,5,myC01,-4.0258636937321297,"Kerr, A. et al.",23,Myeloid_1
Kerr,4810,5,myC04,-0.84254422980862098,"Kerr, A. et al.",23,Myeloid_4
Kerr,4810,5,myC07,-0.79753626797759103,"Kerr, A. et al.",23,Myeloid_7
Kerr,4810,5,myC08,-3.7302304000400102,"Kerr, A. et al.",23,Myeloid_8
Kerr,4810,5,myC09,-1.5369022682254201,"Kerr, A. et al.",23,Myeloid_9
Kerr,4810,5,myC11,-2.4352343983563101,"Kerr, A. et al.",23,Myeloid_11
Kerr,4810,5,myC12,-3.64474179795794,"Kerr, A. et al.",23,Myeloid_12
Kerr,4810,5,myC13,-4.1488331001186198,"Kerr, A. et al.",23,Myeloid_13
Kerr,4810,5,myC02,-2.6718070003354,"Kerr, A. et al.",23,Myeloid_2
Kerr,4810,5,myC06,-2.3110752706265401,"Kerr, A. et al.",23,Myeloid_6
Kerr,4810,5,myC10,-2.2856082667601898,"Kerr, A. et al.",23,Myeloid_10
Kerr,4810,5,myC15,-2.20029271637102,"Kerr, A. et al.",23,Myeloid_15
Kerr,4810,5,myC05,-4.3087382708837199,"Kerr, A. et al.",23,Myeloid_5
Kerr,4810,5,myC14,-1.80998639964171,"Kerr, A. et al.",23,Myeloid_14
Kerr,4810,5,myC03,-4.5857958796465201,"Kerr, A. et al.",23,Myeloid_3
Kerr,4625,2,myC00,-3.1858781760422001,"Kerr, A. et al.",24,Myeloid_0
Kerr,4625,2,myC01,-2.0411416876464501,"Kerr, A. et al.",24,Myeloid_1
Kerr,4625,2,myC04,2.8068437895412899,"Kerr, A. et al.",24,Myeloid_4
Kerr,4625,2,myC07,-1.2374634517977301,"Kerr, A. et al.",24,Myeloid_7
Kerr,4625,2,myC08,-3.1169769637350502,"Kerr, A. et al.",24,Myeloid_8
Kerr,4625,2,myC09,1.96842652937982,"Kerr, A. et al.",24,Myeloid_9
Kerr,4625,2,myC11,-2.7134856163098098,"Kerr, A. et al.",24,Myeloid_11
Kerr,4625,2,myC12,-3.02486797970696,"Kerr, A. et al.",24,Myeloid_12
Kerr,4625,2,myC13,-3.0851615480388901,"Kerr, A. et al.",24,Myeloid_13
Kerr,4625,2,myC02,-1.3791631527394499,"Kerr, A. et al.",24,Myeloid_2
Kerr,4625,2,myC06,-2.4036122208721,"Kerr, A. et al.",24,Myeloid_6
Kerr,4625,2,myC10,-1.00452991985352,"Kerr, A. et al.",24,Myeloid_10
Kerr,4625,2,myC15,-0.35479528196124399,"Kerr, A. et al.",24,Myeloid_15
Kerr,4625,2,myC05,1.3055178853739899,"Kerr, A. et al.",24,Myeloid_5
Kerr,4625,2,myC14,1.9561018576100699,"Kerr, A. et al.",24,Myeloid_14
Kerr,4625,2,myC03,-2.0426123913062799,"Kerr, A. et al.",24,Myeloid_3
Kerr,4934,2,myC00,-0.82940504293427397,"Kerr, A. et al.",25,Myeloid_0
Kerr,4934,2,myC01,-1.66488828815616,"Kerr, A. et al.",25,Myeloid_1
Kerr,4934,2,myC04,-2.5445123467205599,"Kerr, A. et al.",25,Myeloid_4
Kerr,4934,2,myC07,-0.88138066395607195,"Kerr, A. et al.",25,Myeloid_7
Kerr,4934,2,myC08,-0.82532445151828104,"Kerr, A. et al.",25,Myeloid_8
Kerr,4934,2,myC09,-2.1336503159578202,"Kerr, A. et al.",25,Myeloid_9
Kerr,4934,2,myC11,-1.0950442219173,"Kerr, A. et al.",25,Myeloid_11
Kerr,4934,2,myC12,-0.493088185011403,"Kerr, A. et al.",25,Myeloid_12
Kerr,4934,2,myC13,-1.58063447257234,"Kerr, A. et al.",25,Myeloid_13
Kerr,4934,2,myC02,-0.67781610963336003,"Kerr, A. et al.",25,Myeloid_2
Kerr,4934,2,myC06,-1.2664590363281001,"Kerr, A. et al.",25,Myeloid_6
Kerr,4934,2,myC10,-0.384607118606974,"Kerr, A. et al.",25,Myeloid_10
Kerr,4934,2,myC15,-0.85877244827178301,"Kerr, A. et al.",25,Myeloid_15
Kerr,4934,2,myC05,-1.5553807466115599,"Kerr, A. et al.",25,Myeloid_5
Kerr,4934,2,myC14,-1.5138644465078701,"Kerr, A. et al.",25,Myeloid_14
Kerr,4934,2,myC03,-0.25687074716869601,"Kerr, A. et al.",25,Myeloid_3
Kerr,4980,5,myC00,0.739219862035291,"Kerr, A. et al.",26,Myeloid_0
Kerr,4980,5,myC01,0.60866822956677902,"Kerr, A. et al.",26,Myeloid_1
Kerr,4980,5,myC04,-0.22610096818863301,"Kerr, A. et al.",26,Myeloid_4
Kerr,4980,5,myC07,0.26955949175169402,"Kerr, A. et al.",26,Myeloid_7
Kerr,4980,5,myC08,0.93255257748799003,"Kerr, A. et al.",26,Myeloid_8
Kerr,4980,5,myC09,0.185910294757898,"Kerr, A. et al.",26,Myeloid_9
Kerr,4980,5,myC11,-0.47537903941603898,"Kerr, A. et al.",26,Myeloid_11
Kerr,4980,5,myC12,0.85650455397032199,"Kerr, A. et al.",26,Myeloid_12
Kerr,4980,5,myC13,0.352790248350903,"Kerr, A. et al.",26,Myeloid_13
Kerr,4980,5,myC02,0.74145337512579601,"Kerr, A. et al.",26,Myeloid_2
Kerr,4980,5,myC06,-0.25219639822314099,"Kerr, A. et al.",26,Myeloid_6
Kerr,4980,5,myC10,0.058953232919054202,"Kerr, A. et al.",26,Myeloid_10
Kerr,4980,5,myC15,-0.52155804229779401,"Kerr, A. et al.",26,Myeloid_15
Kerr,4980,5,myC05,0.45090114716725999,"Kerr, A. et al.",26,Myeloid_5
Kerr,4980,5,myC14,0.69138423801622595,"Kerr, A. et al.",26,Myeloid_14
Kerr,4980,5,myC03,0.121365339431015,"Kerr, A. et al.",26,Myeloid_3
Kerr,4967,2,myC00,0.99894672424402897,"Kerr, A. et al.",27,Myeloid_0
Kerr,4967,2,myC01,0.66835849666375102,"Kerr, A. et al.",27,Myeloid_1
Kerr,4967,2,myC04,3.6576298097021498,"Kerr, A. et al.",27,Myeloid_4
Kerr,4967,2,myC07,-0.52930137318437098,"Kerr, A. et al.",27,Myeloid_7
Kerr,4967,2,myC08,-2.3137464073935301,"Kerr, A. et al.",27,Myeloid_8
Kerr,4967,2,myC09,4.7594199017841703,"Kerr, A. et al.",27,Myeloid_9
Kerr,4967,2,myC11,0.023210371290490001,"Kerr, A. et al.",27,Myeloid_11
Kerr,4967,2,myC12,0.59009815467788496,"Kerr, A. et al.",27,Myeloid_12
Kerr,4967,2,myC13,1.2120260873767299,"Kerr, A. et al.",27,Myeloid_13
Kerr,4967,2,myC02,0.52895527262958097,"Kerr, A. et al.",27,Myeloid_2
Kerr,4967,2,myC06,2.0675160000875201,"Kerr, A. et al.",27,Myeloid_6
Kerr,4967,2,myC10,0.45144087283100898,"Kerr, A. et al.",27,Myeloid_10
Kerr,4967,2,myC15,0.91118142901069699,"Kerr, A. et al.",27,Myeloid_15
Kerr,4967,2,myC05,8.0174226619262292,"Kerr, A. et al.",27,Myeloid_5
Kerr,4967,2,myC14,7.3930829612776696,"Kerr, A. et al.",27,Myeloid_14
Kerr,4967,2,myC03,2.1142866365183801,"Kerr, A. et al.",27,Myeloid_3
Kerr,4990,5,myC00,-2.57876646355782,"Kerr, A. et al.",28,Myeloid_0
Kerr,4990,5,myC01,-2.3690600367680101,"Kerr, A. et al.",28,Myeloid_1
Kerr,4990,5,myC04,-1.1800878537250299,"Kerr, A. et al.",28,Myeloid_4
Kerr,4990,5,myC07,-0.93160245296227095,"Kerr, A. et al.",28,Myeloid_7
Kerr,4990,5,myC08,-1.87553594813667,"Kerr, A. et al.",28,Myeloid_8
Kerr,4990,5,myC09,-2.2045303894063402,"Kerr, A. et al.",28,Myeloid_9
Kerr,4990,5,myC11,-1.12259067590635,"Kerr, A. et al.",28,Myeloid_11
Kerr,4990,5,myC12,-2.2411232672970902,"Kerr, A. et al.",28,Myeloid_12
Kerr,4990,5,myC13,-2.2749673457511101,"Kerr, A. et al.",28,Myeloid_13
Kerr,4990,5,myC02,-1.0316452996802701,"Kerr, A. et al.",28,Myeloid_2
Kerr,4990,5,myC06,-2.2667110598486202,"Kerr, A. et al.",28,Myeloid_6
Kerr,4990,5,myC10,-1.4332576834422099,"Kerr, A. et al.",28,Myeloid_10
Kerr,4990,5,myC15,-0.99989638079043797,"Kerr, A. et al.",28,Myeloid_15
Kerr,4990,5,myC05,-3.0163568670439198,"Kerr, A. et al.",28,Myeloid_5
Kerr,4990,5,myC14,-1.8281429520710699,"Kerr, A. et al.",28,Myeloid_14
Kerr,4990,5,myC03,-2.1898143454578398,"Kerr, A. et al.",28,Myeloid_3
Kerr,4598,5,myC00,-3.0671453124567698,"Kerr, A. et al.",29,Myeloid_0
Kerr,4598,5,myC01,-2.5271334147436701,"Kerr, A. et al.",29,Myeloid_1
Kerr,4598,5,myC04,-0.47324811607558398,"Kerr, A. et al.",29,Myeloid_4
Kerr,4598,5,myC07,-1.06510815018322,"Kerr, A. et al.",29,Myeloid_7
Kerr,4598,5,myC08,-3.2919048075432502,"Kerr, A. et al.",29,Myeloid_8
Kerr,4598,5,myC09,-0.154710480660571,"Kerr, A. et al.",29,Myeloid_9
Kerr,4598,5,myC11,-2.2549538465518202,"Kerr, A. et al.",29,Myeloid_11
Kerr,4598,5,myC12,-1.12132509044065,"Kerr, A. et al.",29,Myeloid_12
Kerr,4598,5,myC13,-2.9897629878130298,"Kerr, A. et al.",29,Myeloid_13
Kerr,4598,5,myC02,-1.5743932336570601,"Kerr, A. et al.",29,Myeloid_2
Kerr,4598,5,myC06,-1.55051604186627,"Kerr, A. et al.",29,Myeloid_6
Kerr,4598,5,myC10,-1.6448482415728101,"Kerr, A. et al.",29,Myeloid_10
Kerr,4598,5,myC15,-1.10987703699332,"Kerr, A. et al.",29,Myeloid_15
Kerr,4598,5,myC05,-2.6197936462623899,"Kerr, A. et al.",29,Myeloid_5
Kerr,4598,5,myC14,-0.373390834960937,"Kerr, A. et al.",29,Myeloid_14
Kerr,4598,5,myC03,-2.7841677302922498,"Kerr, A. et al.",29,Myeloid_3
Kerr,4919,5,myC00,-2.5006393737369099,"Kerr, A. et al.",30,Myeloid_0
Kerr,4919,5,myC01,-2.4335878088235199,"Kerr, A. et al.",30,Myeloid_1
Kerr,4919,5,myC04,-2.1556576180140601,"Kerr, A. et al.",30,Myeloid_4
Kerr,4919,5,myC07,0.30738040685243501,"Kerr, A. et al.",30,Myeloid_7
Kerr,4919,5,myC08,-1.5198459214803599,"Kerr, A. et al.",30,Myeloid_8
Kerr,4919,5,myC09,-2.0988852058151002,"Kerr, A. et al.",30,Myeloid_9
Kerr,4919,5,myC11,-2.7836383292276801,"Kerr, A. et al.",30,Myeloid_11
Kerr,4919,5,myC12,-1.6536069085466401,"Kerr, A. et al.",30,Myeloid_12
Kerr,4919,5,myC13,-1.7532370976591201,"Kerr, A. et al.",30,Myeloid_13
Kerr,4919,5,myC02,-1.5838164419701499,"Kerr, A. et al.",30,Myeloid_2
Kerr,4919,5,myC06,-0.872894229482295,"Kerr, A. et al.",30,Myeloid_6
Kerr,4919,5,myC10,-2.21293996844134,"Kerr, A. et al.",30,Myeloid_10
Kerr,4919,5,myC15,-2.3723114549212401,"Kerr, A. et al.",30,Myeloid_15
Kerr,4919,5,myC05,-3.0233808664759301,"Kerr, A. et al.",30,Myeloid_5
Kerr,4919,5,myC14,-2.4638117151725001,"Kerr, A. et al.",30,Myeloid_14
Kerr,4919,5,myC03,-3.2314744839915002,"Kerr, A. et al.",30,Myeloid_3
Kerr,4974,2,myC00,1.8580738961019001,"Kerr, A. et al.",31,Myeloid_0
Kerr,4974,2,myC01,1.00956442824536,"Kerr, A. et al.",31,Myeloid_1
Kerr,4974,2,myC04,2.7272893776706999,"Kerr, A. et al.",31,Myeloid_4
Kerr,4974,2,myC07,-0.72326222799455997,"Kerr, A. et al.",31,Myeloid_7
Kerr,4974,2,myC08,-0.507572952846847,"Kerr, A. et al.",31,Myeloid_8
Kerr,4974,2,myC09,1.2878052479603199,"Kerr, A. et al.",31,Myeloid_9
Kerr,4974,2,myC11,1.27740727882434,"Kerr, A. et al.",31,Myeloid_11
Kerr,4974,2,myC12,1.09786142151689,"Kerr, A. et al.",31,Myeloid_12
Kerr,4974,2,myC13,1.96905648862741,"Kerr, A. et al.",31,Myeloid_13
Kerr,4974,2,myC02,-0.38657820507682999,"Kerr, A. et al.",31,Myeloid_2
Kerr,4974,2,myC06,1.2266852300208,"Kerr, A. et al.",31,Myeloid_6
Kerr,4974,2,myC10,-0.63203153331683803,"Kerr, A. et al.",31,Myeloid_10
Kerr,4974,2,myC15,0.89910702889632899,"Kerr, A. et al.",31,Myeloid_15
Kerr,4974,2,myC05,-0.67645786110716999,"Kerr, A. et al.",31,Myeloid_5
Kerr,4974,2,myC14,0.44563450647800501,"Kerr, A. et al.",31,Myeloid_14
Kerr,4974,2,myC03,-0.499772419907136,"Kerr, A. et al.",31,Myeloid_3
Kerr,4642,0,myC00,0.99646065565455,"Kerr, A. et al.",32,Myeloid_0
Kerr,4642,0,myC01,0.50032863170255604,"Kerr, A. et al.",32,Myeloid_1
Kerr,4642,0,myC04,-0.75176155470004702,"Kerr, A. et al.",32,Myeloid_4
Kerr,4642,0,myC07,2.0795813507304999,"Kerr, A. et al.",32,Myeloid_7
Kerr,4642,0,myC08,2.1604984710284101,"Kerr, A. et al.",32,Myeloid_8
Kerr,4642,0,myC09,-0.18910693222906599,"Kerr, A. et al.",32,Myeloid_9
Kerr,4642,0,myC11,0.42559341970120501,"Kerr, A. et al.",32,Myeloid_11
Kerr,4642,0,myC12,1.46226251834798,"Kerr, A. et al.",32,Myeloid_12
Kerr,4642,0,myC13,1.29646928682172,"Kerr, A. et al.",32,Myeloid_13
Kerr,4642,0,myC02,3.2470640726164799,"Kerr, A. et al.",32,Myeloid_2
Kerr,4642,0,myC06,1.7867266012580201,"Kerr, A. et al.",32,Myeloid_6
Kerr,4642,0,myC10,3.00971987363382,"Kerr, A. et al.",32,Myeloid_10
Kerr,4642,0,myC15,-0.0086396608235056998,"Kerr, A. et al.",32,Myeloid_15
Kerr,4642,0,myC05,1.73662879105585,"Kerr, A. et al.",32,Myeloid_5
Kerr,4642,0,myC14,0.26842232012502099,"Kerr, A. et al.",32,Myeloid_14
Kerr,4642,0,myC03,2.1985827626941301,"Kerr, A. et al.",32,Myeloid_3
Kerr,4975,5,myC00,-1.92154096113984,"Kerr, A. et al.",33,Myeloid_0
Kerr,4975,5,myC01,-1.5504618323663799,"Kerr, A. et al.",33,Myeloid_1
Kerr,4975,5,myC04,-0.87509233669931297,"Kerr, A. et al.",33,Myeloid_4
Kerr,4975,5,myC07,-1.6162428687044501,"Kerr, A. et al.",33,Myeloid_7
Kerr,4975,5,myC08,-2.3874136513382398,"Kerr, A. et al.",33,Myeloid_8
Kerr,4975,5,myC09,-1.25004201736975,"Kerr, A. et al.",33,Myeloid_9
Kerr,4975,5,myC11,-2.0720386159741202,"Kerr, A. et al.",33,Myeloid_11
Kerr,4975,5,myC12,-2.8455947853335699,"Kerr, A. et al.",33,Myeloid_12
Kerr,4975,5,myC13,-1.97109660705968,"Kerr, A. et al.",33,Myeloid_13
Kerr,4975,5,myC02,-2.9916492714267799,"Kerr, A. et al.",33,Myeloid_2
Kerr,4975,5,myC06,-2.8851596094941301,"Kerr, A. et al.",33,Myeloid_6
Kerr,4975,5,myC10,-1.44915554602181,"Kerr, A. et al.",33,Myeloid_10
Kerr,4975,5,myC15,-2.6398410419122098,"Kerr, A. et al.",33,Myeloid_15
Kerr,4975,5,myC05,-4.3822168444305101,"Kerr, A. et al.",33,Myeloid_5
Kerr,4975,5,myC14,-2.7734394600604499,"Kerr, A. et al.",33,Myeloid_14
Kerr,4975,5,myC03,-4.2632559722196701,"Kerr, A. et al.",33,Myeloid_3
Kerr,4944,5,myC00,0.280568256363883,"Kerr, A. et al.",34,Myeloid_0
Kerr,4944,5,myC01,-0.0117084337390821,"Kerr, A. et al.",34,Myeloid_1
Kerr,4944,5,myC04,1.3444744505550399,"Kerr, A. et al.",34,Myeloid_4
Kerr,4944,5,myC07,-1.62608448438744,"Kerr, A. et al.",34,Myeloid_7
Kerr,4944,5,myC08,-1.1503038166772399,"Kerr, A. et al.",34,Myeloid_8
Kerr,4944,5,myC09,0.18653279622289901,"Kerr, A. et al.",34,Myeloid_9
Kerr,4944,5,myC11,-0.29073738881748901,"Kerr, A. et al.",34,Myeloid_11
Kerr,4944,5,myC12,-1.5753328674274401,"Kerr, A. et al.",34,Myeloid_12
Kerr,4944,5,myC13,0.0038356359324519902,"Kerr, A. et al.",34,Myeloid_13
Kerr,4944,5,myC02,-1.44744954494663,"Kerr, A. et al.",34,Myeloid_2
Kerr,4944,5,myC06,-0.567954856400264,"Kerr, A. et al.",34,Myeloid_6
Kerr,4944,5,myC10,-1.5113590628912299,"Kerr, A. et al.",34,Myeloid_10
Kerr,4944,5,myC15,-0.820130029466141,"Kerr, A. et al.",34,Myeloid_15
Kerr,4944,5,myC05,-1.8232554830568199,"Kerr, A. et al.",34,Myeloid_5
Kerr,4944,5,myC14,-0.63936882095358305,"Kerr, A. et al.",34,Myeloid_14
Kerr,4944,5,myC03,-0.70320837753661103,"Kerr, A. et al.",34,Myeloid_3
Kerr,4934,5,myC00,-0.84237576707536399,"Kerr, A. et al.",35,Myeloid_0
Kerr,4934,5,myC01,-1.6778585179515899,"Kerr, A. et al.",35,Myeloid_1
Kerr,4934,5,myC04,2.8739157332190901,"Kerr, A. et al.",35,Myeloid_4
Kerr,4934,5,myC07,-1.2174898412708599,"Kerr, A. et al.",35,Myeloid_7
Kerr,4934,5,myC08,0.205365346834226,"Kerr, A. et al.",35,Myeloid_8
Kerr,4934,5,myC09,1.2042177142255699,"Kerr, A. et al.",35,Myeloid_9
Kerr,4934,5,myC11,-0.55725661204710397,"Kerr, A. et al.",35,Myeloid_11
Kerr,4934,5,myC12,-0.23259422555999301,"Kerr, A. et al.",35,Myeloid_12
Kerr,4934,5,myC13,-1.1862405687350299,"Kerr, A. et al.",35,Myeloid_13
Kerr,4934,5,myC02,-0.21143921485877401,"Kerr, A. et al.",35,Myeloid_2
Kerr,4934,5,myC06,-0.62415879001700902,"Kerr, A. et al.",35,Myeloid_6
Kerr,4934,5,myC10,-1.48742091474912,"Kerr, A. et al.",35,Myeloid_10
Kerr,4934,5,myC15,1.79986617610458,"Kerr, A. et al.",35,Myeloid_15
Kerr,4934,5,myC05,-0.071015770285668106,"Kerr, A. et al.",35,Myeloid_5
Kerr,4934,5,myC14,1.9303370992939799,"Kerr, A. et al.",35,Myeloid_14
Kerr,4934,5,myC03,-0.94751834363854204,"Kerr, A. et al.",35,Myeloid_3
Kerr,4885,2,myC00,2.12429927546148,"Kerr, A. et al.",36,Myeloid_0
Kerr,4885,2,myC01,1.31134867976866,"Kerr, A. et al.",36,Myeloid_1
Kerr,4885,2,myC04,-0.62866516632802705,"Kerr, A. et al.",36,Myeloid_4
Kerr,4885,2,myC07,-1.61381540076504,"Kerr, A. et al.",36,Myeloid_7
Kerr,4885,2,myC08,-0.66037436016245799,"Kerr, A. et al.",36,Myeloid_8
Kerr,4885,2,myC09,-0.53146286454673697,"Kerr, A. et al.",36,Myeloid_9
Kerr,4885,2,myC11,0.60710410888999,"Kerr, A. et al.",36,Myeloid_11
Kerr,4885,2,myC12,-1.3142668128380499,"Kerr, A. et al.",36,Myeloid_12
Kerr,4885,2,myC13,-0.52997949777308195,"Kerr, A. et al.",36,Myeloid_13
Kerr,4885,2,myC02,-0.93979934453803204,"Kerr, A. et al.",36,Myeloid_2
Kerr,4885,2,myC06,-1.2042960429576699,"Kerr, A. et al.",36,Myeloid_6
Kerr,4885,2,myC10,-1.1714208478796799,"Kerr, A. et al.",36,Myeloid_10
Kerr,4885,2,myC15,0.0468503317857017,"Kerr, A. et al.",36,Myeloid_15
Kerr,4885,2,myC05,-0.17973795027282299,"Kerr, A. et al.",36,Myeloid_5
Kerr,4885,2,myC14,-0.47898896849145201,"Kerr, A. et al.",36,Myeloid_14
Kerr,4885,2,myC03,0.51136299725596102,"Kerr, A. et al.",36,Myeloid_3
Kerr,4919,0,myC00,3.29427024634249,"Kerr, A. et al.",37,Myeloid_0
Kerr,4919,0,myC01,3.2626052986329599,"Kerr, A. et al.",37,Myeloid_1
Kerr,4919,0,myC04,0.50940721798077104,"Kerr, A. et al.",37,Myeloid_4
Kerr,4919,0,myC07,1.67757864349665,"Kerr, A. et al.",37,Myeloid_7
Kerr,4919,0,myC08,0.66042403749561396,"Kerr, A. et al.",37,Myeloid_8
Kerr,4919,0,myC09,-1.2533133684765201,"Kerr, A. et al.",37,Myeloid_9
Kerr,4919,0,myC11,1.4093792538352401,"Kerr, A. et al.",37,Myeloid_11
Kerr,4919,0,myC12,-0.61950847173389101,"Kerr, A. et al.",37,Myeloid_12
Kerr,4919,0,myC13,1.7960805128608901,"Kerr, A. et al.",37,Myeloid_13
Kerr,4919,0,myC02,1.8509177754444399,"Kerr, A. et al.",37,Myeloid_2
Kerr,4919,0,myC06,0.099515984839415497,"Kerr, A. et al.",37,Myeloid_6
Kerr,4919,0,myC10,-0.80715003309289801,"Kerr, A. et al.",37,Myeloid_10
Kerr,4919,0,myC15,0.409811137241896,"Kerr, A. et al.",37,Myeloid_15
Kerr,4919,0,myC05,0.65718769072820704,"Kerr, A. et al.",37,Myeloid_5
Kerr,4919,0,myC14,-2.1168489737663698,"Kerr, A. et al.",37,Myeloid_14
Kerr,4919,0,myC03,-0.52462796449218996,"Kerr, A. et al.",37,Myeloid_3
Kerr,4930,0,myC00,2.0200213750428699,"Kerr, A. et al.",38,Myeloid_0
Kerr,4930,0,myC01,2.1485968116383698,"Kerr, A. et al.",38,Myeloid_1
Kerr,4930,0,myC04,1.67148895231254,"Kerr, A. et al.",38,Myeloid_4
Kerr,4930,0,myC07,1.37735423771118,"Kerr, A. et al.",38,Myeloid_7
Kerr,4930,0,myC08,1.8103997726193299,"Kerr, A. et al.",38,Myeloid_8
Kerr,4930,0,myC09,1.7417127747651699,"Kerr, A. et al.",38,Myeloid_9
Kerr,4930,0,myC11,1.256870898579,"Kerr, A. et al.",38,Myeloid_11
Kerr,4930,0,myC12,1.4301126035493801,"Kerr, A. et al.",38,Myeloid_12
Kerr,4930,0,myC13,1.9642681415755101,"Kerr, A. et al.",38,Myeloid_13
Kerr,4930,0,myC02,4.2623389964987002,"Kerr, A. et al.",38,Myeloid_2
Kerr,4930,0,myC06,3.4582947536323299,"Kerr, A. et al.",38,Myeloid_6
Kerr,4930,0,myC10,3.2353162194978302,"Kerr, A. et al.",38,Myeloid_10
Kerr,4930,0,myC15,1.5129538434041401,"Kerr, A. et al.",38,Myeloid_15
Kerr,4930,0,myC05,3.32147495384317,"Kerr, A. et al.",38,Myeloid_5
Kerr,4930,0,myC14,0.580063138597948,"Kerr, A. et al.",38,Myeloid_14
Kerr,4930,0,myC03,2.1707821161850802,"Kerr, A. et al.",38,Myeloid_3
Kerr,4974,5,myC00,0.031001335131770402,"Kerr, A. et al.",39,Myeloid_0
Kerr,4974,5,myC01,1.0315385353325199,"Kerr, A. et al.",39,Myeloid_1
Kerr,4974,5,myC04,0.36329411573520798,"Kerr, A. et al.",39,Myeloid_4
Kerr,4974,5,myC07,0.259684076204659,"Kerr, A. et al.",39,Myeloid_7
Kerr,4974,5,myC08,-1.3079830566264501,"Kerr, A. et al.",39,Myeloid_8
Kerr,4974,5,myC09,-0.93801379552923303,"Kerr, A. et al.",39,Myeloid_9
Kerr,4974,5,myC11,-0.15509170099727601,"Kerr, A. et al.",39,Myeloid_11
Kerr,4974,5,myC12,0.69022525626183795,"Kerr, A. et al.",39,Myeloid_12
Kerr,4974,5,myC13,0.34205872619338701,"Kerr, A. et al.",39,Myeloid_13
Kerr,4974,5,myC02,-0.80646722406778104,"Kerr, A. et al.",39,Myeloid_2
Kerr,4974,5,myC06,0.81769468032473003,"Kerr, A. et al.",39,Myeloid_6
Kerr,4974,5,myC10,-0.51555290842107504,"Kerr, A. et al.",39,Myeloid_10
Kerr,4974,5,myC15,1.04771238031855,"Kerr, A. et al.",39,Myeloid_15
Kerr,4974,5,myC05,-1.3562817645132399,"Kerr, A. et al.",39,Myeloid_5
Kerr,4974,5,myC14,0.088970447061518895,"Kerr, A. et al.",39,Myeloid_14
Kerr,4974,5,myC03,-2.1007285343616302,"Kerr, A. et al.",39,Myeloid_3
Kerr,4885,5,myC00,0.15817000218958799,"Kerr, A. et al.",40,Myeloid_0
Kerr,4885,5,myC01,-0.75144850781001005,"Kerr, A. et al.",40,Myeloid_1
Kerr,4885,5,myC04,-1.4593218915357999,"Kerr, A. et al.",40,Myeloid_4
Kerr,4885,5,myC07,-0.51671720112225195,"Kerr, A. et al.",40,Myeloid_7
Kerr,4885,5,myC08,-1.0194712317569701,"Kerr, A. et al.",40,Myeloid_8
Kerr,4885,5,myC09,-1.34873026121891,"Kerr, A. et al.",40,Myeloid_9
Kerr,4885,5,myC11,-1.1744666360275899,"Kerr, A. et al.",40,Myeloid_11
Kerr,4885,5,myC12,-0.74948775746181895,"Kerr, A. et al.",40,Myeloid_12
Kerr,4885,5,myC13,-1.41752062105826,"Kerr, A. et al.",40,Myeloid_13
Kerr,4885,5,myC02,-1.30852335435704,"Kerr, A. et al.",40,Myeloid_2
Kerr,4885,5,myC06,-0.720428741694918,"Kerr, A. et al.",40,Myeloid_6
Kerr,4885,5,myC10,-0.87912755022803701,"Kerr, A. et al.",40,Myeloid_10
Kerr,4885,5,myC15,0.25618905807013997,"Kerr, A. et al.",40,Myeloid_15
Kerr,4885,5,myC05,-0.50382203383362401,"Kerr, A. et al.",40,Myeloid_5
Kerr,4885,5,myC14,-0.309830200606379,"Kerr, A. et al.",40,Myeloid_14
Kerr,4885,5,myC03,-0.97849177947539101,"Kerr, A. et al.",40,Myeloid_3
Kerr,4648,0,myC00,0.11495298409771799,"Kerr, A. et al.",41,Myeloid_0
Kerr,4648,0,myC01,-0.68739139194041599,"Kerr, A. et al.",41,Myeloid_1
Kerr,4648,0,myC04,-3.5019268177853,"Kerr, A. et al.",41,Myeloid_4
Kerr,4648,0,myC07,0.88495594162900804,"Kerr, A. et al.",41,Myeloid_7
Kerr,4648,0,myC08,2.0342219540554201,"Kerr, A. et al.",41,Myeloid_8
Kerr,4648,0,myC09,-1.5581131835556601,"Kerr, A. et al.",41,Myeloid_9
Kerr,4648,0,myC11,0.47174492702413201,"Kerr, A. et al.",41,Myeloid_11
Kerr,4648,0,myC12,2.3317472794607399,"Kerr, A. et al.",41,Myeloid_12
Kerr,4648,0,myC13,-0.470580761867326,"Kerr, A. et al.",41,Myeloid_13
Kerr,4648,0,myC02,1.95048203102823,"Kerr, A. et al.",41,Myeloid_2
Kerr,4648,0,myC06,0.54803676003674795,"Kerr, A. et al.",41,Myeloid_6
Kerr,4648,0,myC10,1.2520733637891399,"Kerr, A. et al.",41,Myeloid_10
Kerr,4648,0,myC15,-0.54893051396234804,"Kerr, A. et al.",41,Myeloid_15
Kerr,4648,0,myC05,0.30649881853085598,"Kerr, A. et al.",41,Myeloid_5
Kerr,4648,0,myC14,-1.0540030330987999,"Kerr, A. et al.",41,Myeloid_14
Kerr,4648,0,myC03,0.64008081269264105,"Kerr, A. et al.",41,Myeloid_3
Kerr,4659,2,myC00,-2.4746166488434098,"Kerr, A. et al.",42,Myeloid_0
Kerr,4659,2,myC01,-0.84088163992606402,"Kerr, A. et al.",42,Myeloid_1
Kerr,4659,2,myC04,-0.111350221662737,"Kerr, A. et al.",42,Myeloid_4
Kerr,4659,2,myC07,-1.35432983159318,"Kerr, A. et al.",42,Myeloid_7
Kerr,4659,2,myC08,-2.32378294141746,"Kerr, A. et al.",42,Myeloid_8
Kerr,4659,2,myC09,0.021112482195239701,"Kerr, A. et al.",42,Myeloid_9
Kerr,4659,2,myC11,-1.3768988257169399,"Kerr, A. et al.",42,Myeloid_11
Kerr,4659,2,myC12,-1.7521457746982601,"Kerr, A. et al.",42,Myeloid_12
Kerr,4659,2,myC13,-1.79289645553721,"Kerr, A. et al.",42,Myeloid_13
Kerr,4659,2,myC02,-2.37066108620713,"Kerr, A. et al.",42,Myeloid_2
Kerr,4659,2,myC06,-1.3765546046700901,"Kerr, A. et al.",42,Myeloid_6
Kerr,4659,2,myC10,-1.5031784944995099,"Kerr, A. et al.",42,Myeloid_10
Kerr,4659,2,myC15,-0.38997041617571099,"Kerr, A. et al.",42,Myeloid_15
Kerr,4659,2,myC05,-1.7928207903882301,"Kerr, A. et al.",42,Myeloid_5
Kerr,4659,2,myC14,-1.5149281744198899,"Kerr, A. et al.",42,Myeloid_14
Kerr,4659,2,myC03,-2.91592719663026,"Kerr, A. et al.",42,Myeloid_3
Kerr,4885,0,myC00,1.8497869854197699,"Kerr, A. et al.",43,Myeloid_0
Kerr,4885,0,myC01,2.2590475136734902,"Kerr, A. et al.",43,Myeloid_1
Kerr,4885,0,myC04,0.901111823553022,"Kerr, A. et al.",43,Myeloid_4
Kerr,4885,0,myC07,1.0630777688263799,"Kerr, A. et al.",43,Myeloid_7
Kerr,4885,0,myC08,2.7315406510702198,"Kerr, A. et al.",43,Myeloid_8
Kerr,4885,0,myC09,1.5115272057964599,"Kerr, A. et al.",43,Myeloid_9
Kerr,4885,0,myC11,2.0294714759600998,"Kerr, A. et al.",43,Myeloid_11
Kerr,4885,0,myC12,0.60237291290200201,"Kerr, A. et al.",43,Myeloid_12
Kerr,4885,0,myC13,2.7368520680939299,"Kerr, A. et al.",43,Myeloid_13
Kerr,4885,0,myC02,3.7113928186640099,"Kerr, A. et al.",43,Myeloid_2
Kerr,4885,0,myC06,0.50148397186877203,"Kerr, A. et al.",43,Myeloid_6
Kerr,4885,0,myC10,3.40645300196238,"Kerr, A. et al.",43,Myeloid_10
Kerr,4885,0,myC15,0.92366806885965302,"Kerr, A. et al.",43,Myeloid_15
Kerr,4885,0,myC05,3.5856339220222901,"Kerr, A. et al.",43,Myeloid_5
Kerr,4885,0,myC14,3.1590716678550099,"Kerr, A. et al.",43,Myeloid_14
Kerr,4885,0,myC03,2.3817957918322401,"Kerr, A. et al.",43,Myeloid_3
Kerr,4648,5,myC00,-3.18387454624771,"Kerr, A. et al.",44,Myeloid_0
Kerr,4648,5,myC01,-2.11482116691043,"Kerr, A. et al.",44,Myeloid_1
Kerr,4648,5,myC04,0.0295997384836129,"Kerr, A. et al.",44,Myeloid_4
Kerr,4648,5,myC07,-0.15541864610287601,"Kerr, A. et al.",44,Myeloid_7
Kerr,4648,5,myC08,-3.7845467205358001,"Kerr, A. et al.",44,Myeloid_8
Kerr,4648,5,myC09,-0.960091458331084,"Kerr, A. et al.",44,Myeloid_9
Kerr,4648,5,myC11,-2.80903827957298,"Kerr, A. et al.",44,Myeloid_11
Kerr,4648,5,myC12,-3.2974791490116999,"Kerr, A. et al.",44,Myeloid_12
Kerr,4648,5,myC13,-2.8272432352879502,"Kerr, A. et al.",44,Myeloid_13
Kerr,4648,5,myC02,-3.1724085834072602,"Kerr, A. et al.",44,Myeloid_2
Kerr,4648,5,myC06,-3.7814049836771799,"Kerr, A. et al.",44,Myeloid_6
Kerr,4648,5,myC10,-1.13874728648959,"Kerr, A. et al.",44,Myeloid_10
Kerr,4648,5,myC15,-0.587765483285143,"Kerr, A. et al.",44,Myeloid_15
Kerr,4648,5,myC05,-4.2771134289298001,"Kerr, A. et al.",44,Myeloid_5
Kerr,4648,5,myC14,-1.91315218107485,"Kerr, A. et al.",44,Myeloid_14
Kerr,4648,5,myC03,-3.8657161453568198,"Kerr, A. et al.",44,Myeloid_3
Kerr,4973,0,myC00,4.0171285161958803,"Kerr, A. et al.",45,Myeloid_0
Kerr,4973,0,myC01,3.8087709778173799,"Kerr, A. et al.",45,Myeloid_1
Kerr,4973,0,myC04,-2.1765376054213399,"Kerr, A. et al.",45,Myeloid_4
Kerr,4973,0,myC07,1.2956476054411299,"Kerr, A. et al.",45,Myeloid_7
Kerr,4973,0,myC08,3.2915794946796701,"Kerr, A. et al.",45,Myeloid_8
Kerr,4973,0,myC09,-1.3562937033674201,"Kerr, A. et al.",45,Myeloid_9
Kerr,4973,0,myC11,1.5920942137401199,"Kerr, A. et al.",45,Myeloid_11
Kerr,4973,0,myC12,0.76779704220394396,"Kerr, A. et al.",45,Myeloid_12
Kerr,4973,0,myC13,2.43189948913987,"Kerr, A. et al.",45,Myeloid_13
Kerr,4973,0,myC02,1.84653806008345,"Kerr, A. et al.",45,Myeloid_2
Kerr,4973,0,myC06,2.8693585516092499,"Kerr, A. et al.",45,Myeloid_6
Kerr,4973,0,myC10,1.1139029708475301,"Kerr, A. et al.",45,Myeloid_10
Kerr,4973,0,myC15,-0.58670612288922097,"Kerr, A. et al.",45,Myeloid_15
Kerr,4973,0,myC05,1.95460016036453,"Kerr, A. et al.",45,Myeloid_5
Kerr,4973,0,myC14,-0.48029592674378402,"Kerr, A. et al.",45,Myeloid_14
Kerr,4973,0,myC03,2.2322712595511001,"Kerr, A. et al.",45,Myeloid_3
Kerr,4974,0,myC00,0.68601705779626898,"Kerr, A. et al.",46,Myeloid_0
Kerr,4974,0,myC01,0.71417054110880496,"Kerr, A. et al.",46,Myeloid_1
Kerr,4974,0,myC04,-2.9446227223353398,"Kerr, A. et al.",46,Myeloid_4
Kerr,4974,0,myC07,2.8365968066937799,"Kerr, A. et al.",46,Myeloid_7
Kerr,4974,0,myC08,1.7650995053913101,"Kerr, A. et al.",46,Myeloid_8
Kerr,4974,0,myC09,-0.156900163432178,"Kerr, A. et al.",46,Myeloid_9
Kerr,4974,0,myC11,1.27330853563388,"Kerr, A. et al.",46,Myeloid_11
Kerr,4974,0,myC12,1.5578656190240201,"Kerr, A. et al.",46,Myeloid_12
Kerr,4974,0,myC13,0.57689806574969005,"Kerr, A. et al.",46,Myeloid_13
Kerr,4974,0,myC02,2.2012859751307801,"Kerr, A. et al.",46,Myeloid_2
Kerr,4974,0,myC06,1.11619471738242,"Kerr, A. et al.",46,Myeloid_6
Kerr,4974,0,myC10,2.8855780482493798,"Kerr, A. et al.",46,Myeloid_10
Kerr,4974,0,myC15,-0.318770449806005,"Kerr, A. et al.",46,Myeloid_15
Kerr,4974,0,myC05,3.1975110466119401,"Kerr, A. et al.",46,Myeloid_5
Kerr,4974,0,myC14,1.57026779327748,"Kerr, A. et al.",46,Myeloid_14
Kerr,4974,0,myC03,2.1497654827950199,"Kerr, A. et al.",46,Myeloid_3
Kerr,4666,2,myC00,-0.076019631370567498,"Kerr, A. et al.",47,Myeloid_0
Kerr,4666,2,myC01,0.10684526560631501,"Kerr, A. et al.",47,Myeloid_1
Kerr,4666,2,myC04,0.46733854690284898,"Kerr, A. et al.",47,Myeloid_4
Kerr,4666,2,myC07,-0.69141645870068702,"Kerr, A. et al.",47,Myeloid_7
Kerr,4666,2,myC08,0.50063496031254096,"Kerr, A. et al.",47,Myeloid_8
Kerr,4666,2,myC09,-0.33797551923564401,"Kerr, A. et al.",47,Myeloid_9
Kerr,4666,2,myC11,0.32062983580600501,"Kerr, A. et al.",47,Myeloid_11
Kerr,4666,2,myC12,-0.328493562474511,"Kerr, A. et al.",47,Myeloid_12
Kerr,4666,2,myC13,0.120380115038626,"Kerr, A. et al.",47,Myeloid_13
Kerr,4666,2,myC02,-0.90909892880080001,"Kerr, A. et al.",47,Myeloid_2
Kerr,4666,2,myC06,-1.49034219214717,"Kerr, A. et al.",47,Myeloid_6
Kerr,4666,2,myC10,-0.337424224030896,"Kerr, A. et al.",47,Myeloid_10
Kerr,4666,2,myC15,0.050088088125150497,"Kerr, A. et al.",47,Myeloid_15
Kerr,4666,2,myC05,-2.3730719579679702,"Kerr, A. et al.",47,Myeloid_5
Kerr,4666,2,myC14,-2.47846598226154,"Kerr, A. et al.",47,Myeloid_14
Kerr,4666,2,myC03,0.22574055730342901,"Kerr, A. et al.",47,Myeloid_3
Kerr,4908,5,myC00,-2.2558852305256001,"Kerr, A. et al.",48,Myeloid_0
Kerr,4908,5,myC01,-0.95109228002079904,"Kerr, A. et al.",48,Myeloid_1
Kerr,4908,5,myC04,-1.21771543569742,"Kerr, A. et al.",48,Myeloid_4
Kerr,4908,5,myC07,1.0399391149044199,"Kerr, A. et al.",48,Myeloid_7
Kerr,4908,5,myC08,-1.46161233583349,"Kerr, A. et al.",48,Myeloid_8
Kerr,4908,5,myC09,-1.543919008889,"Kerr, A. et al.",48,Myeloid_9
Kerr,4908,5,myC11,-2.37949077760838,"Kerr, A. et al.",48,Myeloid_11
Kerr,4908,5,myC12,-1.3862248476119601,"Kerr, A. et al.",48,Myeloid_12
Kerr,4908,5,myC13,-1.90265724541685,"Kerr, A. et al.",48,Myeloid_13
Kerr,4908,5,myC02,-2.0042386311034601,"Kerr, A. et al.",48,Myeloid_2
Kerr,4908,5,myC06,-2.5803939917310399,"Kerr, A. et al.",48,Myeloid_6
Kerr,4908,5,myC10,-1.04805157925092,"Kerr, A. et al.",48,Myeloid_10
Kerr,4908,5,myC15,-0.86120928486519699,"Kerr, A. et al.",48,Myeloid_15
Kerr,4908,5,myC05,-3.2988751825873002,"Kerr, A. et al.",48,Myeloid_5
Kerr,4908,5,myC14,-4.3933832670230002,"Kerr, A. et al.",48,Myeloid_14
Kerr,4908,5,myC03,-2.85047866395993,"Kerr, A. et al.",48,Myeloid_3
Kerr,4642,5,myC00,-5.1745249625048402,"Kerr, A. et al.",49,Myeloid_0
Kerr,4642,5,myC01,-3.88346694963314,"Kerr, A. et al.",49,Myeloid_1
Kerr,4642,5,myC04,-2.3309853351491898,"Kerr, A. et al.",49,Myeloid_4
Kerr,4642,5,myC07,-1.00134689099562,"Kerr, A. et al.",49,Myeloid_7
Kerr,4642,5,myC08,-2.57515088032289,"Kerr, A. et al.",49,Myeloid_8
Kerr,4642,5,myC09,-1.5153456477952001,"Kerr, A. et al.",49,Myeloid_9
Kerr,4642,5,myC11,-3.6520179807329698,"Kerr, A. et al.",49,Myeloid_11
Kerr,4642,5,myC12,-0.93593606522179296,"Kerr, A. et al.",49,Myeloid_12
Kerr,4642,5,myC13,-4.3976730125690704,"Kerr, A. et al.",49,Myeloid_13
Kerr,4642,5,myC02,-2.63787764632717,"Kerr, A. et al.",49,Myeloid_2
Kerr,4642,5,myC06,-3.6382259275931301,"Kerr, A. et al.",49,Myeloid_6
Kerr,4642,5,myC10,-2.48742223018216,"Kerr, A. et al.",49,Myeloid_10
Kerr,4642,5,myC15,-1.6456127192518399,"Kerr, A. et al.",49,Myeloid_15
Kerr,4642,5,myC05,-3.2771300199909001,"Kerr, A. et al.",49,Myeloid_5
Kerr,4642,5,myC14,-3.3791575141533698,"Kerr, A. et al.",49,Myeloid_14
Kerr,4642,5,myC03,-2.3658530393087198,"Kerr, A. et al.",49,Myeloid_3
Kerr,4589,2,myC00,1.6912723319854599,"Kerr, A. et al.",50,Myeloid_0
Kerr,4589,2,myC01,1.8418739221184,"Kerr, A. et al.",50,Myeloid_1
Kerr,4589,2,myC04,-0.082751433197460103,"Kerr, A. et al.",50,Myeloid_4
Kerr,4589,2,myC07,0.69570482531598299,"Kerr, A. et al.",50,Myeloid_7
Kerr,4589,2,myC08,0.96516106872787599,"Kerr, A. et al.",50,Myeloid_8
Kerr,4589,2,myC09,-0.98358489773077196,"Kerr, A. et al.",50,Myeloid_9
Kerr,4589,2,myC11,1.7786436093334499,"Kerr, A. et al.",50,Myeloid_11
Kerr,4589,2,myC12,-0.541103604567437,"Kerr, A. et al.",50,Myeloid_12
Kerr,4589,2,myC13,0.55633165314843103,"Kerr, A. et al.",50,Myeloid_13
Kerr,4589,2,myC02,0.571609527783416,"Kerr, A. et al.",50,Myeloid_2
Kerr,4589,2,myC06,0.84236462698688097,"Kerr, A. et al.",50,Myeloid_6
Kerr,4589,2,myC10,-0.153817719801081,"Kerr, A. et al.",50,Myeloid_10
Kerr,4589,2,myC15,-1.1818241661456901,"Kerr, A. et al.",50,Myeloid_15
Kerr,4589,2,myC05,0.0054376962921877502,"Kerr, A. et al.",50,Myeloid_5
Kerr,4589,2,myC14,-2.4193587358150102,"Kerr, A. et al.",50,Myeloid_14
Kerr,4589,2,myC03,1.7650502250130999,"Kerr, A. et al.",50,Myeloid_3
Kerr,4967,5,myC00,4.2482077538128102,"Kerr, A. et al.",51,Myeloid_0
Kerr,4967,5,myC01,3.8650009602837199,"Kerr, A. et al.",51,Myeloid_1
Kerr,4967,5,myC04,2.0188093877418698,"Kerr, A. et al.",51,Myeloid_4
Kerr,4967,5,myC07,-0.122164328693316,"Kerr, A. et al.",51,Myeloid_7
Kerr,4967,5,myC08,0.96568989430339203,"Kerr, A. et al.",51,Myeloid_8
Kerr,4967,5,myC09,1.1517827215637499,"Kerr, A. et al.",51,Myeloid_9
Kerr,4967,5,myC11,1.98091667854739,"Kerr, A. et al.",51,Myeloid_11
Kerr,4967,5,myC12,0.90134328724937696,"Kerr, A. et al.",51,Myeloid_12
Kerr,4967,5,myC13,2.7269235021083,"Kerr, A. et al.",51,Myeloid_13
Kerr,4967,5,myC02,1.7313637306490499,"Kerr, A. et al.",51,Myeloid_2
Kerr,4967,5,myC06,1.9419369272239699,"Kerr, A. et al.",51,Myeloid_6
Kerr,4967,5,myC10,0.48090642378740101,"Kerr, A. et al.",51,Myeloid_10
Kerr,4967,5,myC15,1.2039671502627201,"Kerr, A. et al.",51,Myeloid_15
Kerr,4967,5,myC05,1.6933887065916,"Kerr, A. et al.",51,Myeloid_5
Kerr,4967,5,myC14,-0.95813637979171096,"Kerr, A. et al.",51,Myeloid_14
Kerr,4967,5,myC03,2.9460875982333898,"Kerr, A. et al.",51,Myeloid_3
Kerr,4615,0,myC00,2.3202203842793301,"Kerr, A. et al.",52,Myeloid_0
Kerr,4615,0,myC01,2.0631704987905399,"Kerr, A. et al.",52,Myeloid_1
Kerr,4615,0,myC04,-0.59801380111590596,"Kerr, A. et al.",52,Myeloid_4
Kerr,4615,0,myC07,1.7761855445588699,"Kerr, A. et al.",52,Myeloid_7
Kerr,4615,0,myC08,2.06154054763631,"Kerr, A. et al.",52,Myeloid_8
Kerr,4615,0,myC09,0.23907382871803801,"Kerr, A. et al.",52,Myeloid_9
Kerr,4615,0,myC11,1.4160265787778501,"Kerr, A. et al.",52,Myeloid_11
Kerr,4615,0,myC12,1.6604343551914,"Kerr, A. et al.",52,Myeloid_12
Kerr,4615,0,myC13,1.2188133020668701,"Kerr, A. et al.",52,Myeloid_13
Kerr,4615,0,myC02,2.2485342132511001,"Kerr, A. et al.",52,Myeloid_2
Kerr,4615,0,myC06,1.5776772558640899,"Kerr, A. et al.",52,Myeloid_6
Kerr,4615,0,myC10,1.4354108123036999,"Kerr, A. et al.",52,Myeloid_10
Kerr,4615,0,myC15,0.33525005699390398,"Kerr, A. et al.",52,Myeloid_15
Kerr,4615,0,myC05,3.0416064917323098,"Kerr, A. et al.",52,Myeloid_5
Kerr,4615,0,myC14,2.39386150124496,"Kerr, A. et al.",52,Myeloid_14
Kerr,4615,0,myC03,1.5792054246983001,"Kerr, A. et al.",52,Myeloid_3
Kerr,4589,0,myC00,2.4177640015144601,"Kerr, A. et al.",53,Myeloid_0
Kerr,4589,0,myC01,3.1285748165763101,"Kerr, A. et al.",53,Myeloid_1
Kerr,4589,0,myC04,-0.78226744290839401,"Kerr, A. et al.",53,Myeloid_4
Kerr,4589,0,myC07,2.1082971107824999,"Kerr, A. et al.",53,Myeloid_7
Kerr,4589,0,myC08,2.5189408580279,"Kerr, A. et al.",53,Myeloid_8
Kerr,4589,0,myC09,-1.5175841866222599,"Kerr, A. et al.",53,Myeloid_9
Kerr,4589,0,myC11,2.20181083068822,"Kerr, A. et al.",53,Myeloid_11
Kerr,4589,0,myC12,1.2913195989297199,"Kerr, A. et al.",53,Myeloid_12
Kerr,4589,0,myC13,1.6722261195418899,"Kerr, A. et al.",53,Myeloid_13
Kerr,4589,0,myC02,2.1141016793790501,"Kerr, A. et al.",53,Myeloid_2
Kerr,4589,0,myC06,1.3370844261463299,"Kerr, A. et al.",53,Myeloid_6
Kerr,4589,0,myC10,1.8778815155958499,"Kerr, A. et al.",53,Myeloid_10
Kerr,4589,0,myC15,0.017478791587818,"Kerr, A. et al.",53,Myeloid_15
Kerr,4589,0,myC05,1.39313508834583,"Kerr, A. et al.",53,Myeloid_5
Kerr,4589,0,myC14,-1.7583543942966999,"Kerr, A. et al.",53,Myeloid_14
Kerr,4589,0,myC03,2.3248695896845901,"Kerr, A. et al.",53,Myeloid_3
Kerr,4971,5,myC00,-2.5611572569302399,"Kerr, A. et al.",54,Myeloid_0
Kerr,4971,5,myC01,-2.2130733296376399,"Kerr, A. et al.",54,Myeloid_1
Kerr,4971,5,myC04,-0.063095030109985503,"Kerr, A. et al.",54,Myeloid_4
Kerr,4971,5,myC07,-0.117888218923605,"Kerr, A. et al.",54,Myeloid_7
Kerr,4971,5,myC08,-1.8821872775699999,"Kerr, A. et al.",54,Myeloid_8
Kerr,4971,5,myC09,-1.48900699809284,"Kerr, A. et al.",54,Myeloid_9
Kerr,4971,5,myC11,-1.6612803266789999,"Kerr, A. et al.",54,Myeloid_11
Kerr,4971,5,myC12,-2.6915846819504301,"Kerr, A. et al.",54,Myeloid_12
Kerr,4971,5,myC13,-2.4600228513774201,"Kerr, A. et al.",54,Myeloid_13
Kerr,4971,5,myC02,-1.9132454577843601,"Kerr, A. et al.",54,Myeloid_2
Kerr,4971,5,myC06,-1.1730196393183501,"Kerr, A. et al.",54,Myeloid_6
Kerr,4971,5,myC10,-1.69024291896768,"Kerr, A. et al.",54,Myeloid_10
Kerr,4971,5,myC15,-1.7535253412212699,"Kerr, A. et al.",54,Myeloid_15
Kerr,4971,5,myC05,-2.7230697053410302,"Kerr, A. et al.",54,Myeloid_5
Kerr,4971,5,myC14,-2.6319641355303398,"Kerr, A. et al.",54,Myeloid_14
Kerr,4971,5,myC03,-3.0063722701298699,"Kerr, A. et al.",54,Myeloid_3
Kerr,4975,0,myC00,4.0014715021310101,"Kerr, A. et al.",55,Myeloid_0
Kerr,4975,0,myC01,3.42843586862065,"Kerr, A. et al.",55,Myeloid_1
Kerr,4975,0,myC04,-0.116514546466803,"Kerr, A. et al.",55,Myeloid_4
Kerr,4975,0,myC07,2.30884640589997,"Kerr, A. et al.",55,Myeloid_7
Kerr,4975,0,myC08,2.9909834578975301,"Kerr, A. et al.",55,Myeloid_8
Kerr,4975,0,myC09,0.139935117865682,"Kerr, A. et al.",55,Myeloid_9
Kerr,4975,0,myC11,3.1099581634965601,"Kerr, A. et al.",55,Myeloid_11
Kerr,4975,0,myC12,0.80491068136295696,"Kerr, A. et al.",55,Myeloid_12
Kerr,4975,0,myC13,4.1558939822835104,"Kerr, A. et al.",55,Myeloid_13
Kerr,4975,0,myC02,4.5363511957333698,"Kerr, A. et al.",55,Myeloid_2
Kerr,4975,0,myC06,3.6579947844940599,"Kerr, A. et al.",55,Myeloid_6
Kerr,4975,0,myC10,4.0702992987794699,"Kerr, A. et al.",55,Myeloid_10
Kerr,4975,0,myC15,0.91749451329935605,"Kerr, A. et al.",55,Myeloid_15
Kerr,4975,0,myC05,3.9254200240338801,"Kerr, A. et al.",55,Myeloid_5
Kerr,4975,0,myC14,0.97523101147878799,"Kerr, A. et al.",55,Myeloid_14
Kerr,4975,0,myC03,3.19226323242032,"Kerr, A. et al.",55,Myeloid_3
Kerr,4958,0,myC00,2.1482410585317702,"Kerr, A. et al.",56,Myeloid_0
Kerr,4958,0,myC01,2.1838548853675199,"Kerr, A. et al.",56,Myeloid_1
Kerr,4958,0,myC04,-2.8782829826149898,"Kerr, A. et al.",56,Myeloid_4
Kerr,4958,0,myC07,-0.049164142174756398,"Kerr, A. et al.",56,Myeloid_7
Kerr,4958,0,myC08,0.72215681021969302,"Kerr, A. et al.",56,Myeloid_8
Kerr,4958,0,myC09,-1.75705071257987,"Kerr, A. et al.",56,Myeloid_9
Kerr,4958,0,myC11,1.1862244722889701,"Kerr, A. et al.",56,Myeloid_11
Kerr,4958,0,myC12,0.44286260780443698,"Kerr, A. et al.",56,Myeloid_12
Kerr,4958,0,myC13,0.68705481863414397,"Kerr, A. et al.",56,Myeloid_13
Kerr,4958,0,myC02,1.38754688471933,"Kerr, A. et al.",56,Myeloid_2
Kerr,4958,0,myC06,1.4888287776502001,"Kerr, A. et al.",56,Myeloid_6
Kerr,4958,0,myC10,0.31084159494896701,"Kerr, A. et al.",56,Myeloid_10
Kerr,4958,0,myC15,-1.0875346798621901,"Kerr, A. et al.",56,Myeloid_15
Kerr,4958,0,myC05,-0.044244291980236203,"Kerr, A. et al.",56,Myeloid_5
Kerr,4958,0,myC14,-1.7821341176290599,"Kerr, A. et al.",56,Myeloid_14
Kerr,4958,0,myC03,0.89258223387404501,"Kerr, A. et al.",56,Myeloid_3
Kerr,4990,0,myC00,1.7805640597635299,"Kerr, A. et al.",57,Myeloid_0
Kerr,4990,0,myC01,2.46912770922102,"Kerr, A. et al.",57,Myeloid_1
Kerr,4990,0,myC04,0.70069784739506702,"Kerr, A. et al.",57,Myeloid_4
Kerr,4990,0,myC07,0.72821361739547497,"Kerr, A. et al.",57,Myeloid_7
Kerr,4990,0,myC08,1.9748212947939401,"Kerr, A. et al.",57,Myeloid_8
Kerr,4990,0,myC09,1.9242211652176999,"Kerr, A. et al.",57,Myeloid_9
Kerr,4990,0,myC11,1.47829384271377,"Kerr, A. et al.",57,Myeloid_11
Kerr,4990,0,myC12,0.18106991202192699,"Kerr, A. et al.",57,Myeloid_12
Kerr,4990,0,myC13,1.4330949184661901,"Kerr, A. et al.",57,Myeloid_13
Kerr,4990,0,myC02,1.9389606684337399,"Kerr, A. et al.",57,Myeloid_2
Kerr,4990,0,myC06,1.79647176827912,"Kerr, A. et al.",57,Myeloid_6
Kerr,4990,0,myC10,0.84613316166462604,"Kerr, A. et al.",57,Myeloid_10
Kerr,4990,0,myC15,0.431818249431973,"Kerr, A. et al.",57,Myeloid_15
Kerr,4990,0,myC05,4.3701606495061096,"Kerr, A. et al.",57,Myeloid_5
Kerr,4990,0,myC14,3.3348491254382702,"Kerr, A. et al.",57,Myeloid_14
Kerr,4990,0,myC03,1.5577683500595201,"Kerr, A. et al.",57,Myeloid_3
Kerr,4946,5,myC00,-4.7686951010055996,"Kerr, A. et al.",58,Myeloid_0
Kerr,4946,5,myC01,-4.0457165537557298,"Kerr, A. et al.",58,Myeloid_1
Kerr,4946,5,myC04,1.0935319527432701,"Kerr, A. et al.",58,Myeloid_4
Kerr,4946,5,myC07,-2.1147275980902398,"Kerr, A. et al.",58,Myeloid_7
Kerr,4946,5,myC08,-5.9340245194257601,"Kerr, A. et al.",58,Myeloid_8
Kerr,4946,5,myC09,1.0116460611534801,"Kerr, A. et al.",58,Myeloid_9
Kerr,4946,5,myC11,-4.1135382347800897,"Kerr, A. et al.",58,Myeloid_11
Kerr,4946,5,myC12,-3.5614348344534199,"Kerr, A. et al.",58,Myeloid_12
Kerr,4946,5,myC13,-3.5531952553944302,"Kerr, A. et al.",58,Myeloid_13
Kerr,4946,5,myC02,-4.2722692159001401,"Kerr, A. et al.",58,Myeloid_2
Kerr,4946,5,myC06,-3.4368680107601399,"Kerr, A. et al.",58,Myeloid_6
Kerr,4946,5,myC10,-3.0136562343637201,"Kerr, A. et al.",58,Myeloid_10
Kerr,4946,5,myC15,-0.47345399828778101,"Kerr, A. et al.",58,Myeloid_15
Kerr,4946,5,myC05,-3.1320670835865601,"Kerr, A. et al.",58,Myeloid_5
Kerr,4946,5,myC14,1.87478686388093,"Kerr, A. et al.",58,Myeloid_14
Kerr,4946,5,myC03,-3.6451468221737899,"Kerr, A. et al.",58,Myeloid_3
Kerr,4990,2,myC00,-4.5156409848964802,"Kerr, A. et al.",59,Myeloid_0
Kerr,4990,2,myC01,-3.0175598605536602,"Kerr, A. et al.",59,Myeloid_1
Kerr,4990,2,myC04,-2.1023388032883199,"Kerr, A. et al.",59,Myeloid_4
Kerr,4990,2,myC07,-0.68681359314938795,"Kerr, A. et al.",59,Myeloid_7
Kerr,4990,2,myC08,-3.9563340727230498,"Kerr, A. et al.",59,Myeloid_8
Kerr,4990,2,myC09,-0.67522596742700103,"Kerr, A. et al.",59,Myeloid_9
Kerr,4990,2,myC11,-2.4770998250718002,"Kerr, A. et al.",59,Myeloid_11
Kerr,4990,2,myC12,-2.1604550457047802,"Kerr, A. et al.",59,Myeloid_12
Kerr,4990,2,myC13,-3.8689068513560301,"Kerr, A. et al.",59,Myeloid_13
Kerr,4990,2,myC02,-3.9184060443075399,"Kerr, A. et al.",59,Myeloid_2
Kerr,4990,2,myC06,-3.9941666611964002,"Kerr, A. et al.",59,Myeloid_6
Kerr,4990,2,myC10,-1.6445781441334799,"Kerr, A. et al.",59,Myeloid_10
Kerr,4990,2,myC15,-0.935489663023504,"Kerr, A. et al.",59,Myeloid_15
Kerr,4990,2,myC05,1.4341317387030601,"Kerr, A. et al.",59,Myeloid_5
Kerr,4990,2,myC14,3.1686686931414898,"Kerr, A. et al.",59,Myeloid_14
Kerr,4990,2,myC03,-3.1452501614304502,"Kerr, A. et al.",59,Myeloid_3
Kerr,4649,2,myC00,-3.4875535071500998,"Kerr, A. et al.",60,Myeloid_0
Kerr,4649,2,myC01,-1.40312020154073,"Kerr, A. et al.",60,Myeloid_1
Kerr,4649,2,myC04,-2.8718166449730602,"Kerr, A. et al.",60,Myeloid_4
Kerr,4649,2,myC07,0.729499052182777,"Kerr, A. et al.",60,Myeloid_7
Kerr,4649,2,myC08,-1.48352799510137,"Kerr, A. et al.",60,Myeloid_8
Kerr,4649,2,myC09,-2.1777437030730602,"Kerr, A. et al.",60,Myeloid_9
Kerr,4649,2,myC11,-2.0371889231239999,"Kerr, A. et al.",60,Myeloid_11
Kerr,4649,2,myC12,-3.6001215567722902,"Kerr, A. et al.",60,Myeloid_12
Kerr,4649,2,myC13,-3.3120054486630299,"Kerr, A. et al.",60,Myeloid_13
Kerr,4649,2,myC02,-1.3921647490931299,"Kerr, A. et al.",60,Myeloid_2
Kerr,4649,2,myC06,-4.4519018612934103,"Kerr, A. et al.",60,Myeloid_6
Kerr,4649,2,myC10,-1.03823467861929,"Kerr, A. et al.",60,Myeloid_10
Kerr,4649,2,myC15,-2.31704876845005,"Kerr, A. et al.",60,Myeloid_15
Kerr,4649,2,myC05,-1.2300646089393199,"Kerr, A. et al.",60,Myeloid_5
Kerr,4649,2,myC14,-2.5426199248024601,"Kerr, A. et al.",60,Myeloid_14
Kerr,4649,2,myC03,-0.33205745313222801,"Kerr, A. et al.",60,Myeloid_3
Kerr,4648,2,myC00,-4.2367954490987003,"Kerr, A. et al.",61,Myeloid_0
Kerr,4648,2,myC01,-3.1967192791579802,"Kerr, A. et al.",61,Myeloid_1
Kerr,4648,2,myC04,0.0877604008030025,"Kerr, A. et al.",61,Myeloid_4
Kerr,4648,2,myC07,-2.3159499357617199,"Kerr, A. et al.",61,Myeloid_7
Kerr,4648,2,myC08,-4.5857739287339498,"Kerr, A. et al.",61,Myeloid_8
Kerr,4648,2,myC09,-0.27294776767247497,"Kerr, A. et al.",61,Myeloid_9
Kerr,4648,2,myC11,-3.4546493345190998,"Kerr, A. et al.",61,Myeloid_11
Kerr,4648,2,myC12,-2.6883984612488399,"Kerr, A. et al.",61,Myeloid_12
Kerr,4648,2,myC13,-3.7451502077350298,"Kerr, A. et al.",61,Myeloid_13
Kerr,4648,2,myC02,-3.5337964465205101,"Kerr, A. et al.",61,Myeloid_2
Kerr,4648,2,myC06,-3.8315105185048401,"Kerr, A. et al.",61,Myeloid_6
Kerr,4648,2,myC10,-1.13658915971773,"Kerr, A. et al.",61,Myeloid_10
Kerr,4648,2,myC15,-2.4703960399863298,"Kerr, A. et al.",61,Myeloid_15
Kerr,4648,2,myC05,-2.5055687519697898,"Kerr, A. et al.",61,Myeloid_5
Kerr,4648,2,myC14,-0.57327666702208202,"Kerr, A. et al.",61,Myeloid_14
Kerr,4648,2,myC03,-3.6531306321894599,"Kerr, A. et al.",61,Myeloid_3
Kerr,4934,0,myC00,-0.448340454500403,"Kerr, A. et al.",62,Myeloid_0
Kerr,4934,0,myC01,-0.095923345890462197,"Kerr, A. et al.",62,Myeloid_1
Kerr,4934,0,myC04,-0.017016941041804502,"Kerr, A. et al.",62,Myeloid_4
Kerr,4934,0,myC07,0.988630797637428,"Kerr, A. et al.",62,Myeloid_7
Kerr,4934,0,myC08,1.0387558394366201,"Kerr, A. et al.",62,Myeloid_8
Kerr,4934,0,myC09,1.9261452714198,"Kerr, A. et al.",62,Myeloid_9
Kerr,4934,0,myC11,-0.43027358840688701,"Kerr, A. et al.",62,Myeloid_11
Kerr,4934,0,myC12,1.71132139378282,"Kerr, A. et al.",62,Myeloid_12
Kerr,4934,0,myC13,0.45135019987300001,"Kerr, A. et al.",62,Myeloid_13
Kerr,4934,0,myC02,1.0089187189166799,"Kerr, A. et al.",62,Myeloid_2
Kerr,4934,0,myC06,-1.1741917475463199,"Kerr, A. et al.",62,Myeloid_6
Kerr,4934,0,myC10,0.81837176792750499,"Kerr, A. et al.",62,Myeloid_10
Kerr,4934,0,myC15,0.58564509231889605,"Kerr, A. et al.",62,Myeloid_15
Kerr,4934,0,myC05,8.6974333501449692,"Kerr, A. et al.",62,Myeloid_5
Kerr,4934,0,myC14,6.6499711362332796,"Kerr, A. et al.",62,Myeloid_14
Kerr,4934,0,myC03,2.11267505345343,"Kerr, A. et al.",62,Myeloid_3
Kerr,4982,5,myC00,-4.3524808709051701,"Kerr, A. et al.",63,Myeloid_0
Kerr,4982,5,myC01,-1.9850247971863899,"Kerr, A. et al.",63,Myeloid_1
Kerr,4982,5,myC04,-2.9035767684991902,"Kerr, A. et al.",63,Myeloid_4
Kerr,4982,5,myC07,-2.0480521370814402,"Kerr, A. et al.",63,Myeloid_7
Kerr,4982,5,myC08,-4.9833877439647898,"Kerr, A. et al.",63,Myeloid_8
Kerr,4982,5,myC09,-1.7832295541093199,"Kerr, A. et al.",63,Myeloid_9
Kerr,4982,5,myC11,-3.4157073800107902,"Kerr, A. et al.",63,Myeloid_11
Kerr,4982,5,myC12,-3.16213862753728,"Kerr, A. et al.",63,Myeloid_12
Kerr,4982,5,myC13,-4.9669903157720698,"Kerr, A. et al.",63,Myeloid_13
Kerr,4982,5,myC02,-3.3912324050309599,"Kerr, A. et al.",63,Myeloid_2
Kerr,4982,5,myC06,-3.3080789170807501,"Kerr, A. et al.",63,Myeloid_6
Kerr,4982,5,myC10,-2.7071988640473901,"Kerr, A. et al.",63,Myeloid_10
Kerr,4982,5,myC15,-1.6096315405984301,"Kerr, A. et al.",63,Myeloid_15
Kerr,4982,5,myC05,-3.6804770722503601,"Kerr, A. et al.",63,Myeloid_5
Kerr,4982,5,myC14,-2.00194536921865,"Kerr, A. et al.",63,Myeloid_14
Kerr,4982,5,myC03,-2.5293651187035899,"Kerr, A. et al.",63,Myeloid_3
Kerr,4981,0,myC00,2.9886471810952902,"Kerr, A. et al.",64,Myeloid_0
Kerr,4981,0,myC01,3.1280561396044102,"Kerr, A. et al.",64,Myeloid_1
Kerr,4981,0,myC04,1.6438960529589901,"Kerr, A. et al.",64,Myeloid_4
Kerr,4981,0,myC07,1.4970638816394499,"Kerr, A. et al.",64,Myeloid_7
Kerr,4981,0,myC08,3.7748602019324302,"Kerr, A. et al.",64,Myeloid_8
Kerr,4981,0,myC09,1.4316380886861,"Kerr, A. et al.",64,Myeloid_9
Kerr,4981,0,myC11,1.9870320984790499,"Kerr, A. et al.",64,Myeloid_11
Kerr,4981,0,myC12,3.4753127035483198,"Kerr, A. et al.",64,Myeloid_12
Kerr,4981,0,myC13,2.6721394089386101,"Kerr, A. et al.",64,Myeloid_13
Kerr,4981,0,myC02,4.3878288335140603,"Kerr, A. et al.",64,Myeloid_2
Kerr,4981,0,myC06,3.8792183891062302,"Kerr, A. et al.",64,Myeloid_6
Kerr,4981,0,myC10,3.4974676556531401,"Kerr, A. et al.",64,Myeloid_10
Kerr,4981,0,myC15,1.03624758163933,"Kerr, A. et al.",64,Myeloid_15
Kerr,4981,0,myC05,2.5461420687982401,"Kerr, A. et al.",64,Myeloid_5
Kerr,4981,0,myC14,0.65685996636993205,"Kerr, A. et al.",64,Myeloid_14
Kerr,4981,0,myC03,3.0291229564460802,"Kerr, A. et al.",64,Myeloid_3
Kerr,4988,0,myC00,3.1803932202615601,"Kerr, A. et al.",65,Myeloid_0
Kerr,4988,0,myC01,3.4854439874667,"Kerr, A. et al.",65,Myeloid_1
Kerr,4988,0,myC04,-0.75402305054414498,"Kerr, A. et al.",65,Myeloid_4
Kerr,4988,0,myC07,1.6102119721666199,"Kerr, A. et al.",65,Myeloid_7
Kerr,4988,0,myC08,4.35259381240407,"Kerr, A. et al.",65,Myeloid_8
Kerr,4988,0,myC09,0.23769790067600199,"Kerr, A. et al.",65,Myeloid_9
Kerr,4988,0,myC11,1.7393195516147499,"Kerr, A. et al.",65,Myeloid_11
Kerr,4988,0,myC12,2.87441378259836,"Kerr, A. et al.",65,Myeloid_12
Kerr,4988,0,myC13,1.83752012700204,"Kerr, A. et al.",65,Myeloid_13
Kerr,4988,0,myC02,2.8051688079283199,"Kerr, A. et al.",65,Myeloid_2
Kerr,4988,0,myC06,1.41721580847574,"Kerr, A. et al.",65,Myeloid_6
Kerr,4988,0,myC10,1.17743226247781,"Kerr, A. et al.",65,Myeloid_10
Kerr,4988,0,myC15,2.0721983711935099,"Kerr, A. et al.",65,Myeloid_15
Kerr,4988,0,myC05,1.34484849048163,"Kerr, A. et al.",65,Myeloid_5
Kerr,4988,0,myC14,0.0772383300452055,"Kerr, A. et al.",65,Myeloid_14
Kerr,4988,0,myC03,2.2101687533410699,"Kerr, A. et al.",65,Myeloid_3
Kerr,4958,2,myC00,-0.074091003422939394,"Kerr, A. et al.",66,Myeloid_0
Kerr,4958,2,myC01,0.069378750524978702,"Kerr, A. et al.",66,Myeloid_1
Kerr,4958,2,myC04,-0.37641965640318398,"Kerr, A. et al.",66,Myeloid_4
Kerr,4958,2,myC07,-1.40424635660087,"Kerr, A. et al.",66,Myeloid_7
Kerr,4958,2,myC08,-2.5675837220168201,"Kerr, A. et al.",66,Myeloid_8
Kerr,4958,2,myC09,-1.16429870908648,"Kerr, A. et al.",66,Myeloid_9
Kerr,4958,2,myC11,-1.2661670401699201,"Kerr, A. et al.",66,Myeloid_11
Kerr,4958,2,myC12,-2.4240215094099899,"Kerr, A. et al.",66,Myeloid_12
Kerr,4958,2,myC13,-1.6724447859056699,"Kerr, A. et al.",66,Myeloid_13
Kerr,4958,2,myC02,-2.9995548470600299,"Kerr, A. et al.",66,Myeloid_2
Kerr,4958,2,myC06,-2.2620260432900601,"Kerr, A. et al.",66,Myeloid_6
Kerr,4958,2,myC10,-1.9968837581507199,"Kerr, A. et al.",66,Myeloid_10
Kerr,4958,2,myC15,-1.7354316278758299,"Kerr, A. et al.",66,Myeloid_15
Kerr,4958,2,myC05,-4.0680885982625501,"Kerr, A. et al.",66,Myeloid_5
Kerr,4958,2,myC14,-3.9639117139868301,"Kerr, A. et al.",66,Myeloid_14
Kerr,4958,2,myC03,-2.5180122514738099,"Kerr, A. et al.",66,Myeloid_3
Kerr,4634,5,myC00,-2.42502127387821,"Kerr, A. et al.",67,Myeloid_0
Kerr,4634,5,myC01,-2.3105946964269202,"Kerr, A. et al.",67,Myeloid_1
Kerr,4634,5,myC04,-2.34465279711584,"Kerr, A. et al.",67,Myeloid_4
Kerr,4634,5,myC07,-2.1834139515259001,"Kerr, A. et al.",67,Myeloid_7
Kerr,4634,5,myC08,-2.24797300754661,"Kerr, A. et al.",67,Myeloid_8
Kerr,4634,5,myC09,-2.22153756244332,"Kerr, A. et al.",67,Myeloid_9
Kerr,4634,5,myC11,-2.91812129467516,"Kerr, A. et al.",67,Myeloid_11
Kerr,4634,5,myC12,-2.0090368383116801,"Kerr, A. et al.",67,Myeloid_12
Kerr,4634,5,myC13,-2.7661110794899,"Kerr, A. et al.",67,Myeloid_13
Kerr,4634,5,myC02,-2.65813548928142,"Kerr, A. et al.",67,Myeloid_2
Kerr,4634,5,myC06,-1.53569083120992,"Kerr, A. et al.",67,Myeloid_6
Kerr,4634,5,myC10,-0.70845751528079004,"Kerr, A. et al.",67,Myeloid_10
Kerr,4634,5,myC15,-2.36583013690379,"Kerr, A. et al.",67,Myeloid_15
Kerr,4634,5,myC05,-4.4566853984133203,"Kerr, A. et al.",67,Myeloid_5
Kerr,4634,5,myC14,-2.19038836972965,"Kerr, A. et al.",67,Myeloid_14
Kerr,4634,5,myC03,-2.7472839505934599,"Kerr, A. et al.",67,Myeloid_3
Kerr,4595,0,myC00,2.6780901271186401,"Kerr, A. et al.",68,Myeloid_0
Kerr,4595,0,myC01,2.0538201499165201,"Kerr, A. et al.",68,Myeloid_1
Kerr,4595,0,myC04,5.6352142634560796,"Kerr, A. et al.",68,Myeloid_4
Kerr,4595,0,myC07,1.03433954497263,"Kerr, A. et al.",68,Myeloid_7
Kerr,4595,0,myC08,2.2231523744536701,"Kerr, A. et al.",68,Myeloid_8
Kerr,4595,0,myC09,5.4132332126857401,"Kerr, A. et al.",68,Myeloid_9
Kerr,4595,0,myC11,2.2603226791707298,"Kerr, A. et al.",68,Myeloid_11
Kerr,4595,0,myC12,3.4577287314989902,"Kerr, A. et al.",68,Myeloid_12
Kerr,4595,0,myC13,4.7539530911737096,"Kerr, A. et al.",68,Myeloid_13
Kerr,4595,0,myC02,1.4410328361267699,"Kerr, A. et al.",68,Myeloid_2
Kerr,4595,0,myC06,4.2291655728270499,"Kerr, A. et al.",68,Myeloid_6
Kerr,4595,0,myC10,2.30510744008388,"Kerr, A. et al.",68,Myeloid_10
Kerr,4595,0,myC15,5.0999833544701803,"Kerr, A. et al.",68,Myeloid_15
Kerr,4595,0,myC05,2.9206756305392299,"Kerr, A. et al.",68,Myeloid_5
Kerr,4595,0,myC14,2.06732437035414,"Kerr, A. et al.",68,Myeloid_14
Kerr,4595,0,myC03,3.41045701972882,"Kerr, A. et al.",68,Myeloid_3
Kerr,4649,5,myC00,-5.79272446581846,"Kerr, A. et al.",69,Myeloid_0
Kerr,4649,5,myC01,-4.8174771151455396,"Kerr, A. et al.",69,Myeloid_1
Kerr,4649,5,myC04,-3.6606358875062099,"Kerr, A. et al.",69,Myeloid_4
Kerr,4649,5,myC07,-0.61125328099060905,"Kerr, A. et al.",69,Myeloid_7
Kerr,4649,5,myC08,-2.9570075587268598,"Kerr, A. et al.",69,Myeloid_8
Kerr,4649,5,myC09,-3.1837465636187701,"Kerr, A. et al.",69,Myeloid_9
Kerr,4649,5,myC11,-3.61973085342207,"Kerr, A. et al.",69,Myeloid_11
Kerr,4649,5,myC12,-2.3100876147986802,"Kerr, A. et al.",69,Myeloid_12
Kerr,4649,5,myC13,-4.9943070762791804,"Kerr, A. et al.",69,Myeloid_13
Kerr,4649,5,myC02,-2.6287628133912699,"Kerr, A. et al.",69,Myeloid_2
Kerr,4649,5,myC06,-3.6380376395598901,"Kerr, A. et al.",69,Myeloid_6
Kerr,4649,5,myC10,-2.8216709204356101,"Kerr, A. et al.",69,Myeloid_10
Kerr,4649,5,myC15,-2.21725385101794,"Kerr, A. et al.",69,Myeloid_15
Kerr,4649,5,myC05,-3.5890210562288001,"Kerr, A. et al.",69,Myeloid_5
Kerr,4649,5,myC14,-2.5907755935977401,"Kerr, A. et al.",69,Myeloid_14
Kerr,4649,5,myC03,-3.56367403161491,"Kerr, A. et al.",69,Myeloid_3
Kerr,4946,0,myC00,2.0928798323273101,"Kerr, A. et al.",70,Myeloid_0
Kerr,4946,0,myC01,0.17096431262110201,"Kerr, A. et al.",70,Myeloid_1
Kerr,4946,0,myC04,-2.7913516762114599,"Kerr, A. et al.",70,Myeloid_4
Kerr,4946,0,myC07,1.4991533259941201,"Kerr, A. et al.",70,Myeloid_7
Kerr,4946,0,myC08,2.3055804534438402,"Kerr, A. et al.",70,Myeloid_8
Kerr,4946,0,myC09,-0.89672377627897903,"Kerr, A. et al.",70,Myeloid_9
Kerr,4946,0,myC11,1.4976413698586299,"Kerr, A. et al.",70,Myeloid_11
Kerr,4946,0,myC12,1.5808724981600299,"Kerr, A. et al.",70,Myeloid_12
Kerr,4946,0,myC13,1.2269949560534501,"Kerr, A. et al.",70,Myeloid_13
Kerr,4946,0,myC02,1.91907861838599,"Kerr, A. et al.",70,Myeloid_2
Kerr,4946,0,myC06,0.61356180848740705,"Kerr, A. et al.",70,Myeloid_6
Kerr,4946,0,myC10,1.2089123217800899,"Kerr, A. et al.",70,Myeloid_10
Kerr,4946,0,myC15,-0.32905113659924501,"Kerr, A. et al.",70,Myeloid_15
Kerr,4946,0,myC05,2.17297782211579,"Kerr, A. et al.",70,Myeloid_5
Kerr,4946,0,myC14,2.00708406143035,"Kerr, A. et al.",70,Myeloid_14
Kerr,4946,0,myC03,1.5187134230236701,"Kerr, A. et al.",70,Myeloid_3
Kerr,4962,0,myC00,1.60825708671658,"Kerr, A. et al.",71,Myeloid_0
Kerr,4962,0,myC01,1.1343995986155699,"Kerr, A. et al.",71,Myeloid_1
Kerr,4962,0,myC04,-0.91411014614937203,"Kerr, A. et al.",71,Myeloid_4
Kerr,4962,0,myC07,2.0540391117244599,"Kerr, A. et al.",71,Myeloid_7
Kerr,4962,0,myC08,2.9326693336455598,"Kerr, A. et al.",71,Myeloid_8
Kerr,4962,0,myC09,1.4339818607460399,"Kerr, A. et al.",71,Myeloid_9
Kerr,4962,0,myC11,2.3421016854074699,"Kerr, A. et al.",71,Myeloid_11
Kerr,4962,0,myC12,3.1279559677825599,"Kerr, A. et al.",71,Myeloid_12
Kerr,4962,0,myC13,3.2555916814200598,"Kerr, A. et al.",71,Myeloid_13
Kerr,4962,0,myC02,4.2084357916094799,"Kerr, A. et al.",71,Myeloid_2
Kerr,4962,0,myC06,5.6090406713583301,"Kerr, A. et al.",71,Myeloid_6
Kerr,4962,0,myC10,5.1450564844679896,"Kerr, A. et al.",71,Myeloid_10
Kerr,4962,0,myC15,1.0026544763027601,"Kerr, A. et al.",71,Myeloid_15
Kerr,4962,0,myC05,5.3682196446009396,"Kerr, A. et al.",71,Myeloid_5
Kerr,4962,0,myC14,2.8202559062782999,"Kerr, A. et al.",71,Myeloid_14
Kerr,4962,0,myC03,3.5258688867260801,"Kerr, A. et al.",71,Myeloid_3
Kerr,4967,0,myC00,4.2890546804651697,"Kerr, A. et al.",72,Myeloid_0
Kerr,4967,0,myC01,2.8817382771959301,"Kerr, A. et al.",72,Myeloid_1
Kerr,4967,0,myC04,0.57128664674461604,"Kerr, A. et al.",72,Myeloid_4
Kerr,4967,0,myC07,2.2340956802523499,"Kerr, A. et al.",72,Myeloid_7
Kerr,4967,0,myC08,5.2023424284916704,"Kerr, A. et al.",72,Myeloid_8
Kerr,4967,0,myC09,1.16889095089059,"Kerr, A. et al.",72,Myeloid_9
Kerr,4967,0,myC11,3.0248045395866701,"Kerr, A. et al.",72,Myeloid_11
Kerr,4967,0,myC12,2.0360155349554501,"Kerr, A. et al.",72,Myeloid_12
Kerr,4967,0,myC13,3.18572324818251,"Kerr, A. et al.",72,Myeloid_13
Kerr,4967,0,myC02,5.4012662002362699,"Kerr, A. et al.",72,Myeloid_2
Kerr,4967,0,myC06,3.9434577179558499,"Kerr, A. et al.",72,Myeloid_6
Kerr,4967,0,myC10,2.5530848814588101,"Kerr, A. et al.",72,Myeloid_10
Kerr,4967,0,myC15,2.82941726906733,"Kerr, A. et al.",72,Myeloid_15
Kerr,4967,0,myC05,2.77542156047795,"Kerr, A. et al.",72,Myeloid_5
Kerr,4967,0,myC14,0.16686969409795899,"Kerr, A. et al.",72,Myeloid_14
Kerr,4967,0,myC03,4.2630860823126699,"Kerr, A. et al.",72,Myeloid_3
Kerr,4898,0,myC00,2.7809263104858601,"Kerr, A. et al.",73,Myeloid_0
Kerr,4898,0,myC01,2.9729931691103801,"Kerr, A. et al.",73,Myeloid_1
Kerr,4898,0,myC04,-5.3099603436377496,"Kerr, A. et al.",73,Myeloid_4
Kerr,4898,0,myC07,1.56274065868076,"Kerr, A. et al.",73,Myeloid_7
Kerr,4898,0,myC08,2.8043321756828301,"Kerr, A. et al.",73,Myeloid_8
Kerr,4898,0,myC09,-2.4620856560269302,"Kerr, A. et al.",73,Myeloid_9
Kerr,4898,0,myC11,1.83918340048975,"Kerr, A. et al.",73,Myeloid_11
Kerr,4898,0,myC12,3.72988342867921,"Kerr, A. et al.",73,Myeloid_12
Kerr,4898,0,myC13,1.4976648311645999,"Kerr, A. et al.",73,Myeloid_13
Kerr,4898,0,myC02,3.03104784560959,"Kerr, A. et al.",73,Myeloid_2
Kerr,4898,0,myC06,3.1668743488184501,"Kerr, A. et al.",73,Myeloid_6
Kerr,4898,0,myC10,2.5601153589950401,"Kerr, A. et al.",73,Myeloid_10
Kerr,4898,0,myC15,-0.42479751735405302,"Kerr, A. et al.",73,Myeloid_15
Kerr,4898,0,myC05,3.02658756562644,"Kerr, A. et al.",73,Myeloid_5
Kerr,4898,0,myC14,0.99119053042220595,"Kerr, A. et al.",73,Myeloid_14
Kerr,4898,0,myC03,1.7786605985180399,"Kerr, A. et al.",73,Myeloid_3
Kerr,4985,2,myC00,1.0882764236757401,"Kerr, A. et al.",74,Myeloid_0
Kerr,4985,2,myC01,-0.076487255408238405,"Kerr, A. et al.",74,Myeloid_1
Kerr,4985,2,myC04,1.3887491842485,"Kerr, A. et al.",74,Myeloid_4
Kerr,4985,2,myC07,-2.1040873243483902,"Kerr, A. et al.",74,Myeloid_7
Kerr,4985,2,myC08,-0.28378285964730199,"Kerr, A. et al.",74,Myeloid_8
Kerr,4985,2,myC09,0.37607255758652902,"Kerr, A. et al.",74,Myeloid_9
Kerr,4985,2,myC11,0.43377951916186902,"Kerr, A. et al.",74,Myeloid_11
Kerr,4985,2,myC12,-0.60370203596982497,"Kerr, A. et al.",74,Myeloid_12
Kerr,4985,2,myC13,0.41165585175444602,"Kerr, A. et al.",74,Myeloid_13
Kerr,4985,2,myC02,-1.52171926028141,"Kerr, A. et al.",74,Myeloid_2
Kerr,4985,2,myC06,-0.96496984945370501,"Kerr, A. et al.",74,Myeloid_6
Kerr,4985,2,myC10,-0.57761536574147498,"Kerr, A. et al.",74,Myeloid_10
Kerr,4985,2,myC15,0.198104387657735,"Kerr, A. et al.",74,Myeloid_15
Kerr,4985,2,myC05,-1.9845168175889101,"Kerr, A. et al.",74,Myeloid_5
Kerr,4985,2,myC14,-0.43618866185182198,"Kerr, A. et al.",74,Myeloid_14
Kerr,4985,2,myC03,-0.83759628627153304,"Kerr, A. et al.",74,Myeloid_3
Kerr,4973,5,myC00,1.5090683058393299,"Kerr, A. et al.",75,Myeloid_0
Kerr,4973,5,myC01,1.04900143926306,"Kerr, A. et al.",75,Myeloid_1
Kerr,4973,5,myC04,1.1189518708450801,"Kerr, A. et al.",75,Myeloid_4
Kerr,4973,5,myC07,-0.36036522769849999,"Kerr, A. et al.",75,Myeloid_7
Kerr,4973,5,myC08,0.20836710718689799,"Kerr, A. et al.",75,Myeloid_8
Kerr,4973,5,myC09,0.34252815944953402,"Kerr, A. et al.",75,Myeloid_9
Kerr,4973,5,myC11,0.40347312724095002,"Kerr, A. et al.",75,Myeloid_11
Kerr,4973,5,myC12,1.04474647220523,"Kerr, A. et al.",75,Myeloid_12
Kerr,4973,5,myC13,0.82591228773233805,"Kerr, A. et al.",75,Myeloid_13
Kerr,4973,5,myC02,-0.63537193859138497,"Kerr, A. et al.",75,Myeloid_2
Kerr,4973,5,myC06,-0.11479803878634499,"Kerr, A. et al.",75,Myeloid_6
Kerr,4973,5,myC10,-0.61504815936966395,"Kerr, A. et al.",75,Myeloid_10
Kerr,4973,5,myC15,1.78483567102137,"Kerr, A. et al.",75,Myeloid_15
Kerr,4973,5,myC05,-0.24595361511305,"Kerr, A. et al.",75,Myeloid_5
Kerr,4973,5,myC14,0.60282775162685398,"Kerr, A. et al.",75,Myeloid_14
Kerr,4973,5,myC03,1.1500751410443399,"Kerr, A. et al.",75,Myeloid_3
Kerr,4887,5,myC00,1.32095946382604,"Kerr, A. et al.",76,Myeloid_0
Kerr,4887,5,myC01,0.14224313410226599,"Kerr, A. et al.",76,Myeloid_1
Kerr,4887,5,myC04,0.84267929858466295,"Kerr, A. et al.",76,Myeloid_4
Kerr,4887,5,myC07,0.33430032008233102,"Kerr, A. et al.",76,Myeloid_7
Kerr,4887,5,myC08,1.1817216761599101,"Kerr, A. et al.",76,Myeloid_8
Kerr,4887,5,myC09,0.78568582896279204,"Kerr, A. et al.",76,Myeloid_9
Kerr,4887,5,myC11,0.48891189438789501,"Kerr, A. et al.",76,Myeloid_11
Kerr,4887,5,myC12,1.1678226908415601,"Kerr, A. et al.",76,Myeloid_12
Kerr,4887,5,myC13,0.85360612904078903,"Kerr, A. et al.",76,Myeloid_13
Kerr,4887,5,myC02,1.43552983157526,"Kerr, A. et al.",76,Myeloid_2
Kerr,4887,5,myC06,1.08261596672496,"Kerr, A. et al.",76,Myeloid_6
Kerr,4887,5,myC10,0.30343202672929798,"Kerr, A. et al.",76,Myeloid_10
Kerr,4887,5,myC15,0.78495098700110599,"Kerr, A. et al.",76,Myeloid_15
Kerr,4887,5,myC05,0.30807448361935003,"Kerr, A. et al.",76,Myeloid_5
Kerr,4887,5,myC14,0.83219869771028299,"Kerr, A. et al.",76,Myeloid_14
Kerr,4887,5,myC03,1.6596944766833801,"Kerr, A. et al.",76,Myeloid_3
Kerr,4985,5,myC00,0.049588284441746601,"Kerr, A. et al.",77,Myeloid_0
Kerr,4985,5,myC01,-0.15850715026086001,"Kerr, A. et al.",77,Myeloid_1
Kerr,4985,5,myC04,-0.43499613667292902,"Kerr, A. et al.",77,Myeloid_4
Kerr,4985,5,myC07,-0.72491658501474399,"Kerr, A. et al.",77,Myeloid_7
Kerr,4985,5,myC08,-0.24171135414591299,"Kerr, A. et al.",77,Myeloid_8
Kerr,4985,5,myC09,-1.4801551559789199,"Kerr, A. et al.",77,Myeloid_9
Kerr,4985,5,myC11,-0.40443661741960002,"Kerr, A. et al.",77,Myeloid_11
Kerr,4985,5,myC12,0.49363867438116699,"Kerr, A. et al.",77,Myeloid_12
Kerr,4985,5,myC13,0.227333091688082,"Kerr, A. et al.",77,Myeloid_13
Kerr,4985,5,myC02,-0.975827788507176,"Kerr, A. et al.",77,Myeloid_2
Kerr,4985,5,myC06,0.30498998635867097,"Kerr, A. et al.",77,Myeloid_6
Kerr,4985,5,myC10,0.40064662038261101,"Kerr, A. et al.",77,Myeloid_10
Kerr,4985,5,myC15,-1.4427930369733799,"Kerr, A. et al.",77,Myeloid_15
Kerr,4985,5,myC05,-3.4955798213893501,"Kerr, A. et al.",77,Myeloid_5
Kerr,4985,5,myC14,-2.8028739844847399,"Kerr, A. et al.",77,Myeloid_14
Kerr,4985,5,myC03,-1.87691003239766,"Kerr, A. et al.",77,Myeloid_3
Kerr,4914,5,myC00,3.42123801595588,"Kerr, A. et al.",78,Myeloid_0
Kerr,4914,5,myC01,2.28081947073556,"Kerr, A. et al.",78,Myeloid_1
Kerr,4914,5,myC04,3.0241494810808001,"Kerr, A. et al.",78,Myeloid_4
Kerr,4914,5,myC07,0.38619553008974999,"Kerr, A. et al.",78,Myeloid_7
Kerr,4914,5,myC08,0.77888006335107796,"Kerr, A. et al.",78,Myeloid_8
Kerr,4914,5,myC09,3.1584266593643902,"Kerr, A. et al.",78,Myeloid_9
Kerr,4914,5,myC11,1.3544107705680699,"Kerr, A. et al.",78,Myeloid_11
Kerr,4914,5,myC12,0.58016991112716199,"Kerr, A. et al.",78,Myeloid_12
Kerr,4914,5,myC13,3.81235337672888,"Kerr, A. et al.",78,Myeloid_13
Kerr,4914,5,myC02,0.37532696281046102,"Kerr, A. et al.",78,Myeloid_2
Kerr,4914,5,myC06,1.4614783281391399,"Kerr, A. et al.",78,Myeloid_6
Kerr,4914,5,myC10,-0.076095464000004498,"Kerr, A. et al.",78,Myeloid_10
Kerr,4914,5,myC15,1.5209664377849501,"Kerr, A. et al.",78,Myeloid_15
Kerr,4914,5,myC05,4.5222890913041001,"Kerr, A. et al.",78,Myeloid_5
Kerr,4914,5,myC14,4.69946172503189,"Kerr, A. et al.",78,Myeloid_14
Kerr,4914,5,myC03,3.07706341471855,"Kerr, A. et al.",78,Myeloid_3
Kerr,4964,0,myC00,1.4293693313982401,"Kerr, A. et al.",79,Myeloid_0
Kerr,4964,0,myC01,0.45238394193419401,"Kerr, A. et al.",79,Myeloid_1
Kerr,4964,0,myC04,0.47699942373624399,"Kerr, A. et al.",79,Myeloid_4
Kerr,4964,0,myC07,1.70818410300246,"Kerr, A. et al.",79,Myeloid_7
Kerr,4964,0,myC08,2.9626313812500702,"Kerr, A. et al.",79,Myeloid_8
Kerr,4964,0,myC09,1.62596986230012,"Kerr, A. et al.",79,Myeloid_9
Kerr,4964,0,myC11,1.4869208232111799,"Kerr, A. et al.",79,Myeloid_11
Kerr,4964,0,myC12,2.64604094867921,"Kerr, A. et al.",79,Myeloid_12
Kerr,4964,0,myC13,2.5963214278340101,"Kerr, A. et al.",79,Myeloid_13
Kerr,4964,0,myC02,1.9320876528900299,"Kerr, A. et al.",79,Myeloid_2
Kerr,4964,0,myC06,2.6596071461747499,"Kerr, A. et al.",79,Myeloid_6
Kerr,4964,0,myC10,1.6542670695791299,"Kerr, A. et al.",79,Myeloid_10
Kerr,4964,0,myC15,1.8753644426987699,"Kerr, A. et al.",79,Myeloid_15
Kerr,4964,0,myC05,4.7230893861868903,"Kerr, A. et al.",79,Myeloid_5
Kerr,4964,0,myC14,4.3489204044050496,"Kerr, A. et al.",79,Myeloid_14
Kerr,4964,0,myC03,3.6570434172569501,"Kerr, A. et al.",79,Myeloid_3
Kerr,4982,2,myC00,-2.5903470871806298,"Kerr, A. et al.",80,Myeloid_0
Kerr,4982,2,myC01,-2.4932489961308102,"Kerr, A. et al.",80,Myeloid_1
Kerr,4982,2,myC04,-0.30249174438968901,"Kerr, A. et al.",80,Myeloid_4
Kerr,4982,2,myC07,-1.7831566019625,"Kerr, A. et al.",80,Myeloid_7
Kerr,4982,2,myC08,-1.97690810227574,"Kerr, A. et al.",80,Myeloid_8
Kerr,4982,2,myC09,-0.55902527275564395,"Kerr, A. et al.",80,Myeloid_9
Kerr,4982,2,myC11,-1.86970679982816,"Kerr, A. et al.",80,Myeloid_11
Kerr,4982,2,myC12,-3.0167930719625198,"Kerr, A. et al.",80,Myeloid_12
Kerr,4982,2,myC13,-2.20286287140617,"Kerr, A. et al.",80,Myeloid_13
Kerr,4982,2,myC02,-3.4107170182680999,"Kerr, A. et al.",80,Myeloid_2
Kerr,4982,2,myC06,-3.3799368843795898,"Kerr, A. et al.",80,Myeloid_6
Kerr,4982,2,myC10,-2.3482638644582199,"Kerr, A. et al.",80,Myeloid_10
Kerr,4982,2,myC15,-1.8329188000645,"Kerr, A. et al.",80,Myeloid_15
Kerr,4982,2,myC05,-5.31924127269229,"Kerr, A. et al.",80,Myeloid_5
Kerr,4982,2,myC14,-3.1757225558375,"Kerr, A. et al.",80,Myeloid_14
Kerr,4982,2,myC03,-4.1626230289347896,"Kerr, A. et al.",80,Myeloid_3
Kerr,4986,2,myC00,2.1271429427812398,"Kerr, A. et al.",81,Myeloid_0
Kerr,4986,2,myC01,2.0458907897641598,"Kerr, A. et al.",81,Myeloid_1
Kerr,4986,2,myC04,2.2585506131498798,"Kerr, A. et al.",81,Myeloid_4
Kerr,4986,2,myC07,-0.98188557037381097,"Kerr, A. et al.",81,Myeloid_7
Kerr,4986,2,myC08,1.2682327458643401,"Kerr, A. et al.",81,Myeloid_8
Kerr,4986,2,myC09,1.0391767066668001,"Kerr, A. et al.",81,Myeloid_9
Kerr,4986,2,myC11,1.65628024293233,"Kerr, A. et al.",81,Myeloid_11
Kerr,4986,2,myC12,0.56108403794702499,"Kerr, A. et al.",81,Myeloid_12
Kerr,4986,2,myC13,1.8368306408942601,"Kerr, A. et al.",81,Myeloid_13
Kerr,4986,2,myC02,-0.84829375163767695,"Kerr, A. et al.",81,Myeloid_2
Kerr,4986,2,myC06,0.24964629914765599,"Kerr, A. et al.",81,Myeloid_6
Kerr,4986,2,myC10,-0.68782923547215602,"Kerr, A. et al.",81,Myeloid_10
Kerr,4986,2,myC15,2.0003128056976802,"Kerr, A. et al.",81,Myeloid_15
Kerr,4986,2,myC05,-0.46490460076893197,"Kerr, A. et al.",81,Myeloid_5
Kerr,4986,2,myC14,-0.060145233764563197,"Kerr, A. et al.",81,Myeloid_14
Kerr,4986,2,myC03,0.91576318214750096,"Kerr, A. et al.",81,Myeloid_3
Kerr,4615,2,myC00,2.45443211368113,"Kerr, A. et al.",82,Myeloid_0
Kerr,4615,2,myC01,1.1588709162667401,"Kerr, A. et al.",82,Myeloid_1
Kerr,4615,2,myC04,1.6186725493142,"Kerr, A. et al.",82,Myeloid_4
Kerr,4615,2,myC07,0.96458288971481998,"Kerr, A. et al.",82,Myeloid_7
Kerr,4615,2,myC08,3.3460092741643801,"Kerr, A. et al.",82,Myeloid_8
Kerr,4615,2,myC09,0.74767957607306501,"Kerr, A. et al.",82,Myeloid_9
Kerr,4615,2,myC11,1.64037870030463,"Kerr, A. et al.",82,Myeloid_11
Kerr,4615,2,myC12,0.74617779177834298,"Kerr, A. et al.",82,Myeloid_12
Kerr,4615,2,myC13,1.1477933831360301,"Kerr, A. et al.",82,Myeloid_13
Kerr,4615,2,myC02,0.541446801683931,"Kerr, A. et al.",82,Myeloid_2
Kerr,4615,2,myC06,0.26875365506120102,"Kerr, A. et al.",82,Myeloid_6
Kerr,4615,2,myC10,-0.52485661499474101,"Kerr, A. et al.",82,Myeloid_10
Kerr,4615,2,myC15,0.050875732016714997,"Kerr, A. et al.",82,Myeloid_15
Kerr,4615,2,myC05,-0.69242692868642197,"Kerr, A. et al.",82,Myeloid_5
Kerr,4615,2,myC14,-1.6513082997548201,"Kerr, A. et al.",82,Myeloid_14
Kerr,4615,2,myC03,0.44929865879980202,"Kerr, A. et al.",82,Myeloid_3
Kerr,4964,2,myC00,0.80824103226085797,"Kerr, A. et al.",83,Myeloid_0
Kerr,4964,2,myC01,-0.21964364514155699,"Kerr, A. et al.",83,Myeloid_1
Kerr,4964,2,myC04,-0.081686874206893897,"Kerr, A. et al.",83,Myeloid_4
Kerr,4964,2,myC07,-2.4067020802283601,"Kerr, A. et al.",83,Myeloid_7
Kerr,4964,2,myC08,-0.178898027848369,"Kerr, A. et al.",83,Myeloid_8
Kerr,4964,2,myC09,-0.47976659184555998,"Kerr, A. et al.",83,Myeloid_9
Kerr,4964,2,myC11,0.91705406021409697,"Kerr, A. et al.",83,Myeloid_11
Kerr,4964,2,myC12,0.064552336492738602,"Kerr, A. et al.",83,Myeloid_12
Kerr,4964,2,myC13,-0.70658226374102595,"Kerr, A. et al.",83,Myeloid_13
Kerr,4964,2,myC02,-0.56208161344864704,"Kerr, A. et al.",83,Myeloid_2
Kerr,4964,2,myC06,-0.67787857525086104,"Kerr, A. et al.",83,Myeloid_6
Kerr,4964,2,myC10,-1.07240032985668,"Kerr, A. et al.",83,Myeloid_10
Kerr,4964,2,myC15,-0.437759413038037,"Kerr, A. et al.",83,Myeloid_15
Kerr,4964,2,myC05,-2.37800979956643,"Kerr, A. et al.",83,Myeloid_5
Kerr,4964,2,myC14,1.05058154469276,"Kerr, A. et al.",83,Myeloid_14
Kerr,4964,2,myC03,-0.51037828560348597,"Kerr, A. et al.",83,Myeloid_3
Kerr,4973,2,myC00,2.5435871336705098,"Kerr, A. et al.",84,Myeloid_0
Kerr,4973,2,myC01,1.8411733693455301,"Kerr, A. et al.",84,Myeloid_1
Kerr,4973,2,myC04,0.23608544602735601,"Kerr, A. et al.",84,Myeloid_4
Kerr,4973,2,myC07,-0.41054279063337901,"Kerr, A. et al.",84,Myeloid_7
Kerr,4973,2,myC08,0.059140909125820998,"Kerr, A. et al.",84,Myeloid_8
Kerr,4973,2,myC09,-0.0034287112080092501,"Kerr, A. et al.",84,Myeloid_9
Kerr,4973,2,myC11,1.1351659350522501,"Kerr, A. et al.",84,Myeloid_11
Kerr,4973,2,myC12,1.1949750542745301,"Kerr, A. et al.",84,Myeloid_12
Kerr,4973,2,myC13,2.4415288668290001,"Kerr, A. et al.",84,Myeloid_13
Kerr,4973,2,myC02,-0.31655102097723498,"Kerr, A. et al.",84,Myeloid_2
Kerr,4973,2,myC06,1.2127233394068999,"Kerr, A. et al.",84,Myeloid_6
Kerr,4973,2,myC10,0.65045889655927602,"Kerr, A. et al.",84,Myeloid_10
Kerr,4973,2,myC15,0.10208886779160301,"Kerr, A. et al.",84,Myeloid_15
Kerr,4973,2,myC05,1.4759230749588399,"Kerr, A. et al.",84,Myeloid_5
Kerr,4973,2,myC14,1.80625760580385,"Kerr, A. et al.",84,Myeloid_14
Kerr,4973,2,myC03,2.4899637507065999,"Kerr, A. et al.",84,Myeloid_3
Kerr,4598,2,myC00,-0.71617434719680595,"Kerr, A. et al.",85,Myeloid_0
Kerr,4598,2,myC01,-0.59553708030396801,"Kerr, A. et al.",85,Myeloid_1
Kerr,4598,2,myC04,1.15995476945033,"Kerr, A. et al.",85,Myeloid_4
Kerr,4598,2,myC07,-0.020707908750873898,"Kerr, A. et al.",85,Myeloid_7
Kerr,4598,2,myC08,-0.0617843091988362,"Kerr, A. et al.",85,Myeloid_8
Kerr,4598,2,myC09,0.35424445723318798,"Kerr, A. et al.",85,Myeloid_9
Kerr,4598,2,myC11,-1.1918278024823501,"Kerr, A. et al.",85,Myeloid_11
Kerr,4598,2,myC12,1.47717367710516,"Kerr, A. et al.",85,Myeloid_12
Kerr,4598,2,myC13,-0.214740362007554,"Kerr, A. et al.",85,Myeloid_13
Kerr,4598,2,myC02,-0.71064247220733501,"Kerr, A. et al.",85,Myeloid_2
Kerr,4598,2,myC06,-0.67088605214011898,"Kerr, A. et al.",85,Myeloid_6
Kerr,4598,2,myC10,-1.0502674075662899,"Kerr, A. et al.",85,Myeloid_10
Kerr,4598,2,myC15,0.69744422579417098,"Kerr, A. et al.",85,Myeloid_15
Kerr,4598,2,myC05,1.4922246441465801,"Kerr, A. et al.",85,Myeloid_5
Kerr,4598,2,myC14,1.4045612291542899,"Kerr, A. et al.",85,Myeloid_14
Kerr,4598,2,myC03,0.605862633652831,"Kerr, A. et al.",85,Myeloid_3
Kerr,4914,0,myC00,4.60156058164862,"Kerr, A. et al.",86,Myeloid_0
Kerr,4914,0,myC01,2.3480091872653399,"Kerr, A. et al.",86,Myeloid_1
Kerr,4914,0,myC04,3.2047084984911902,"Kerr, A. et al.",86,Myeloid_4
Kerr,4914,0,myC07,1.3145048990864601,"Kerr, A. et al.",86,Myeloid_7
Kerr,4914,0,myC08,4.6683786071491102,"Kerr, A. et al.",86,Myeloid_8
Kerr,4914,0,myC09,2.9568013841865399,"Kerr, A. et al.",86,Myeloid_9
Kerr,4914,0,myC11,3.5129243315110901,"Kerr, A. et al.",86,Myeloid_11
Kerr,4914,0,myC12,2.8985570602340598,"Kerr, A. et al.",86,Myeloid_12
Kerr,4914,0,myC13,5.0377890024140601,"Kerr, A. et al.",86,Myeloid_13
Kerr,4914,0,myC02,2.7463921326281602,"Kerr, A. et al.",86,Myeloid_2
Kerr,4914,0,myC06,3.7105669692900798,"Kerr, A. et al.",86,Myeloid_6
Kerr,4914,0,myC10,1.95774382832543,"Kerr, A. et al.",86,Myeloid_10
Kerr,4914,0,myC15,2.8468157992762699,"Kerr, A. et al.",86,Myeloid_15
Kerr,4914,0,myC05,1.7782523452207399,"Kerr, A. et al.",86,Myeloid_5
Kerr,4914,0,myC14,0.44379051690316701,"Kerr, A. et al.",86,Myeloid_14
Kerr,4914,0,myC03,4.3284408008785098,"Kerr, A. et al.",86,Myeloid_3
Kerr,4986,0,myC00,1.48892806831652,"Kerr, A. et al.",87,Myeloid_0
Kerr,4986,0,myC01,-0.081350805910132801,"Kerr, A. et al.",87,Myeloid_1
Kerr,4986,0,myC04,2.1000232362096698,"Kerr, A. et al.",87,Myeloid_4
Kerr,4986,0,myC07,0.97766314427309398,"Kerr, A. et al.",87,Myeloid_7
Kerr,4986,0,myC08,3.8056280525668602,"Kerr, A. et al.",87,Myeloid_8
Kerr,4986,0,myC09,2.4640947113396701,"Kerr, A. et al.",87,Myeloid_9
Kerr,4986,0,myC11,1.47661184528654,"Kerr, A. et al.",87,Myeloid_11
Kerr,4986,0,myC12,3.2242585887939299,"Kerr, A. et al.",87,Myeloid_12
Kerr,4986,0,myC13,3.0155716687039602,"Kerr, A. et al.",87,Myeloid_13
Kerr,4986,0,myC02,0.158889119864664,"Kerr, A. et al.",87,Myeloid_2
Kerr,4986,0,myC06,1.7733292014544499,"Kerr, A. et al.",87,Myeloid_6
Kerr,4986,0,myC10,0.32330213732378998,"Kerr, A. et al.",87,Myeloid_10
Kerr,4986,0,myC15,1.7806351692560001,"Kerr, A. et al.",87,Myeloid_15
Kerr,4986,0,myC05,4.8401538183884902,"Kerr, A. et al.",87,Myeloid_5
Kerr,4986,0,myC14,4.0321503107363297,"Kerr, A. et al.",87,Myeloid_14
Kerr,4986,0,myC03,2.4522052368281799,"Kerr, A. et al.",87,Myeloid_3
Kerr,4659,0,myC00,3.9771921895638198,"Kerr, A. et al.",88,Myeloid_0
Kerr,4659,0,myC01,3.0421501459139,"Kerr, A. et al.",88,Myeloid_1
Kerr,4659,0,myC04,6.5694210225012704,"Kerr, A. et al.",88,Myeloid_4
Kerr,4659,0,myC07,0.36227338039420798,"Kerr, A. et al.",88,Myeloid_7
Kerr,4659,0,myC08,4.0821100366125904,"Kerr, A. et al.",88,Myeloid_8
Kerr,4659,0,myC09,10.3634953693409,"Kerr, A. et al.",88,Myeloid_9
Kerr,4659,0,myC11,2.9979527437028701,"Kerr, A. et al.",88,Myeloid_11
Kerr,4659,0,myC12,3.5925488417925502,"Kerr, A. et al.",88,Myeloid_12
Kerr,4659,0,myC13,7.4766640024734299,"Kerr, A. et al.",88,Myeloid_13
Kerr,4659,0,myC02,2.9945943168782598,"Kerr, A. et al.",88,Myeloid_2
Kerr,4659,0,myC06,7.80964101048502,"Kerr, A. et al.",88,Myeloid_6
Kerr,4659,0,myC10,3.0889031929761699,"Kerr, A. et al.",88,Myeloid_10
Kerr,4659,0,myC15,6.4802669314532704,"Kerr, A. et al.",88,Myeloid_15
Kerr,4659,0,myC05,3.9965892886850001,"Kerr, A. et al.",88,Myeloid_5
Kerr,4659,0,myC14,3.8538945408209799,"Kerr, A. et al.",88,Myeloid_14
Kerr,4659,0,myC03,4.9457466052715997,"Kerr, A. et al.",88,Myeloid_3
Kerr,4958,5,myC00,-4.5792967900883896,"Kerr, A. et al.",89,Myeloid_0
Kerr,4958,5,myC01,-3.09086067746258,"Kerr, A. et al.",89,Myeloid_1
Kerr,4958,5,myC04,1.26958049959518,"Kerr, A. et al.",89,Myeloid_4
Kerr,4958,5,myC07,-1.9574799435284,"Kerr, A. et al.",89,Myeloid_7
Kerr,4958,5,myC08,-5.0075019089891004,"Kerr, A. et al.",89,Myeloid_8
Kerr,4958,5,myC09,1.03829179839991,"Kerr, A. et al.",89,Myeloid_9
Kerr,4958,5,myC11,-3.8658195983079802,"Kerr, A. et al.",89,Myeloid_11
Kerr,4958,5,myC12,-3.8962599535812101,"Kerr, A. et al.",89,Myeloid_12
Kerr,4958,5,myC13,-3.6565598179097898,"Kerr, A. et al.",89,Myeloid_13
Kerr,4958,5,myC02,-3.5427643104769202,"Kerr, A. et al.",89,Myeloid_2
Kerr,4958,5,myC06,-1.7824899421837701,"Kerr, A. et al.",89,Myeloid_6
Kerr,4958,5,myC10,-1.7833053230739699,"Kerr, A. et al.",89,Myeloid_10
Kerr,4958,5,myC15,-1.2527242571768999,"Kerr, A. et al.",89,Myeloid_15
Kerr,4958,5,myC05,-3.6231418105962301,"Kerr, A. et al.",89,Myeloid_5
Kerr,4958,5,myC14,0.423589842259531,"Kerr, A. et al.",89,Myeloid_14
Kerr,4958,5,myC03,-4.9528266925017199,"Kerr, A. et al.",89,Myeloid_3
Kerr,4975,2,myC00,0.219355155782122,"Kerr, A. et al.",90,Myeloid_0
Kerr,4975,2,myC01,-1.2620427600055999,"Kerr, A. et al.",90,Myeloid_1
Kerr,4975,2,myC04,-1.61615420778137,"Kerr, A. et al.",90,Myeloid_4
Kerr,4975,2,myC07,-1.4071151299956799,"Kerr, A. et al.",90,Myeloid_7
Kerr,4975,2,myC08,-0.161367476621672,"Kerr, A. et al.",90,Myeloid_8
Kerr,4975,2,myC09,-1.90481457284817,"Kerr, A. et al.",90,Myeloid_9
Kerr,4975,2,myC11,-0.468478641411333,"Kerr, A. et al.",90,Myeloid_11
Kerr,4975,2,myC12,0.76341507836369205,"Kerr, A. et al.",90,Myeloid_12
Kerr,4975,2,myC13,-0.44335505270603698,"Kerr, A. et al.",90,Myeloid_13
Kerr,4975,2,myC02,-1.7073591857948101,"Kerr, A. et al.",90,Myeloid_2
Kerr,4975,2,myC06,-0.52941571804279897,"Kerr, A. et al.",90,Myeloid_6
Kerr,4975,2,myC10,-0.24980373871237299,"Kerr, A. et al.",90,Myeloid_10
Kerr,4975,2,myC15,-1.2994833409620801,"Kerr, A. et al.",90,Myeloid_15
Kerr,4975,2,myC05,-0.19330869067449899,"Kerr, A. et al.",90,Myeloid_5
Kerr,4975,2,myC14,-0.73801361150532996,"Kerr, A. et al.",90,Myeloid_14
Kerr,4975,2,myC03,-1.09735852944464,"Kerr, A. et al.",90,Myeloid_3
Kerr,4944,2,myC00,1.8769132174385299,"Kerr, A. et al.",91,Myeloid_0
Kerr,4944,2,myC01,1.0974193232306799,"Kerr, A. et al.",91,Myeloid_1
Kerr,4944,2,myC04,0.71256283317497304,"Kerr, A. et al.",91,Myeloid_4
Kerr,4944,2,myC07,-0.62336344696272805,"Kerr, A. et al.",91,Myeloid_7
Kerr,4944,2,myC08,1.4849466525189301,"Kerr, A. et al.",91,Myeloid_8
Kerr,4944,2,myC09,-0.19355234893628201,"Kerr, A. et al.",91,Myeloid_9
Kerr,4944,2,myC11,1.6586896140593801,"Kerr, A. et al.",91,Myeloid_11
Kerr,4944,2,myC12,2.6031793270140202,"Kerr, A. et al.",91,Myeloid_12
Kerr,4944,2,myC13,1.73452868325304,"Kerr, A. et al.",91,Myeloid_13
Kerr,4944,2,myC02,-1.0487928980696899,"Kerr, A. et al.",91,Myeloid_2
Kerr,4944,2,myC06,1.61868006355622,"Kerr, A. et al.",91,Myeloid_6
Kerr,4944,2,myC10,0.161597280217818,"Kerr, A. et al.",91,Myeloid_10
Kerr,4944,2,myC15,-0.016947190705444402,"Kerr, A. et al.",91,Myeloid_15
Kerr,4944,2,myC05,-0.044399106713144301,"Kerr, A. et al.",91,Myeloid_5
Kerr,4944,2,myC14,-0.92506609340447299,"Kerr, A. et al.",91,Myeloid_14
Kerr,4944,2,myC03,1.2119382970910599,"Kerr, A. et al.",91,Myeloid_3
Kerr,4944,0,myC00,3.9350237823377001,"Kerr, A. et al.",92,Myeloid_0
Kerr,4944,0,myC01,2.53734783352354,"Kerr, A. et al.",92,Myeloid_1
Kerr,4944,0,myC04,-0.25534318476262102,"Kerr, A. et al.",92,Myeloid_4
Kerr,4944,0,myC07,1.4850073526379299,"Kerr, A. et al.",92,Myeloid_7
Kerr,4944,0,myC08,4.0777490359526896,"Kerr, A. et al.",92,Myeloid_8
Kerr,4944,0,myC09,0.74911674262783801,"Kerr, A. et al.",92,Myeloid_9
Kerr,4944,0,myC11,2.62656264479434,"Kerr, A. et al.",92,Myeloid_11
Kerr,4944,0,myC12,4.0708259811763101,"Kerr, A. et al.",92,Myeloid_12
Kerr,4944,0,myC13,3.6957463794266801,"Kerr, A. et al.",92,Myeloid_13
Kerr,4944,0,myC02,4.4257109277564401,"Kerr, A. et al.",92,Myeloid_2
Kerr,4944,0,myC06,4.7760018931985702,"Kerr, A. et al.",92,Myeloid_6
Kerr,4944,0,myC10,3.7136356546238698,"Kerr, A. et al.",92,Myeloid_10
Kerr,4944,0,myC15,1.8489377974049399,"Kerr, A. et al.",92,Myeloid_15
Kerr,4944,0,myC05,4.04304757316857,"Kerr, A. et al.",92,Myeloid_5
Kerr,4944,0,myC14,1.5698804742232599,"Kerr, A. et al.",92,Myeloid_14
Kerr,4944,0,myC03,4.3494655951058103,"Kerr, A. et al.",92,Myeloid_3
Kerr,4919,2,myC00,1.9924056273520101,"Kerr, A. et al.",93,Myeloid_0
Kerr,4919,2,myC01,1.0055827216297399,"Kerr, A. et al.",93,Myeloid_1
Kerr,4919,2,myC04,-0.71789029506035695,"Kerr, A. et al.",93,Myeloid_4
Kerr,4919,2,myC07,1.2216466944650799,"Kerr, A. et al.",93,Myeloid_7
Kerr,4919,2,myC08,1.2552950652089701,"Kerr, A. et al.",93,Myeloid_8
Kerr,4919,2,myC09,-0.494904942481112,"Kerr, A. et al.",93,Myeloid_9
Kerr,4919,2,myC11,0.0714884967953619,"Kerr, A. et al.",93,Myeloid_11
Kerr,4919,2,myC12,0.35906705507315601,"Kerr, A. et al.",93,Myeloid_12
Kerr,4919,2,myC13,0.96070994932910203,"Kerr, A. et al.",93,Myeloid_13
Kerr,4919,2,myC02,-0.38510253481248202,"Kerr, A. et al.",93,Myeloid_2
Kerr,4919,2,myC06,0.194458825372269,"Kerr, A. et al.",93,Myeloid_6
Kerr,4919,2,myC10,-0.69531190126773701,"Kerr, A. et al.",93,Myeloid_10
Kerr,4919,2,myC15,-0.51721138568665403,"Kerr, A. et al.",93,Myeloid_15
Kerr,4919,2,myC05,-1.14739348545563,"Kerr, A. et al.",93,Myeloid_5
Kerr,4919,2,myC14,-2.1779185357318398,"Kerr, A. et al.",93,Myeloid_14
Kerr,4919,2,myC03,-0.651764109854297,"Kerr, A. et al.",93,Myeloid_3
Kerr,4988,5,myC00,-0.94021644935771798,"Kerr, A. et al.",94,Myeloid_0
Kerr,4988,5,myC01,-0.82498661988346,"Kerr, A. et al.",94,Myeloid_1
Kerr,4988,5,myC04,-1.0004015853466901,"Kerr, A. et al.",94,Myeloid_4
Kerr,4988,5,myC07,-0.204629547387776,"Kerr, A. et al.",94,Myeloid_7
Kerr,4988,5,myC08,-0.089363661915320206,"Kerr, A. et al.",94,Myeloid_8
Kerr,4988,5,myC09,-1.2190637118246299,"Kerr, A. et al.",94,Myeloid_9
Kerr,4988,5,myC11,-0.375798491290047,"Kerr, A. et al.",94,Myeloid_11
Kerr,4988,5,myC12,-0.22303329308324399,"Kerr, A. et al.",94,Myeloid_12
Kerr,4988,5,myC13,-0.72963223203346195,"Kerr, A. et al.",94,Myeloid_13
Kerr,4988,5,myC02,-1.19712689186029,"Kerr, A. et al.",94,Myeloid_2
Kerr,4988,5,myC06,-0.93278784081576605,"Kerr, A. et al.",94,Myeloid_6
Kerr,4988,5,myC10,-0.87233554814305603,"Kerr, A. et al.",94,Myeloid_10
Kerr,4988,5,myC15,-1.0224585311380401,"Kerr, A. et al.",94,Myeloid_15
Kerr,4988,5,myC05,-1.6436383913169501,"Kerr, A. et al.",94,Myeloid_5
Kerr,4988,5,myC14,-1.4922610477311999,"Kerr, A. et al.",94,Myeloid_14
Kerr,4988,5,myC03,-0.53393824742503504,"Kerr, A. et al.",94,Myeloid_3
Kerr,4625,0,myC00,1.5850394138814301,"Kerr, A. et al.",95,Myeloid_0
Kerr,4625,0,myC01,1.06542376803063,"Kerr, A. et al.",95,Myeloid_1
Kerr,4625,0,myC04,-0.12309297686731201,"Kerr, A. et al.",95,Myeloid_4
Kerr,4625,0,myC07,1.11216551404969,"Kerr, A. et al.",95,Myeloid_7
Kerr,4625,0,myC08,3.7257127014437601,"Kerr, A. et al.",95,Myeloid_8
Kerr,4625,0,myC09,-0.089880058241449401,"Kerr, A. et al.",95,Myeloid_9
Kerr,4625,0,myC11,3.4113060663802299,"Kerr, A. et al.",95,Myeloid_11
Kerr,4625,0,myC12,0.83621595233534296,"Kerr, A. et al.",95,Myeloid_12
Kerr,4625,0,myC13,1.3082213908273801,"Kerr, A. et al.",95,Myeloid_13
Kerr,4625,0,myC02,2.7535022198438099,"Kerr, A. et al.",95,Myeloid_2
Kerr,4625,0,myC06,1.24528162539732,"Kerr, A. et al.",95,Myeloid_6
Kerr,4625,0,myC10,2.69380543275485,"Kerr, A. et al.",95,Myeloid_10
Kerr,4625,0,myC15,1.10805087379768,"Kerr, A. et al.",95,Myeloid_15
Kerr,4625,0,myC05,2.7322617121115602,"Kerr, A. et al.",95,Myeloid_5
Kerr,4625,0,myC14,0.13858940167238201,"Kerr, A. et al.",95,Myeloid_14
Kerr,4625,0,myC03,2.7846952742607902,"Kerr, A. et al.",95,Myeloid_3
Kerr,4946,2,myC00,-0.747731310603724,"Kerr, A. et al.",96,Myeloid_0
Kerr,4946,2,myC01,-1.1412607016379901,"Kerr, A. et al.",96,Myeloid_1
Kerr,4946,2,myC04,1.3308864137041001,"Kerr, A. et al.",96,Myeloid_4
Kerr,4946,2,myC07,-1.04181524721359,"Kerr, A. et al.",96,Myeloid_7
Kerr,4946,2,myC08,-1.3015405401348099,"Kerr, A. et al.",96,Myeloid_8
Kerr,4946,2,myC09,0.50079519829513597,"Kerr, A. et al.",96,Myeloid_9
Kerr,4946,2,myC11,0.904642088013071,"Kerr, A. et al.",96,Myeloid_11
Kerr,4946,2,myC12,-2.3044139487863702,"Kerr, A. et al.",96,Myeloid_12
Kerr,4946,2,myC13,0.24477925888844901,"Kerr, A. et al.",96,Myeloid_13
Kerr,4946,2,myC02,-1.87237167308913,"Kerr, A. et al.",96,Myeloid_2
Kerr,4946,2,myC06,-2.48137315903158,"Kerr, A. et al.",96,Myeloid_6
Kerr,4946,2,myC10,-1.2271888071994299,"Kerr, A. et al.",96,Myeloid_10
Kerr,4946,2,myC15,-0.56410284358322804,"Kerr, A. et al.",96,Myeloid_15
Kerr,4946,2,myC05,-0.67135823017940299,"Kerr, A. et al.",96,Myeloid_5
Kerr,4946,2,myC14,1.30039108493366,"Kerr, A. et al.",96,Myeloid_14
Kerr,4946,2,myC03,-1.2826265131494801,"Kerr, A. et al.",96,Myeloid_3
Kerr,4962,5,myC00,-1.7798166474319701,"Kerr, A. et al.",97,Myeloid_0
Kerr,4962,5,myC01,-1.1140910237753301,"Kerr, A. et al.",97,Myeloid_1
Kerr,4962,5,myC04,-4.3184498952156103,"Kerr, A. et al.",97,Myeloid_4
Kerr,4962,5,myC07,-1.03429426512695,"Kerr, A. et al.",97,Myeloid_7
Kerr,4962,5,myC08,-1.5355481492184599,"Kerr, A. et al.",97,Myeloid_8
Kerr,4962,5,myC09,-3.5063209526194798,"Kerr, A. et al.",97,Myeloid_9
Kerr,4962,5,myC11,-0.59851778375971998,"Kerr, A. et al.",97,Myeloid_11
Kerr,4962,5,myC12,-0.79634805542835696,"Kerr, A. et al.",97,Myeloid_12
Kerr,4962,5,myC13,-2.6311011292406898,"Kerr, A. et al.",97,Myeloid_13
Kerr,4962,5,myC02,0.046865054436081403,"Kerr, A. et al.",97,Myeloid_2
Kerr,4962,5,myC06,-0.32784688867318001,"Kerr, A. et al.",97,Myeloid_6
Kerr,4962,5,myC10,0.65537670612791599,"Kerr, A. et al.",97,Myeloid_10
Kerr,4962,5,myC15,-1.4947633408620999,"Kerr, A. et al.",97,Myeloid_15
Kerr,4962,5,myC05,-2.0680146594337399,"Kerr, A. et al.",97,Myeloid_5
Kerr,4962,5,myC14,-2.6628875254218101,"Kerr, A. et al.",97,Myeloid_14
Kerr,4962,5,myC03,-1.2443285071221299,"Kerr, A. et al.",97,Myeloid_3
Kerr,4908,2,myC00,0.62234770786959703,"Kerr, A. et al.",98,Myeloid_0
Kerr,4908,2,myC01,0.81320624673905495,"Kerr, A. et al.",98,Myeloid_1
Kerr,4908,2,myC04,1.7955381557651,"Kerr, A. et al.",98,Myeloid_4
Kerr,4908,2,myC07,-1.3237064288342799,"Kerr, A. et al.",98,Myeloid_7
Kerr,4908,2,myC08,-0.70348653362814195,"Kerr, A. et al.",98,Myeloid_8
Kerr,4908,2,myC09,0.25890084387004902,"Kerr, A. et al.",98,Myeloid_9
Kerr,4908,2,myC11,0.146929104770641,"Kerr, A. et al.",98,Myeloid_11
Kerr,4908,2,myC12,-0.55651864921091099,"Kerr, A. et al.",98,Myeloid_12
Kerr,4908,2,myC13,1.0941981384744299,"Kerr, A. et al.",98,Myeloid_13
Kerr,4908,2,myC02,-1.6538311994091,"Kerr, A. et al.",98,Myeloid_2
Kerr,4908,2,myC06,-0.31995113702267303,"Kerr, A. et al.",98,Myeloid_6
Kerr,4908,2,myC10,-0.258994888448973,"Kerr, A. et al.",98,Myeloid_10
Kerr,4908,2,myC15,0.21819147333719799,"Kerr, A. et al.",98,Myeloid_15
Kerr,4908,2,myC05,-2.42231482059946,"Kerr, A. et al.",98,Myeloid_5
Kerr,4908,2,myC14,-1.9315106487026501,"Kerr, A. et al.",98,Myeloid_14
Kerr,4908,2,myC03,0.173589533333951,"Kerr, A. et al.",98,Myeloid_3
Kerr,4914,2,myC00,-1.21121144537807,"Kerr, A. et al.",99,Myeloid_0
Kerr,4914,2,myC01,0.118822100609418,"Kerr, A. et al.",99,Myeloid_1
Kerr,4914,2,myC04,-0.401891520410874,"Kerr, A. et al.",99,Myeloid_4
Kerr,4914,2,myC07,-0.24168617171419801,"Kerr, A. et al.",99,Myeloid_7
Kerr,4914,2,myC08,-2.45127702605404,"Kerr, A. et al.",99,Myeloid_8
Kerr,4914,2,myC09,-1.20903895217199,"Kerr, A. et al.",99,Myeloid_9
Kerr,4914,2,myC11,0.33262210138342402,"Kerr, A. et al.",99,Myeloid_11
Kerr,4914,2,myC12,-3.32473421898449,"Kerr, A. et al.",99,Myeloid_12
Kerr,4914,2,myC13,-0.44293530560407202,"Kerr, A. et al.",99,Myeloid_13
Kerr,4914,2,myC02,-2.86064295081056,"Kerr, A. et al.",99,Myeloid_2
Kerr,4914,2,myC06,-2.18450063167937,"Kerr, A. et al.",99,Myeloid_6
Kerr,4914,2,myC10,-0.64028752568877101,"Kerr, A. et al.",99,Myeloid_10
Kerr,4914,2,myC15,-0.50709820647043702,"Kerr, A. et al.",99,Myeloid_15
Kerr,4914,2,myC05,-2.8893789757286901,"Kerr, A. et al.",99,Myeloid_5
Kerr,4914,2,myC14,-1.1363455163349201,"Kerr, A. et al.",99,Myeloid_14
Kerr,4914,2,myC03,-1.0380630471967001,"Kerr, A. et al.",99,Myeloid_3
Kerr,4930,2,myC00,-2.2433393876348702,"Kerr, A. et al.",100,Myeloid_0
Kerr,4930,2,myC01,-2.1230864791906998,"Kerr, A. et al.",100,Myeloid_1
Kerr,4930,2,myC04,0.20609917636613001,"Kerr, A. et al.",100,Myeloid_4
Kerr,4930,2,myC07,-0.65182813326674405,"Kerr, A. et al.",100,Myeloid_7
Kerr,4930,2,myC08,-3.4589040919260499,"Kerr, A. et al.",100,Myeloid_8
Kerr,4930,2,myC09,-0.089183862709666106,"Kerr, A. et al.",100,Myeloid_9
Kerr,4930,2,myC11,-1.85523774936398,"Kerr, A. et al.",100,Myeloid_11
Kerr,4930,2,myC12,-2.6294942187138202,"Kerr, A. et al.",100,Myeloid_12
Kerr,4930,2,myC13,-2.2546372193995801,"Kerr, A. et al.",100,Myeloid_13
Kerr,4930,2,myC02,-3.4028232014962301,"Kerr, A. et al.",100,Myeloid_2
Kerr,4930,2,myC06,-1.5616998641231301,"Kerr, A. et al.",100,Myeloid_6
Kerr,4930,2,myC10,-2.2584452515868398,"Kerr, A. et al.",100,Myeloid_10
Kerr,4930,2,myC15,-1.37029704383495,"Kerr, A. et al.",100,Myeloid_15
Kerr,4930,2,myC05,-1.6225132394731601,"Kerr, A. et al.",100,Myeloid_5
Kerr,4930,2,myC14,-0.25156662359374399,"Kerr, A. et al.",100,Myeloid_14
Kerr,4930,2,myC03,-2.0073436981891102,"Kerr, A. et al.",100,Myeloid_3
Kerr,4666,0,myC00,2.8526082181513299,"Kerr, A. et al.",101,Myeloid_0
Kerr,4666,0,myC01,2.65285108807057,"Kerr, A. et al.",101,Myeloid_1
Kerr,4666,0,myC04,2.3182656453324899,"Kerr, A. et al.",101,Myeloid_4
Kerr,4666,0,myC07,1.8957120396045399,"Kerr, A. et al.",101,Myeloid_7
Kerr,4666,0,myC08,4.0887938460919502,"Kerr, A. et al.",101,Myeloid_8
Kerr,4666,0,myC09,1.4130917862177901,"Kerr, A. et al.",101,Myeloid_9
Kerr,4666,0,myC11,2.8838390981797501,"Kerr, A. et al.",101,Myeloid_11
Kerr,4666,0,myC12,3.4920727124973201,"Kerr, A. et al.",101,Myeloid_12
Kerr,4666,0,myC13,2.3874325745110401,"Kerr, A. et al.",101,Myeloid_13
Kerr,4666,0,myC02,3.09733609924118,"Kerr, A. et al.",101,Myeloid_2
Kerr,4666,0,myC06,3.24284539246398,"Kerr, A. et al.",101,Myeloid_6
Kerr,4666,0,myC10,2.0113422221830999,"Kerr, A. et al.",101,Myeloid_10
Kerr,4666,0,myC15,1.2274392346544101,"Kerr, A. et al.",101,Myeloid_15
Kerr,4666,0,myC05,5.0385976675080704,"Kerr, A. et al.",101,Myeloid_5
Kerr,4666,0,myC14,3.7605227501180498,"Kerr, A. et al.",101,Myeloid_14
Kerr,4666,0,myC03,3.8303619260651902,"Kerr, A. et al.",101,Myeloid_3
Kerr,4642,2,myC00,-3.8963113292021201,"Kerr, A. et al.",102,Myeloid_0
Kerr,4642,2,myC01,-1.87916154951537,"Kerr, A. et al.",102,Myeloid_1
Kerr,4642,2,myC04,0.786955586379121,"Kerr, A. et al.",102,Myeloid_4
Kerr,4642,2,myC07,-0.69510610601575096,"Kerr, A. et al.",102,Myeloid_7
Kerr,4642,2,myC08,-5.3999600418420401,"Kerr, A. et al.",102,Myeloid_8
Kerr,4642,2,myC09,0.518338781271241,"Kerr, A. et al.",102,Myeloid_9
Kerr,4642,2,myC11,-1.7436675773473,"Kerr, A. et al.",102,Myeloid_11
Kerr,4642,2,myC12,-3.1287294746562302,"Kerr, A. et al.",102,Myeloid_12
Kerr,4642,2,myC13,-3.4322715508619202,"Kerr, A. et al.",102,Myeloid_13
Kerr,4642,2,myC02,-4.7251052540829903,"Kerr, A. et al.",102,Myeloid_2
Kerr,4642,2,myC06,-6.7127738232469198,"Kerr, A. et al.",102,Myeloid_6
Kerr,4642,2,myC10,-1.7888705115102801,"Kerr, A. et al.",102,Myeloid_10
Kerr,4642,2,myC15,-1.03645066183811,"Kerr, A. et al.",102,Myeloid_15
Kerr,4642,2,myC05,-3.7136224569760201,"Kerr, A. et al.",102,Myeloid_5
Kerr,4642,2,myC14,-2.03148030272345,"Kerr, A. et al.",102,Myeloid_14
Kerr,4642,2,myC03,-3.5241154531852699,"Kerr, A. et al.",102,Myeloid_3
Kerr,4971,2,myC00,-3.9498584848398601,"Kerr, A. et al.",103,Myeloid_0
Kerr,4971,2,myC01,-2.5854579138755902,"Kerr, A. et al.",103,Myeloid_1
Kerr,4971,2,myC04,0.31029608208995002,"Kerr, A. et al.",103,Myeloid_4
Kerr,4971,2,myC07,-0.92167562274993697,"Kerr, A. et al.",103,Myeloid_7
Kerr,4971,2,myC08,-3.3700161627424601,"Kerr, A. et al.",103,Myeloid_8
Kerr,4971,2,myC09,0.54366665696606298,"Kerr, A. et al.",103,Myeloid_9
Kerr,4971,2,myC11,-1.3190326863253601,"Kerr, A. et al.",103,Myeloid_11
Kerr,4971,2,myC12,-2.7344545627548298,"Kerr, A. et al.",103,Myeloid_12
Kerr,4971,2,myC13,-2.7225916186731798,"Kerr, A. et al.",103,Myeloid_13
Kerr,4971,2,myC02,-2.5852358725457498,"Kerr, A. et al.",103,Myeloid_2
Kerr,4971,2,myC06,-2.9865295040705999,"Kerr, A. et al.",103,Myeloid_6
Kerr,4971,2,myC10,-1.61344393467229,"Kerr, A. et al.",103,Myeloid_10
Kerr,4971,2,myC15,-0.53426008285748905,"Kerr, A. et al.",103,Myeloid_15
Kerr,4971,2,myC05,2.2589684267415802,"Kerr, A. et al.",103,Myeloid_5
Kerr,4971,2,myC14,3.8232464122840701,"Kerr, A. et al.",103,Myeloid_14
Kerr,4971,2,myC03,-1.5041074687242799,"Kerr, A. et al.",103,Myeloid_3
Kerr,4986,5,myC00,0.31681378527470999,"Kerr, A. et al.",104,Myeloid_0
Kerr,4986,5,myC01,-0.25975885498094903,"Kerr, A. et al.",104,Myeloid_1
Kerr,4986,5,myC04,-1.1597030473246399,"Kerr, A. et al.",104,Myeloid_4
Kerr,4986,5,myC07,-0.692551533868769,"Kerr, A. et al.",104,Myeloid_7
Kerr,4986,5,myC08,1.9551190251301001,"Kerr, A. et al.",104,Myeloid_8
Kerr,4986,5,myC09,-0.59349245262331596,"Kerr, A. et al.",104,Myeloid_9
Kerr,4986,5,myC11,0.863671317078613,"Kerr, A. et al.",104,Myeloid_11
Kerr,4986,5,myC12,0.78186229984083999,"Kerr, A. et al.",104,Myeloid_12
Kerr,4986,5,myC13,-0.63889121125627801,"Kerr, A. et al.",104,Myeloid_13
Kerr,4986,5,myC02,-0.28243586990622399,"Kerr, A. et al.",104,Myeloid_2
Kerr,4986,5,myC06,0.251946364900063,"Kerr, A. et al.",104,Myeloid_6
Kerr,4986,5,myC10,-0.0068608302889014098,"Kerr, A. et al.",104,Myeloid_10
Kerr,4986,5,myC15,0.235186440434241,"Kerr, A. et al.",104,Myeloid_15
Kerr,4986,5,myC05,-1.63089237798083,"Kerr, A. et al.",104,Myeloid_5
Kerr,4986,5,myC14,-0.154566510822683,"Kerr, A. et al.",104,Myeloid_14
Kerr,4986,5,myC03,-0.043108745851927498,"Kerr, A. et al.",104,Myeloid_3
Kerr,4980,0,myC00,2.9280284833727399,"Kerr, A. et al.",105,Myeloid_0
Kerr,4980,0,myC01,1.69354805029359,"Kerr, A. et al.",105,Myeloid_1
Kerr,4980,0,myC04,0.60196060601368195,"Kerr, A. et al.",105,Myeloid_4
Kerr,4980,0,myC07,2.6566355537496902,"Kerr, A. et al.",105,Myeloid_7
Kerr,4980,0,myC08,3.5015481921718701,"Kerr, A. et al.",105,Myeloid_8
Kerr,4980,0,myC09,1.6728236838647501,"Kerr, A. et al.",105,Myeloid_9
Kerr,4980,0,myC11,2.2445473448397699,"Kerr, A. et al.",105,Myeloid_11
Kerr,4980,0,myC12,2.4376331875544399,"Kerr, A. et al.",105,Myeloid_12
Kerr,4980,0,myC13,2.1184676469213599,"Kerr, A. et al.",105,Myeloid_13
Kerr,4980,0,myC02,2.9261654860726898,"Kerr, A. et al.",105,Myeloid_2
Kerr,4980,0,myC06,3.0130822198969698,"Kerr, A. et al.",105,Myeloid_6
Kerr,4980,0,myC10,1.6566802219877801,"Kerr, A. et al.",105,Myeloid_10
Kerr,4980,0,myC15,0.13409049852792601,"Kerr, A. et al.",105,Myeloid_15
Kerr,4980,0,myC05,4.1840724472361703,"Kerr, A. et al.",105,Myeloid_5
Kerr,4980,0,myC14,3.6495453493982999,"Kerr, A. et al.",105,Myeloid_14
Kerr,4980,0,myC03,3.1365776620491901,"Kerr, A. et al.",105,Myeloid_3
Kerr,4971,0,myC00,-1.4595190178122901,"Kerr, A. et al.",106,Myeloid_0
Kerr,4971,0,myC01,-2.08397718243712,"Kerr, A. et al.",106,Myeloid_1
Kerr,4971,0,myC04,-0.61044775118279904,"Kerr, A. et al.",106,Myeloid_4
Kerr,4971,0,myC07,1.7937510670076,"Kerr, A. et al.",106,Myeloid_7
Kerr,4971,0,myC08,7.3688680833203701,"Kerr, A. et al.",106,Myeloid_8
Kerr,4971,0,myC09,1.8052219932048099,"Kerr, A. et al.",106,Myeloid_9
Kerr,4971,0,myC11,0.078122206235109598,"Kerr, A. et al.",106,Myeloid_11
Kerr,4971,0,myC12,4.0961806515270602,"Kerr, A. et al.",106,Myeloid_12
Kerr,4971,0,myC13,0.92989063977750597,"Kerr, A. et al.",106,Myeloid_13
Kerr,4971,0,myC02,5.3818940375025601,"Kerr, A. et al.",106,Myeloid_2
Kerr,4971,0,myC06,3.8446132064307599,"Kerr, A. et al.",106,Myeloid_6
Kerr,4971,0,myC10,3.0251697449125698,"Kerr, A. et al.",106,Myeloid_10
Kerr,4971,0,myC15,3.8107501279335301,"Kerr, A. et al.",106,Myeloid_15
Kerr,4971,0,myC05,6.0756274201569704,"Kerr, A. et al.",106,Myeloid_5
Kerr,4971,0,myC14,2.9610869900580101,"Kerr, A. et al.",106,Myeloid_14
Kerr,4971,0,myC03,3.4781571617952798,"Kerr, A. et al.",106,Myeloid_3
Kerr,4988,2,myC00,-0.38119016884950702,"Kerr, A. et al.",107,Myeloid_0
Kerr,4988,2,myC01,0.25082777113147697,"Kerr, A. et al.",107,Myeloid_1
Kerr,4988,2,myC04,-0.95871151843448299,"Kerr, A. et al.",107,Myeloid_4
Kerr,4988,2,myC07,-0.19956902622609701,"Kerr, A. et al.",107,Myeloid_7
Kerr,4988,2,myC08,0.96625112568840199,"Kerr, A. et al.",107,Myeloid_8
Kerr,4988,2,myC09,-1.1013991665770999,"Kerr, A. et al.",107,Myeloid_9
Kerr,4988,2,myC11,0.67878439253783696,"Kerr, A. et al.",107,Myeloid_11
Kerr,4988,2,myC12,-1.0300276414460201,"Kerr, A. et al.",107,Myeloid_12
Kerr,4988,2,myC13,-0.68821384453025303,"Kerr, A. et al.",107,Myeloid_13
Kerr,4988,2,myC02,-0.32454122136976099,"Kerr, A. et al.",107,Myeloid_2
Kerr,4988,2,myC06,-0.76870499320770203,"Kerr, A. et al.",107,Myeloid_6
Kerr,4988,2,myC10,-1.1077937639456299,"Kerr, A. et al.",107,Myeloid_10
Kerr,4988,2,myC15,-0.38435243579522999,"Kerr, A. et al.",107,Myeloid_15
Kerr,4988,2,myC05,-1.69731402191641,"Kerr, A. et al.",107,Myeloid_5
Kerr,4988,2,myC14,-1.9480598544090599,"Kerr, A. et al.",107,Myeloid_14
Kerr,4988,2,myC03,0.29115970999798801,"Kerr, A. et al.",107,Myeloid_3
Kerr,4981,2,myC00,-2.30993057919772,"Kerr, A. et al.",108,Myeloid_0
Kerr,4981,2,myC01,-1.66575603137214,"Kerr, A. et al.",108,Myeloid_1
Kerr,4981,2,myC04,0.84553072267237395,"Kerr, A. et al.",108,Myeloid_4
Kerr,4981,2,myC07,-0.43269417522911202,"Kerr, A. et al.",108,Myeloid_7
Kerr,4981,2,myC08,-0.42670076014727498,"Kerr, A. et al.",108,Myeloid_8
Kerr,4981,2,myC09,-0.48915632734592901,"Kerr, A. et al.",108,Myeloid_9
Kerr,4981,2,myC11,-0.77275850991016204,"Kerr, A. et al.",108,Myeloid_11
Kerr,4981,2,myC12,0.36843789442235497,"Kerr, A. et al.",108,Myeloid_12
Kerr,4981,2,myC13,-2.4133694016265799,"Kerr, A. et al.",108,Myeloid_13
Kerr,4981,2,myC02,-1.6250254052763899,"Kerr, A. et al.",108,Myeloid_2
Kerr,4981,2,myC06,-0.70354947214463204,"Kerr, A. et al.",108,Myeloid_6
Kerr,4981,2,myC10,-0.90235937338897598,"Kerr, A. et al.",108,Myeloid_10
Kerr,4981,2,myC15,0.296912170423766,"Kerr, A. et al.",108,Myeloid_15
Kerr,4981,2,myC05,-2.1128840799956601,"Kerr, A. et al.",108,Myeloid_5
Kerr,4981,2,myC14,-1.0838699158085101,"Kerr, A. et al.",108,Myeloid_14
Kerr,4981,2,myC03,-1.73523969804085,"Kerr, A. et al.",108,Myeloid_3
Kerr,4930,5,myC00,-2.2224458583118598,"Kerr, A. et al.",109,Myeloid_0
Kerr,4930,5,myC01,-1.02601077226065,"Kerr, A. et al.",109,Myeloid_1
Kerr,4930,5,myC04,-1.12041917301776,"Kerr, A. et al.",109,Myeloid_4
Kerr,4930,5,myC07,-0.80379442196876305,"Kerr, A. et al.",109,Myeloid_7
Kerr,4930,5,myC08,-2.3048675796479499,"Kerr, A. et al.",109,Myeloid_8
Kerr,4930,5,myC09,-0.866079329735992,"Kerr, A. et al.",109,Myeloid_9
Kerr,4930,5,myC11,-1.45008793823674,"Kerr, A. et al.",109,Myeloid_11
Kerr,4930,5,myC12,-1.09020989542966,"Kerr, A. et al.",109,Myeloid_12
Kerr,4930,5,myC13,-2.3102275043471199,"Kerr, A. et al.",109,Myeloid_13
Kerr,4930,5,myC02,-1.4220498348424,"Kerr, A. et al.",109,Myeloid_2
Kerr,4930,5,myC06,-1.1554237128746201,"Kerr, A. et al.",109,Myeloid_6
Kerr,4930,5,myC10,-1.2547341365865501,"Kerr, A. et al.",109,Myeloid_10
Kerr,4930,5,myC15,-0.71850356978201702,"Kerr, A. et al.",109,Myeloid_15
Kerr,4930,5,myC05,-2.66844649756217,"Kerr, A. et al.",109,Myeloid_5
Kerr,4930,5,myC14,-1.1801983451536,"Kerr, A. et al.",109,Myeloid_14
Kerr,4930,5,myC03,-0.64866064650793398,"Kerr, A. et al.",109,Myeloid_3
Kerr,4810,0,myC00,4.0464327013078902,"Kerr, A. et al.",110,Myeloid_0
Kerr,4810,0,myC01,2.3589071997744799,"Kerr, A. et al.",110,Myeloid_1
Kerr,4810,0,myC04,-0.96866849250618503,"Kerr, A. et al.",110,Myeloid_4
Kerr,4810,0,myC07,0.61256094388614302,"Kerr, A. et al.",110,Myeloid_7
Kerr,4810,0,myC08,3.4819321000362198,"Kerr, A. et al.",110,Myeloid_8
Kerr,4810,0,myC09,-0.88155279163392797,"Kerr, A. et al.",110,Myeloid_9
Kerr,4810,0,myC11,2.85782947278858,"Kerr, A. et al.",110,Myeloid_11
Kerr,4810,0,myC12,3.3803024557898,"Kerr, A. et al.",110,Myeloid_12
Kerr,4810,0,myC13,3.0542720112828299,"Kerr, A. et al.",110,Myeloid_13
Kerr,4810,0,myC02,3.2897872905896199,"Kerr, A. et al.",110,Myeloid_2
Kerr,4810,0,myC06,3.4390797723223701,"Kerr, A. et al.",110,Myeloid_6
Kerr,4810,0,myC10,2.1247010541848601,"Kerr, A. et al.",110,Myeloid_10
Kerr,4810,0,myC15,0.98642590154689502,"Kerr, A. et al.",110,Myeloid_15
Kerr,4810,0,myC05,1.18661846094789,"Kerr, A. et al.",110,Myeloid_5
Kerr,4810,0,myC14,1.41671617374361,"Kerr, A. et al.",110,Myeloid_14
Kerr,4810,0,myC03,3.2103231442633802,"Kerr, A. et al.",110,Myeloid_3
Kerr,4962,2,myC00,-0.29310048701117303,"Kerr, A. et al.",111,Myeloid_0
Kerr,4962,2,myC01,-1.37719879103845,"Kerr, A. et al.",111,Myeloid_1
Kerr,4962,2,myC04,-2.3660752402628402,"Kerr, A. et al.",111,Myeloid_4
Kerr,4962,2,myC07,-0.98813043593591199,"Kerr, A. et al.",111,Myeloid_7
Kerr,4962,2,myC08,-1.94240314518102,"Kerr, A. et al.",111,Myeloid_8
Kerr,4962,2,myC09,-1.76410589537778,"Kerr, A. et al.",111,Myeloid_9
Kerr,4962,2,myC11,-0.249422455957759,"Kerr, A. et al.",111,Myeloid_11
Kerr,4962,2,myC12,-0.30658332082440098,"Kerr, A. et al.",111,Myeloid_12
Kerr,4962,2,myC13,-1.3247166503989001,"Kerr, A. et al.",111,Myeloid_13
Kerr,4962,2,myC02,-1.78550834085008,"Kerr, A. et al.",111,Myeloid_2
Kerr,4962,2,myC06,-1.6024100186313399,"Kerr, A. et al.",111,Myeloid_6
Kerr,4962,2,myC10,-1.1070551890973599,"Kerr, A. et al.",111,Myeloid_10
Kerr,4962,2,myC15,-0.97438558773938,"Kerr, A. et al.",111,Myeloid_15
Kerr,4962,2,myC05,-0.91313382313598301,"Kerr, A. et al.",111,Myeloid_5
Kerr,4962,2,myC14,-0.52317844555330195,"Kerr, A. et al.",111,Myeloid_14
Kerr,4962,2,myC03,-1.52736086052968,"Kerr, A. et al.",111,Myeloid_3
Kerr,4980,2,myC00,1.2782085551197999,"Kerr, A. et al.",112,Myeloid_0
Kerr,4980,2,myC01,0.388216653981721,"Kerr, A. et al.",112,Myeloid_1
Kerr,4980,2,myC04,-0.23100737457095899,"Kerr, A. et al.",112,Myeloid_4
Kerr,4980,2,myC07,0.0194337398064581,"Kerr, A. et al.",112,Myeloid_7
Kerr,4980,2,myC08,0.629173179955134,"Kerr, A. et al.",112,Myeloid_8
Kerr,4980,2,myC09,-0.57330671103728104,"Kerr, A. et al.",112,Myeloid_9
Kerr,4980,2,myC11,0.73511343824507003,"Kerr, A. et al.",112,Myeloid_11
Kerr,4980,2,myC12,0.0154002664342987,"Kerr, A. et al.",112,Myeloid_12
Kerr,4980,2,myC13,0.75120874897509304,"Kerr, A. et al.",112,Myeloid_13
Kerr,4980,2,myC02,1.49514009262591,"Kerr, A. et al.",112,Myeloid_2
Kerr,4980,2,myC06,0.47472065261483698,"Kerr, A. et al.",112,Myeloid_6
Kerr,4980,2,myC10,-0.177210535995171,"Kerr, A. et al.",112,Myeloid_10
Kerr,4980,2,myC15,-0.25830062588047797,"Kerr, A. et al.",112,Myeloid_15
Kerr,4980,2,myC05,-1.83847173156821,"Kerr, A. et al.",112,Myeloid_5
Kerr,4980,2,myC14,-1.4599530392848299,"Kerr, A. et al.",112,Myeloid_14
Kerr,4980,2,myC03,-0.059941421042666601,"Kerr, A. et al.",112,Myeloid_3
